rel_path,file_name,split,cls,ratio,pile_id,illum,illum_method,mean_R,mean_G,mean_B,mean_H,mean_S,mean_V,hue_std,sat_std,val_std,bright,contrast,roi_ok,source,frame_idx
pure/IMG (73).MOV#f00100,IMG (73).MOV,train,0,100_0,pure_B,ambient,ambient,163.43973203279438,129.81832872377143,32.591240188805266,22.331435717903776,204.80973566366484,163.43973203279438,0.5834041246446838,19.57563402190602,6.678234625496718,128.68871113063514,8.969269219086561,1,frame,100
pure/IMG (73).MOV#f00200,IMG (73).MOV,train,0,100_0,pure_B,ambient,ambient,153.781734595203,118.14962667047128,28.43236315213773,21.527905391480797,209.05428575957896,153.781734595203,0.6808000144314893,25.97519382502835,8.38159197742521,118.48975761322744,11.722782403470426,1,frame,200
pure/IMG (73).MOV#f00300,IMG (73).MOV,train,0,100_0,pure_B,ambient,ambient,160.22226993304855,126.09933023871042,24.87924677766837,22.46730039805636,215.72732522413807,160.22226993304855,0.6235923446048591,12.445719095303676,5.576993098209591,124.65630930435148,6.963536369772896,1,frame,300
pure/IMG (73).MOV#f00350,IMG (73).MOV,train,0,100_0,pure_B,ambient,ambient,164.19493355643326,130.44186863478845,25.890445399969305,22.751340869441147,215.19270471903891,164.19493355643326,0.5546774492552063,14.36073862829177,5.505941679536612,128.5190575325408,7.267097872939489,1,frame,350
pure/IMG (73).MOV#f00450,IMG (73).MOV,train,0,100_0,pure_B,ambient,ambient,181.0864517678132,154.01551113512215,33.63714268563539,24.495167777177503,207.9166528603157,181.0864517678132,0.5106490096659944,13.595135379780777,4.036299755849471,148.34948076115012,5.256486952504752,1,frame,450
pure/IMG (73).MOV#f00500,IMG (73).MOV,train,0,100_0,pure_B,ambient,ambient,145.5532056602536,107.02000357327822,25.11845417270694,20.374787129866046,212.1765425593266,145.5532056602536,0.624596822202577,25.889116173104934,7.709531083179312,109.14484102304311,10.733598800052135,1,frame,500
pure/IMG (73).MOV#f00600,IMG (73).MOV,train,0,100_0,pure_B,ambient,ambient,145.09315105992823,106.99286568742524,24.599831626473268,20.42060006974939,212.89325155904885,145.09315105992823,1.113538586530138,21.42364935728897,11.258634322452252,108.91270076386832,13.726806030761578,1,frame,600
pure/IMG (73).MOV#f00650,IMG (73).MOV,train,0,100_0,pure_B,ambient,ambient,164.9728334268776,132.85774765846986,28.754615094538185,22.956078770126634,210.96064782334165,164.9728334268776,0.3895851567366459,16.234913142158945,4.822864779849211,130.49073034693234,6.727399774371543,1,frame,650
pure/IMG (73).MOV#f00700,IMG (73).MOV,train,0,100_0,pure_B,ambient,ambient,172.53230974855902,143.3853078272492,46.42471973937015,22.95709965750564,188.5098187285941,172.53230974855902,0.7384568559629396,41.463694135065424,9.651549067455855,140.9827616740456,15.119608120585603,1,frame,700
pure/IMG (73).MOV#f00950,IMG (73).MOV,train,0,100_0,pure_B,ambient,ambient,169.38515910778625,138.4899571754222,36.456687639438734,23.00839342310262,201.73072772660868,169.38515910778625,0.6397540720581417,32.85057243052486,9.493417330135925,136.01744693036596,13.659248003528509,1,frame,950
pure/IMG (74).MOV#f00150,IMG (74).MOV,train,0,100_0,pure_C,ambient,ambient,139.39124328569812,102.46469957867131,22.618660933579164,20.41172398644826,215.46690939103692,139.39124328569812,1.5800091621056322,24.34367547789881,18.80782783859479,104.3285897802834,19.556174030385705,1,frame,150
pure/IMG (74).MOV#f00200,IMG (74).MOV,train,0,100_0,pure_C,ambient,ambient,140.12871352175227,104.1416821054568,23.767307869184176,20.65296884649244,213.52705401605635,140.12871352175227,1.3194924922622089,25.23071072701287,17.698013053089202,105.66411105417372,18.40831488858342,1,frame,200
pure/IMG (74).MOV#f00300,IMG (74).MOV,train,0,100_0,pure_C,ambient,ambient,138.81714755002182,104.92536927706692,27.66563483494521,20.76944591210861,206.19545266591624,138.81714755002182,1.3058268252295735,26.182468302464823,18.79198471275888,106.188543796375,19.17660453194078,1,frame,300
pure/IMG (74).MOV#f00350,IMG (74).MOV,train,0,100_0,pure_C,ambient,ambient,136.49194752981575,102.55598572379166,27.5058933565376,20.562425838634173,205.65897172212576,136.49194752981575,1.285675305999204,26.070817902401902,19.704238564906436,104.08229294146662,19.752410385474796,1,frame,350
pure/IMG (74).MOV#f00500,IMG (74).MOV,train,0,100_0,pure_C,ambient,ambient,137.8291826076837,103.57184004189516,28.052856290822337,20.571789127620267,205.0287811122587,137.8291826076837,1.280187161369893,29.020329880562013,16.821479520696617,105.14079251705628,18.02903119925721,1,frame,500
pure/IMG (74).MOV#f00700,IMG (74).MOV,train,0,100_0,pure_C,ambient,ambient,141.63935215352012,107.24345314618812,29.93313139495976,20.65836018996296,203.06464376075,141.63935215352012,1.4589930929571937,25.92285003657109,18.645851641220336,108.649977399339,19.528696445712576,1,frame,700
pure/IMG (74).MOV#f00850,IMG (74).MOV,train,0,100_0,pure_C,ambient,ambient,148.68639069622242,114.47639577409969,26.02974608637924,21.52350741034188,212.58943880565167,148.68639069622242,1.6119499152602008,30.61985664870112,20.376749334278653,114.54808868305156,21.972467252923263,1,frame,850
pure/IMG (74).MOV#f00900,IMG (74).MOV,train,0,100_0,pure_C,ambient,ambient,151.87177485039615,118.1246687623548,26.25229482338106,21.866160919230744,212.74189379303849,151.87177485039615,1.480197630146587,28.61023217218796,18.405832421232915,117.66481330649776,20.063527313972777,1,frame,900
pure/IMG (74).MOV#f00950,IMG (74).MOV,train,0,100_0,pure_C,ambient,ambient,152.44177617275795,119.32252047119428,25.286224969048416,22.11911961417566,214.20262084394096,152.44177617275795,1.4744319827824195,24.53882890402189,17.616745944481984,118.43419842868856,19.03174889778736,1,frame,950
pure/IMG (74).MOV#f01000,IMG (74).MOV,train,0,100_0,pure_C,ambient,ambient,154.8616585392066,122.3402204041788,25.66168272007953,22.396624529256616,214.0567310146563,154.8616585392066,1.3200326254057984,23.367740786401068,16.079379722428563,120.96721252748335,17.547293589784537,1,frame,1000
pure/IMG (74).MOV#f01050,IMG (74).MOV,train,0,100_0,pure_C,ambient,ambient,148.6874265336792,114.95098773453424,23.73809039643295,21.779127381300743,215.51242169792133,148.6874265336792,1.590875939973558,23.76997691253881,18.27966870184282,114.5670434424644,19.26454815979618,1,frame,1050
pure/IMG (74).MOV#f01100,IMG (74).MOV,train,0,100_0,pure_C,ambient,ambient,152.16575052854122,119.18254128749578,25.51412813677728,22.157784110059136,213.64626037932408,152.16575052854122,1.2411759191879848,24.59628713717785,15.584294395992526,118.2893219352269,17.075725042249072,1,frame,1100
pure/IMG (74).MOV#f01250,IMG (74).MOV,train,0,100_0,pure_C,ambient,ambient,159.59191888715978,128.8325499412456,32.53565757296662,22.733421729602693,204.2031711499984,159.59191888715978,0.9782816177920688,25.057408923678697,11.856636680946366,126.97445771270684,14.18980437099125,1,frame,1250
adulterated/ratio_95_5/IMG (79).MOV#f00000,IMG (79).MOV,train,1,95_5,yellow_dye_95_5_d2,cycling,SVI_colored,136.9904805867886,68.36273040113998,12.921769752473642,13.271602784497835,231.7934413929282,136.9904805867886,2.31781052186674,19.725891157936413,24.20929955180778,82.49543095955254,17.985225445655736,1,frame,0
adulterated/ratio_95_5/IMG (79).MOV#f00010,IMG (79).MOV,train,1,95_5,yellow_dye_95_5_d2,cycling,SVI_colored,51.088780687081474,45.28981246860216,48.31487554031897,82.34042717631927,61.98663762883468,56.54454353742623,68.59721892870137,27.03506809863072,23.355537696309685,47.30707231303445,11.946013176148856,1,frame,10
adulterated/ratio_95_5/IMG (79).MOV#f00020,IMG (79).MOV,train,1,95_5,yellow_dye_95_5_d2,cycling,SVI_colored,147.497584458032,99.21208358219216,18.961314089205327,18.5021176275124,223.130043956705,147.497584458032,2.059332861272549,20.82006828158705,25.580222416079145,104.44117979853534,24.228763423984248,1,frame,20
adulterated/ratio_95_5/IMG (79).MOV#f00030,IMG (79).MOV,train,1,95_5,yellow_dye_95_5_d2,cycling,SVI_colored,137.2741158020157,73.96526177148502,15.060530094470602,14.259186527670757,227.83172827227085,137.2741158020157,1.6474213587169109,20.71356370976416,23.607993683204448,86.10489529480056,19.026579628089483,1,frame,30
adulterated/ratio_95_5/IMG (79).MOV#f00040,IMG (79).MOV,train,1,95_5,yellow_dye_95_5_d2,cycling,SVI_colored,47.14013721802139,34.86958922958456,49.72445781839757,146.72513475642853,86.06058674274462,53.96169856217731,30.9795133144833,29.863026447195317,23.637003825671915,40.17012446823283,10.90317120932454,1,frame,40
adulterated/ratio_95_5/IMG (79).MOV#f00050,IMG (79).MOV,train,1,95_5,yellow_dye_95_5_d2,cycling,SVI_colored,137.59843336416483,70.8040051846849,16.763443292118936,15.774461527423146,225.16348758966743,137.59843336416483,20.18987005781875,28.36028976058512,24.682819004557977,84.54145954183232,19.31444235284676,1,frame,50
adulterated/ratio_95_5/IMG (79).MOV#f00060,IMG (79).MOV,train,1,95_5,yellow_dye_95_5_d2,cycling,SVI_colored,121.84687264657408,86.87230258774574,16.14731465231498,19.892083471790617,222.08508652258203,121.84864434317814,1.934210377611653,18.324007868019,23.97547823655658,89.20164779473033,21.45702932577823,1,frame,60
adulterated/ratio_95_5/IMG (79).MOV#f00070,IMG (79).MOV,train,1,95_5,yellow_dye_95_5_d2,cycling,SVI_colored,41.971588125796025,32.99673319660086,48.445263375985945,141.314196139904,83.80512088296845,50.3624208394432,26.151922580504536,34.06323588709353,24.14232309908096,37.37292793277516,11.323238045847951,1,frame,70
adulterated/ratio_95_5/IMG (79).MOV#f00080,IMG (79).MOV,train,1,95_5,yellow_dye_95_5_d2,cycling,SVI_colored,139.23356997857496,72.1429354403707,21.0928686578727,17.115425230122362,217.6773882980348,139.23661256025292,25.6510969673056,29.44245097055384,23.341716010258125,86.30824583031298,18.237942151457503,1,frame,80
adulterated/ratio_95_5/IMG (79).MOV#f00090,IMG (79).MOV,train,1,95_5,yellow_dye_95_5_d2,cycling,SVI_colored,99.45246123072737,101.13104453491518,18.029273579005583,30.270407169968006,211.8164229068211,103.08726252151456,2.9204330440273587,17.086893924632204,23.782058849075717,91.09050154973716,21.51030671829807,1,frame,90
adulterated/ratio_95_5/IMG (79).MOV#f00100,IMG (79).MOV,train,1,95_5,yellow_dye_95_5_d2,cycling,SVI_colored,52.74769618547481,35.02584171097024,46.90360487764005,140.3173287550595,99.35671034608946,57.24861873729247,55.05061722425138,22.387686765502732,23.88335049072669,41.61754541366061,12.863907707552649,1,frame,100
adulterated/ratio_95_5/IMG (79).MOV#f00110,IMG (79).MOV,train,1,95_5,yellow_dye_95_5_d2,cycling,SVI_colored,103.24483289592536,80.620614362629,34.777199308682015,25.176383880626737,173.48559576389923,104.04579803842078,26.020431286150853,40.195017882534,19.54467215035718,82.08727178327324,18.63652744292961,1,frame,110
adulterated/ratio_95_5/IMG (79).MOV#f00120,IMG (79).MOV,train,1,95_5,yellow_dye_95_5_d2,cycling,SVI_colored,107.50318227727772,111.1529386863916,20.042745373258477,30.89429418055432,211.0074785372664,112.31100911980512,2.723179789852617,17.22468211298949,27.343902609041866,99.6111272019725,24.36696607393477,1,frame,120
adulterated/ratio_95_5/IMG (79).MOV#f00130,IMG (79).MOV,train,1,95_5,yellow_dye_95_5_d2,cycling,SVI_colored,68.76781791631143,44.25390765337037,47.95805204484887,79.38515833480793,108.82915712654096,72.04473805093667,80.82097268517731,13.377851971816478,22.045670300506828,51.93794226414217,13.17156255487708,1,frame,130
adulterated/ratio_95_5/IMG (79).MOV#f00140,IMG (79).MOV,train,1,95_5,yellow_dye_95_5_d2,cycling,SVI_colored,87.09833477272768,106.2780695307932,42.4104920225368,39.91270117994575,154.176337429796,106.75905253878766,11.909389763872111,38.00718802864208,28.3814524176827,93.19582557759053,22.3251436264119,1,frame,140
adulterated/ratio_95_5/IMG (79).MOV#f00150,IMG (79).MOV,train,1,95_5,yellow_dye_95_5_d2,cycling,SVI_colored,137.5924091009961,124.95259702418862,22.918553987323843,26.54135627285668,213.792351728132,138.19961426671887,2.4014563646111924,16.54214082186818,25.12045190965589,117.02427521654649,24.97553764322262,1,frame,150
adulterated/ratio_95_5/IMG (79).MOV#f00160,IMG (79).MOV,train,1,95_5,yellow_dye_95_5_d2,cycling,SVI_colored,99.73810667597004,54.75472856096487,38.48438730087987,21.657276823795232,162.57131062649893,100.32286093692632,42.66885651805931,24.70163615387797,21.70044804971837,66.28407714746534,15.598225810626996,1,frame,160
adulterated/ratio_95_5/IMG (79).MOV#f00170,IMG (79).MOV,train,1,95_5,yellow_dye_95_5_d2,cycling,SVI_colored,92.21772595739044,116.28478606000512,51.19851284155066,42.464085785716,144.3224837974418,116.72829004372804,11.83218783308083,35.92026189560372,25.878380327207093,101.60474220317998,19.947080264106724,1,frame,170
adulterated/ratio_95_5/IMG (79).MOV#f00180,IMG (79).MOV,train,1,95_5,yellow_dye_95_5_d2,cycling,SVI_colored,158.85535718662356,133.2798880979808,24.184118386454116,24.15094693057243,216.9996953856173,158.96526520708525,2.2812669723474635,17.318739385469865,24.226242335724574,128.4277906353836,25.109781441953583,1,frame,180
adulterated/ratio_95_5/IMG (79).MOV#f00190,IMG (79).MOV,train,1,95_5,yellow_dye_95_5_d2,cycling,SVI_colored,136.90036951915943,77.02943680756732,17.22765672967229,16.760619102577323,223.9867591739534,136.90036951915943,17.52205095853287,29.02046303900621,24.056465376829465,88.03884773881548,18.73893723270334,1,frame,190
adulterated/ratio_95_5/IMG (79).MOV#f00200,IMG (79).MOV,train,1,95_5,yellow_dye_95_5_d2,cycling,SVI_colored,70.68575716080485,81.40385676396099,64.18730265825562,48.26719822915905,67.5053078697395,84.16049741752362,24.4668713054348,27.59950655291836,24.24257838882465,76.17776710516695,15.181310970210696,1,frame,200
adulterated/ratio_95_5/IMG (79).MOV#f00210,IMG (79).MOV,train,1,95_5,yellow_dye_95_5_d2,cycling,SVI_colored,158.96492934341546,131.07882202527406,24.025703989488463,23.66370976052764,217.107933246596,159.00023831300155,2.1999783761935148,18.900749399723743,23.80838385711183,127.15147206585168,24.52817283121074,1,frame,210
adulterated/ratio_95_5/IMG (79).MOV#f00220,IMG (79).MOV,train,1,95_5,yellow_dye_95_5_d2,cycling,SVI_colored,146.51411456856485,86.00592845783044,17.61389820374046,16.077912911617126,225.0602785620061,146.51421936064503,8.370980940572203,24.979570363904816,24.37113780311989,96.22577299569735,20.25750329156603,1,frame,220
adulterated/ratio_95_5/IMG (79).MOV#f00230,IMG (79).MOV,train,1,95_5,yellow_dye_95_5_d2,cycling,SVI_colored,51.65863021078861,49.50178955961557,69.13573715237456,125.66824406340903,72.47574033892403,69.13943289274633,10.835678534189723,27.31539515907627,25.093253761255763,52.32395217547704,10.725543353039034,1,frame,230
adulterated/ratio_95_5/IMG (79).MOV#f00240,IMG (79).MOV,train,1,95_5,yellow_dye_95_5_d2,cycling,SVI_colored,150.8934567434579,102.01007696965034,21.6304720872122,18.59849673355656,219.13513676245785,150.89350357418823,5.218124650154403,28.76157258673084,21.32117736746319,107.40153337191292,19.526716683167937,1,frame,240
adulterated/ratio_95_5/IMG (79).MOV#f00250,IMG (79).MOV,train,1,95_5,yellow_dye_95_5_d2,cycling,SVI_colored,146.55659701191198,93.52083080961032,18.865011104381185,17.352193956524665,222.64787670771923,146.55659701191198,3.1704057428027603,22.769253325463566,22.24616802079985,100.80354667205062,19.620855017503708,1,frame,250
adulterated/ratio_95_5/IMG (79).MOV#f00260,IMG (79).MOV,train,1,95_5,yellow_dye_95_5_d2,cycling,SVI_colored,46.15056421936671,41.2272921179927,70.80232661661276,126.66321556815149,104.82263814286138,70.80233403567082,6.530197238252112,19.153495231859612,24.534958958591,46.01020305961955,9.428238024289035,1,frame,260
adulterated/ratio_95_5/IMG (79).MOV#f00270,IMG (79).MOV,train,1,95_5,yellow_dye_95_5_d2,cycling,SVI_colored,146.67085647244383,80.3619957227852,28.404934919127232,16.883050613708456,206.1705447135995,146.6977531996558,24.352922406552363,28.49226077756312,22.71273706810136,94.188415002496,17.51496327164999,1,frame,270
adulterated/ratio_95_5/IMG (79).MOV#f00280,IMG (79).MOV,train,1,95_5,yellow_dye_95_5_d2,cycling,SVI_colored,121.3381892432686,109.86133929723452,21.592933022850016,26.53268779018209,210.79393820235077,121.84480544615592,2.8663506778420245,23.93058510710702,21.083176672104333,103.15888922340258,21.077745172590166,1,frame,280
adulterated/ratio_95_5/IMG (79).MOV#f00290,IMG (79).MOV,train,1,95_5,yellow_dye_95_5_d2,cycling,SVI_colored,44.82207223075514,37.41887678176376,68.07848114516003,128.9224247084661,112.69835879453024,68.07848114516003,5.790574643232245,18.675737236649592,24.658800604925386,43.0701815129366,10.301455124361272,1,frame,290
adulterated/ratio_95_5/IMG (79).MOV#f00300,IMG (79).MOV,train,1,95_5,yellow_dye_95_5_d2,cycling,SVI_colored,132.65146556212832,79.08000203577483,42.95320849857691,18.625789352114666,173.52988282549887,132.77685167422905,31.34565061026914,26.53981321269441,21.682740032405057,90.91655867925192,16.9586369308,1,frame,300
adulterated/ratio_95_5/IMG (79).MOV#f00310,IMG (79).MOV,train,1,95_5,yellow_dye_95_5_d2,cycling,SVI_colored,101.82487808566135,120.3808074698522,22.02736173590897,35.47453596945526,209.2565777038521,120.38654594941973,2.846359344452033,16.570853558365677,25.572256595809755,103.56058481079651,20.892776249514508,1,frame,310
adulterated/ratio_95_5/IMG (79).MOV#f00320,IMG (79).MOV,train,1,95_5,yellow_dye_95_5_d2,cycling,SVI_colored,59.94607167974191,45.7087964216625,63.43177138226144,151.6610670723986,74.24484766545038,66.16970218834196,11.315651450311544,21.77660454085672,23.636820970084244,51.9204186156151,10.83612172871663,1,frame,320
adulterated/ratio_95_5/IMG (79).MOV#f00330,IMG (79).MOV,train,1,95_5,yellow_dye_95_5_d2,cycling,SVI_colored,92.11819692307692,97.80108923076924,54.042504615384615,35.350549743589745,119.07958974358976,99.67486974358974,16.20500907064952,30.910613625476355,22.981381696393736,91.05396717948716,18.759068872932783,1,frame,330
adulterated/ratio_95_5/IMG (79).MOV#f00340,IMG (79).MOV,train,1,95_5,yellow_dye_95_5_d2,cycling,SVI_colored,117.45837362292252,125.74180571740264,23.47670641906132,32.34522599360325,208.901319432392,125.88622426631623,3.0435285400435017,19.644257015410133,28.073749107537324,111.54138670567524,24.22548268497724,1,frame,340
adulterated/ratio_95_5/IMG (79).MOV#f00350,IMG (79).MOV,train,1,95_5,yellow_dye_95_5_d2,cycling,SVI_colored,69.25896160949435,47.00943097249391,58.75415214136624,146.20263149267268,90.90288393237677,73.53851617909012,53.7295544351013,13.913326035136528,24.669980949400564,54.94095970800048,13.71661981386388,1,frame,350
adulterated/ratio_95_5/IMG (79).MOV#f00360,IMG (79).MOV,train,1,95_5,yellow_dye_95_5_d2,cycling,SVI_colored,83.01095918864976,113.02649486584365,61.22057681366218,48.843189227754245,120.39804613064328,113.82293256509136,12.065382549293584,32.79543857286274,29.08959827851957,98.08320765111218,22.435197972167384,1,frame,360
adulterated/ratio_95_5/IMG (79).MOV#f00370,IMG (79).MOV,train,1,95_5,yellow_dye_95_5_d2,cycling,SVI_colored,141.21327503326907,130.5635439015779,24.30555932755764,27.209257851045145,212.5794089423608,142.00579379520744,2.459172433793442,19.739940059656647,25.09339160345336,121.56052252790528,24.749619905304165,1,frame,370
adulterated/ratio_95_5/IMG (79).MOV#f00380,IMG (79).MOV,train,1,95_5,yellow_dye_95_5_d2,cycling,SVI_colored,107.10748913643503,61.37156223018019,26.056797218172463,20.02146999013904,195.7189108597904,107.32363515407154,31.152287799301792,33.56268079049727,22.763776077358795,70.95626029148796,16.709354902371004,1,frame,380
adulterated/ratio_95_5/IMG (79).MOV#f00390,IMG (79).MOV,train,1,95_5,yellow_dye_95_5_d2,cycling,SVI_colored,83.22729687056615,109.75523573225064,57.906056350667335,46.44456490367708,124.48379257405212,110.52732767255785,12.27012610448192,31.11316030143812,26.68041026473976,95.85114149270818,20.25621910242134,1,frame,390
adulterated/ratio_95_5/IMG (79).MOV#f00400,IMG (79).MOV,train,1,95_5,yellow_dye_95_5_d2,cycling,SVI_colored,152.46062290854618,131.23101574785545,25.232006975860244,24.820890813378348,214.75552193495656,152.63354126762908,2.536116450333986,24.340718757427343,29.63442039925387,125.4260218467646,29.89675690230063,1,frame,400
adulterated/ratio_95_5/IMG (79).MOV#f00410,IMG (79).MOV,train,1,95_5,yellow_dye_95_5_d2,cycling,SVI_colored,135.30970139447362,79.01614971800412,17.343977167005693,16.699767675334165,224.00594740632116,135.31127300250722,14.336981179227328,29.32735907672808,28.079148409860107,88.74805651481464,22.82096696243312,1,frame,410
adulterated/ratio_95_5/IMG (79).MOV#f00420,IMG (79).MOV,train,1,95_5,yellow_dye_95_5_d2,cycling,SVI_colored,60.24752509844504,66.86137056997326,63.496179122931984,69.98985579313774,45.44962167538,71.47903288669077,41.42540035182568,26.56345364824779,25.49291579276813,64.42414020186273,15.50130948561457,1,frame,420
adulterated/ratio_95_5/IMG (79).MOV#f00430,IMG (79).MOV,train,1,95_5,yellow_dye_95_5_d2,cycling,SVI_colored,148.2820142637742,113.338126748775,21.835554881401567,21.52881872872013,218.97766714429272,148.28732864374965,2.181399747487721,24.31994853310608,27.63180275470461,113.29101512241763,26.67539896375784,1,frame,430
adulterated/ratio_95_5/IMG (79).MOV#f00440,IMG (79).MOV,train,1,95_5,yellow_dye_95_5_d2,cycling,SVI_colored,138.72356390061913,80.31517874269892,16.661699661113072,15.529386417278507,225.8092030458123,138.72356946069996,5.864267094977428,25.04772096494674,28.177438080190388,90.45052501063364,23.257838935413663,1,frame,440
adulterated/ratio_95_5/IMG (79).MOV#f00450,IMG (79).MOV,train,1,95_5,yellow_dye_95_5_d2,cycling,SVI_colored,51.04359066490224,46.14553299388586,58.73338474706489,136.80563856730964,56.1861293931719,59.99809827617938,24.807782957425733,29.351134280947885,24.40810036487859,48.97908688044262,12.171623076464366,1,frame,450
adulterated/ratio_95_5/IMG (79).MOV#f00460,IMG (79).MOV,train,1,95_5,yellow_dye_95_5_d2,cycling,SVI_colored,144.71126342537494,91.09069749081095,19.680258960240717,17.644388756166244,221.401405917838,144.71193597342557,10.834722407620692,29.1824578241629,23.942043918565226,98.91635256723288,20.088568913670397,1,frame,460
adulterated/ratio_95_5/IMG (79).MOV#f00470,IMG (79).MOV,train,1,95_5,yellow_dye_95_5_d2,cycling,SVI_colored,133.01699444406424,92.10360606984428,16.734994929353135,19.318377517436183,223.7128800652029,133.01709399050577,2.725041149201841,19.13089383604156,23.363395802811684,95.6815260469486,20.188646419835507,1,frame,470
adulterated/ratio_95_5/IMG (79).MOV#f00480,IMG (79).MOV,train,1,95_5,yellow_dye_95_5_d2,cycling,SVI_colored,52.31276457015058,46.568883678661074,63.7126375426944,137.21170341791697,66.4948935638296,64.54866063736702,17.205300864437167,31.26126949762841,29.98922059831045,50.17506478062426,14.599105911630604,1,frame,480
adulterated/ratio_95_5/IMG (79).MOV#f00490,IMG (79).MOV,train,1,95_5,yellow_dye_95_5_d2,cycling,SVI_colored,142.64633939678018,79.2278029169446,23.097849249130142,16.73372153815645,214.6404910851106,142.6612125691828,20.85412195535145,29.6012725902877,22.917052059673416,91.7183471849141,17.750857672191383,1,frame,490
adulterated/ratio_95_5/IMG (79).MOV#f00500,IMG (79).MOV,train,1,95_5,yellow_dye_95_5_d2,cycling,SVI_colored,111.95543350448077,108.67857638457774,20.26366683951825,28.76890351229559,211.8278325141142,113.43777707987934,2.870383157542831,22.75323896031842,23.549049885466687,99.52193997911174,22.94399471717222,1,frame,500
adulterated/ratio_95_5/IMG (79).MOV#f00510,IMG (79).MOV,train,1,95_5,yellow_dye_95_5_d2,cycling,SVI_colored,56.42435137463316,46.36075177760582,55.4848885254997,125.24917872421194,61.97374107546977,61.27260515980202,60.8590188810718,25.76076044020008,23.24127702362258,50.34769166751836,13.816021509798317,1,frame,510
adulterated/ratio_95_5/IMG (79).MOV#f00520,IMG (79).MOV,train,1,95_5,yellow_dye_95_5_d2,cycling,SVI_colored,123.27892532291138,85.61202614837273,30.3261255893023,20.9900208556056,193.68182758197656,123.49103208959149,22.140620247197266,37.094810445729294,22.04996014529481,90.5066404949263,19.35911286123538,1,frame,520
adulterated/ratio_95_5/IMG (79).MOV#f00530,IMG (79).MOV,train,1,95_5,yellow_dye_95_5_d2,cycling,SVI_colored,102.00899225951554,112.69292931780312,19.353398671887184,33.20632946719528,211.61062818587013,112.75404877408128,1.8493502980702905,11.892237562621055,20.360545542548,98.80263406305664,17.017989470350265,1,frame,530
adulterated/ratio_95_5/IMG (79).MOV#f00540,IMG (79).MOV,train,1,95_5,yellow_dye_95_5_d2,cycling,SVI_colored,67.20397011302863,46.48005771374547,49.54103814187139,80.74501883810518,94.94746496959092,69.95680288427619,80.83836282014221,14.841978070265828,21.066315659145687,52.96243314942075,13.387657888596836,1,frame,540
adulterated/ratio_95_5/IMG (79).MOV#f00550,IMG (79).MOV,train,1,95_5,yellow_dye_95_5_d2,cycling,SVI_colored,90.67583272439944,103.0623490047864,44.89225540960565,38.173988441327324,153.51671742087063,104.44911701670168,15.363356756574726,41.951612402969566,29.821143618056052,92.66307483069306,24.48339491778779,1,frame,550
adulterated/ratio_95_5/IMG (79).MOV#f00560,IMG (79).MOV,train,1,95_5,yellow_dye_95_5_d2,cycling,SVI_colored,125.6256499196862,120.10718140671707,22.453467396991616,28.21124173536332,212.5771799065506,126.72084828926135,2.6514335473116,23.511483783230357,27.23265785695164,110.56825940439732,26.839266476939105,1,frame,560
adulterated/ratio_95_5/IMG (79).MOV#f00570,IMG (79).MOV,train,1,95_5,yellow_dye_95_5_d2,cycling,SVI_colored,82.9229491151154,51.37225539274012,41.78611626236748,27.7122561788278,139.1177094834332,84.54282212622424,50.40333286717218,24.633399240238735,21.623687259938333,59.645653113800485,15.576277743536956,1,frame,570
adulterated/ratio_95_5/IMG (79).MOV#f00580,IMG (79).MOV,train,1,95_5,yellow_dye_95_5_d2,cycling,SVI_colored,94.6381796225976,121.95898622204764,45.26700420467606,42.274453319366245,166.03655813073777,122.3981784586734,11.890332006987858,41.07995750338621,31.28936422615095,104.97952584639113,25.820924476130795,1,frame,580
adulterated/ratio_95_5/IMG (79).MOV#f00590,IMG (79).MOV,train,1,95_5,yellow_dye_95_5_d2,cycling,SVI_colored,149.55698420389572,130.3035720515554,24.389964143812385,25.208547339858512,215.61169493167944,149.84692702781277,2.404368341837699,22.560298142916487,28.595660557145575,123.92170946797172,28.91144395048379,1,frame,590
adulterated/ratio_95_5/IMG (79).MOV#f00600,IMG (79).MOV,train,1,95_5,yellow_dye_95_5_d2,cycling,SVI_colored,127.99127602158828,72.15557054741711,21.72187740940632,18.78977640709329,215.61925983037776,127.99693523515806,26.165404576170097,37.84847211033347,26.07782851740461,83.03431380107942,21.984016375404423,1,frame,600
adulterated/ratio_95_5/IMG (79).MOV#f00610,IMG (79).MOV,train,1,95_5,yellow_dye_95_5_d2,cycling,SVI_colored,88.7069863133516,104.57891594443198,61.04134135999422,43.32425073300958,123.55320451632775,107.2140502059272,19.683179832805624,36.6990845542688,34.04761021746401,94.80614701262944,25.873113040215813,1,frame,610
adulterated/ratio_95_5/IMG (79).MOV#f00620,IMG (79).MOV,train,1,95_5,yellow_dye_95_5_d2,cycling,SVI_colored,157.55466946401395,128.77967711301045,25.771396329276385,23.31202342778354,215.8898822650566,157.69624940894118,2.596613536445624,26.38961830564166,27.939408320445423,125.5782760552635,29.19827881421549,1,frame,620
adulterated/ratio_95_5/IMG (79).MOV#f00630,IMG (79).MOV,train,1,95_5,yellow_dye_95_5_d2,cycling,SVI_colored,145.19940840246426,81.69049366516172,18.72400269851508,14.685111462016918,224.6620999488468,145.19940840246426,2.8194594798430312,30.72536220665285,27.3766700924067,93.4314288044244,24.607839699562767,1,frame,630
adulterated/ratio_95_5/IMG (79).MOV#f00640,IMG (79).MOV,train,1,95_5,yellow_dye_95_5_d2,cycling,SVI_colored,58.8208026055034,59.31996605048569,55.40142458009812,55.07278434748709,53.22798966895163,65.65436876644684,49.57302055886286,26.23968314513635,23.763714301307697,58.664561742633445,13.758712911835747,1,frame,640
adulterated/ratio_95_5/IMG (79).MOV#f00650,IMG (79).MOV,train,1,95_5,yellow_dye_95_5_d2,cycling,SVI_colored,153.17998007108503,108.87565220120358,21.877166484900314,19.806493374028072,220.04531474347405,153.17998007108503,2.009290767087866,25.331205783839778,22.556556884261447,112.1404870815124,22.976629474683964,1,frame,650
adulterated/ratio_95_5/IMG (79).MOV#f00660,IMG (79).MOV,train,1,95_5,yellow_dye_95_5_d2,cycling,SVI_colored,144.7059912323429,82.90456502679007,19.989151485630785,14.9247306380906,222.17767949342425,144.7059912323429,2.919903045054692,30.83360350505941,26.36311339421541,94.13906673161227,24.34264697420143,1,frame,660
adulterated/ratio_95_5/IMG (79).MOV#f00670,IMG (79).MOV,train,1,95_5,yellow_dye_95_5_d2,cycling,SVI_colored,47.35794629109288,40.5405861526015,50.769292667438,125.05533130931772,62.97043574330379,53.56608787939419,48.27573828222725,32.3331343455668,21.06815130441359,43.680373717954296,12.560990988457204,1,frame,670
adulterated/ratio_95_5/IMG (79).MOV#f00680,IMG (79).MOV,train,1,95_5,yellow_dye_95_5_d2,cycling,SVI_colored,142.2657391822201,78.94511188952899,17.930868772254872,16.123961439365427,224.33116488351996,142.2657391822201,15.791021129703006,29.20634771796191,23.087350727082143,90.8463736709112,18.8430311500994,1,frame,680
adulterated/ratio_95_5/IMG (79).MOV#f00690,IMG (79).MOV,train,1,95_5,yellow_dye_95_5_d2,cycling,SVI_colored,120.47735413769608,87.11619975057077,17.630008008829634,20.054185111545863,220.1257067493316,120.48997302498675,2.3837711263745853,26.12401191297338,26.316089370911747,89.10611101592602,24.34177620344516,1,frame,690
adulterated/ratio_95_5/IMG (79).MOV#f00700,IMG (79).MOV,train,1,95_5,yellow_dye_95_5_d2,cycling,SVI_colored,43.48134680972696,36.61166441757635,45.94116068616051,120.10292796559088,64.89190366374868,49.86194733628632,58.50286867255172,32.019395889418284,25.974260747563086,39.65980532081621,13.251324166908311,1,frame,700
adulterated/ratio_95_5/IMG (79).MOV#f00710,IMG (79).MOV,train,1,95_5,yellow_dye_95_5_d2,cycling,SVI_colored,131.85038735034192,69.95776253114327,20.49686484767249,16.705742478284904,217.8777858554649,131.85273114175584,23.205852668248085,32.61303896858602,25.83122907221865,82.75519306934441,20.404050870915466,1,frame,710
adulterated/ratio_95_5/IMG (79).MOV#f00720,IMG (79).MOV,train,1,95_5,yellow_dye_95_5_d2,cycling,SVI_colored,90.81401256095536,92.250535954225,17.374775427631082,30.158597158687744,211.42246403067773,94.1096554795658,3.092468661690768,26.222368964234235,26.957949448455476,83.22635385056691,24.68666583349732,1,frame,720
adulterated/ratio_95_5/IMG (79).MOV#f00730,IMG (79).MOV,train,1,95_5,yellow_dye_95_5_d2,cycling,SVI_colored,45.37637954143615,31.642509838590087,40.23769819768437,133.86831617521247,92.83593438088177,49.10665245536988,62.50925113954364,27.54270403727368,24.41594538964629,36.67647792733703,14.356667312486064,1,frame,730
adulterated/ratio_95_5/IMG (79).MOV#f00740,IMG (79).MOV,train,1,95_5,yellow_dye_95_5_d2,cycling,SVI_colored,92.84569214857925,70.62081792206426,28.57426332673059,23.31969779304784,182.36729714095395,93.52560870860869,22.73088502467772,42.40759327965921,22.9553130560436,72.40356548109453,21.173504264779886,1,frame,740
adulterated/ratio_95_5/IMG (79).MOV#f00750,IMG (79).MOV,train,1,95_5,yellow_dye_95_5_d2,cycling,SVI_colored,92.36158046392,94.60601871909664,18.7530825992174,30.480359390150813,208.93311808435288,96.0501124383652,3.0564740746112697,26.751033996171312,28.04604196018464,85.22902010136646,25.485202184260245,1,frame,750
adulterated/ratio_95_5/IMG (79).MOV#f00760,IMG (79).MOV,train,1,95_5,yellow_dye_95_5_d2,cycling,SVI_colored,54.32484146149584,34.022150924551404,37.87110665690695,86.05106752679933,113.5344098673544,57.01242654553664,81.4133261519917,18.351467355944703,22.37455147603684,40.4695647117575,14.129954093160412,1,frame,760
adulterated/ratio_95_5/IMG (79).MOV#f00770,IMG (79).MOV,train,1,95_5,yellow_dye_95_5_d2,cycling,SVI_colored,54.39439564745495,57.200434838392,18.31115218303437,33.22937205036358,186.6474410766238,59.198177423773245,12.92903339220944,39.57096735310444,18.265150687701563,51.86655246668493,15.86298413163425,1,frame,770
adulterated/ratio_95_5/IMG (79).MOV#f00780,IMG (79).MOV,train,1,95_5,yellow_dye_95_5_d2,cycling,SVI_colored,119.89888005652712,106.69135488429606,20.295269387034093,25.822324677618795,214.15704999116764,120.3884437378555,2.383661582090393,20.518705315419645,27.669693553619872,100.71860095389508,26.49185018087501,1,frame,780
adulterated/ratio_95_5/IMG (79).MOV#f00790,IMG (79).MOV,train,1,95_5,yellow_dye_95_5_d2,cycling,SVI_colored,83.2515209328388,43.92864290097927,29.81187461643141,20.083294420577957,170.67780905622115,83.7158790724978,40.66331039868536,26.80005259185731,22.20927912874291,54.01339154681538,16.17531505548852,1,frame,790
adulterated/ratio_95_5/IMG (79).MOV#f00800,IMG (79).MOV,train,1,95_5,yellow_dye_95_5_d2,cycling,SVI_colored,81.73657543046046,100.52494398922086,43.28165823240949,41.248333777241605,150.85246995785482,101.08733608034215,12.884868573676748,37.56842287848181,29.803065299843976,88.31558431384838,24.37792670281153,1,frame,800
adulterated/ratio_95_5/IMG (79).MOV#f00810,IMG (79).MOV,train,1,95_5,yellow_dye_95_5_d2,cycling,SVI_colored,140.6236069163512,111.58696916631156,20.65085116905496,22.44147571221061,219.68593059387436,140.6718932251733,2.3566953299051656,21.329967196007484,31.04779655967981,109.84064958211378,29.81933920638135,1,frame,810
adulterated/ratio_95_5/IMG (79).MOV#f00820,IMG (79).MOV,train,1,95_5,yellow_dye_95_5_d2,cycling,SVI_colored,116.27198977747514,61.02190220787482,14.926660109454994,15.147366326756506,224.6257569516252,116.27198977747514,16.53107803566004,28.54507266284832,28.42341415992387,72.22205408858962,21.191860150241293,1,frame,820
adulterated/ratio_95_5/IMG (79).MOV#f00830,IMG (79).MOV,train,1,95_5,yellow_dye_95_5_d2,cycling,SVI_colored,58.45376136588391,66.97494293671454,49.012898707991,46.15714186440587,82.23778150775365,69.2608527152502,24.6004075177062,30.883731212972183,26.457558598031454,62.31976554607025,19.052604795769,1,frame,830
adulterated/ratio_95_5/IMG (79).MOV#f00840,IMG (79).MOV,train,1,95_5,yellow_dye_95_5_d2,cycling,SVI_colored,142.9999918605219,107.5973888554266,18.89946659286873,21.085966454497605,223.03201799367287,143.005640658321,2.4644642440023543,18.71869774792805,31.52819656209741,108.00541546609364,29.96789488168241,1,frame,840
adulterated/ratio_95_5/IMG (79).MOV#f00850,IMG (79).MOV,train,1,95_5,yellow_dye_95_5_d2,cycling,SVI_colored,130.77743367505997,69.24943639581889,13.969409497406776,13.932970393711336,229.09161434272804,130.77743367505997,4.112081986728245,21.933025401241764,29.753470674509185,81.27344915452932,23.26362947539269,1,frame,850
adulterated/ratio_95_5/IMG (79).MOV#f00860,IMG (79).MOV,train,1,95_5,yellow_dye_95_5_d2,cycling,SVI_colored,46.31328970293261,41.26103570957965,52.22277370267883,122.31144004724186,62.611625988882544,54.328077187742494,45.36572264553755,34.588316629890265,25.20740749028796,43.95796059598932,14.910378420691348,1,frame,860
adulterated/ratio_95_5/IMG (79).MOV#f00870,IMG (79).MOV,train,1,95_5,yellow_dye_95_5_d2,cycling,SVI_colored,140.71251967257388,87.89295558887348,17.009477757186893,16.852739726027398,225.79345892739076,140.71251967257388,2.080760472513898,23.305604739090956,29.128356086197048,95.54032295614762,26.03393407024874,1,frame,870
adulterated/ratio_95_5/IMG (79).MOV#f00880,IMG (79).MOV,train,1,95_5,yellow_dye_95_5_d2,cycling,SVI_colored,134.06347781039543,79.9692580440914,15.37358199504979,16.007713118056756,226.81387210038565,134.06347781039543,1.9504895568641631,18.82907888148008,28.35077920341488,88.71223853105393,23.82138396877342,1,frame,880
adulterated/ratio_95_5/IMG (79).MOV#f00890,IMG (79).MOV,train,1,95_5,yellow_dye_95_5_d2,cycling,SVI_colored,38.54664043943326,33.33707527470186,52.5811702220717,131.57704773162095,94.58819953930384,52.8265189627832,13.257884030816331,34.81072636337835,24.491704370426373,37.03009776896559,13.602921586562822,1,frame,890
adulterated/ratio_95_5/IMG (79).MOV#f00900,IMG (79).MOV,train,1,95_5,yellow_dye_95_5_d2,cycling,SVI_colored,139.35442238085776,72.29411160507941,17.85172838045136,16.03552552545847,224.0109747302092,139.35442238085776,20.940992626616914,28.0933039579828,26.05331146605682,86.06431660812733,21.238042578816145,1,frame,900
adulterated/ratio_95_5/IMG (79).MOV#f00910,IMG (79).MOV,train,1,95_5,yellow_dye_95_5_d2,cycling,SVI_colored,115.75693618982784,97.22328545240752,17.575119560044644,24.10012313457521,217.76397214640423,115.94589547859228,2.328711422892143,18.46216338440554,26.27503021544145,93.61881206078624,24.82264295930553,1,frame,910
adulterated/ratio_95_5/IMG (79).MOV#f00920,IMG (79).MOV,train,1,95_5,yellow_dye_95_5_d2,cycling,SVI_colored,40.5009251083641,33.51917843955691,56.79257103869,131.8758408251726,105.9151047519666,56.89693369722267,9.052610312337418,36.129360000013,24.423993176316863,38.2035439075293,14.32224783593858,1,frame,920
adulterated/ratio_95_5/IMG (79).MOV#f00930,IMG (79).MOV,train,1,95_5,yellow_dye_95_5_d2,cycling,SVI_colored,129.94194722078703,71.1065957189886,24.54871219274647,16.623935735339824,208.44205510718365,129.9833419444494,23.564694369907443,28.332217852764924,25.938140123452943,83.32246947012932,21.4978012238385,1,frame,930
adulterated/ratio_95_5/IMG (79).MOV#f00940,IMG (79).MOV,train,1,95_5,yellow_dye_95_5_d2,cycling,SVI_colored,94.9921644674552,110.18493058447436,19.142133494104705,34.75624698294705,211.86987256382685,110.19006863860211,2.0773728669059617,14.611533159400953,29.34428465963968,95.20261129170268,24.746006973973685,1,frame,940
adulterated/ratio_95_5/IMG (79).MOV#f00950,IMG (79).MOV,train,1,95_5,yellow_dye_95_5_d2,cycling,SVI_colored,49.71264955350324,36.32253866753556,53.98769155576373,147.8849026056675,91.00980561862966,56.39880255373744,18.114432867633248,30.959750462415236,24.007639313392563,42.26759054669124,14.553895913550829,1,frame,950
adulterated/ratio_95_5/IMG (79).MOV#f00960,IMG (79).MOV,train,1,95_5,yellow_dye_95_5_d2,cycling,SVI_colored,135.5104434192673,74.04288521031208,21.52663012211669,16.815179375848032,215.72712944369064,135.51406024423338,22.24888397991713,28.507765254173176,26.133158698958933,86.36030827679782,20.894472425636188,1,frame,960
adulterated/ratio_95_5/IMG (79).MOV#f00970,IMG (79).MOV,train,1,95_5,yellow_dye_95_5_d2,cycling,SVI_colored,111.16541718263665,117.83014826466749,21.212370848135095,31.8893704608588,210.19047300301693,118.02361429192985,2.174751900162045,15.626023339178644,27.37158370189144,104.763493710346,23.72960595726997,1,frame,970
adulterated/ratio_95_5/IMG (79).MOV#f00980,IMG (79).MOV,train,1,95_5,yellow_dye_95_5_d2,cycling,SVI_colored,59.2441420939497,39.11262124616064,51.50332380670487,154.69273469229313,96.2141113790644,62.43120690575431,37.40022134157383,17.830332529857987,23.666812763166792,46.49052108555042,14.914307634729909,1,frame,980
adulterated/ratio_95_5/IMG (79).MOV#f00990,IMG (79).MOV,train,1,95_5,yellow_dye_95_5_d2,cycling,SVI_colored,77.32578154760394,103.63074891434086,49.66277776366915,45.984404601671024,133.6293521598903,104.0680574954923,10.523726571802838,34.884477556361844,30.846605385137916,89.54858927800493,24.7212316976453,1,frame,990
adulterated/ratio_95_5/IMG (79).MOV#f01000,IMG (79).MOV,train,1,95_5,yellow_dye_95_5_d2,cycling,SVI_colored,126.18023617832446,114.5853661200992,20.90945860324882,26.491533848221017,214.49156388940477,126.61809735528342,2.229509954811405,17.8944385190908,28.510222284335576,107.30120383216264,27.37026130914357,1,frame,1000
adulterated/ratio_95_5/IMG (79).MOV#f01010,IMG (79).MOV,train,1,95_5,yellow_dye_95_5_d2,cycling,SVI_colored,93.80635891888237,52.694159440622485,24.254770879464512,18.2373410411138,193.1633057813988,94.0271321760394,29.212876180154502,32.32806573028227,25.86775362084725,61.679676363370014,19.33111142325976,1,frame,1010
adulterated/ratio_95_5/IMG (79).MOV#f01020,IMG (79).MOV,train,1,95_5,yellow_dye_95_5_d2,cycling,SVI_colored,75.16075849569287,97.9952084903108,51.37103798587857,46.03818079730488,123.9858407543064,98.65971553502284,12.068709115730666,34.888933348393415,31.1320297105504,85.78793423965695,24.95367748249785,1,frame,1020
adulterated/ratio_95_5/IMG (79).MOV#f01030,IMG (79).MOV,train,1,95_5,yellow_dye_95_5_d2,cycling,SVI_colored,144.26696060003505,117.68182669817536,21.25697613277166,23.276954133098027,218.8698785787244,144.3614806263863,2.319223672249177,17.916885601254258,28.93782423483517,114.57499229407036,28.28244085979035,1,frame,1030
adulterated/ratio_95_5/IMG (79).MOV#f01040,IMG (79).MOV,train,1,95_5,yellow_dye_95_5_d2,cycling,SVI_colored,126.37469140810626,69.0733347628044,14.257942257096165,14.539531635739866,227.97123865598812,126.37469140810626,5.963212032471944,24.97895685466421,29.47571444704769,79.88771601432562,22.944339615037272,1,frame,1040
adulterated/ratio_95_5/IMG (79).MOV#f01050,IMG (79).MOV,train,1,95_5,yellow_dye_95_5_d2,cycling,SVI_colored,53.91430376068275,57.90345643574339,52.66336818632016,63.28643698884428,52.67754562222367,62.19241398943142,42.72113190225795,27.209265230162384,25.48599061038616,56.04418105365541,17.026940215360266,1,frame,1050
adulterated/ratio_95_5/IMG (79).MOV#f01060,IMG (79).MOV,train,1,95_5,yellow_dye_95_5_d2,cycling,SVI_colored,139.2667534236579,100.58256914207875,18.515196662693683,20.136669626134125,222.66603220549248,139.2669571404247,2.1704897489578494,19.123917674747155,28.58916795790236,102.7310330568461,26.59621664269819,1,frame,1060
adulterated/ratio_95_5/IMG (79).MOV#f01070,IMG (79).MOV,train,1,95_5,yellow_dye_95_5_d2,cycling,SVI_colored,130.82551282767872,70.55178581409648,13.425110390699237,14.332787435023196,230.0209854116595,130.82551282767872,2.0293527788025623,19.80638377786313,28.34674652196861,81.98817561902632,22.16559462233837,1,frame,1070
adulterated/ratio_95_5/IMG (79).MOV#f01080,IMG (79).MOV,train,1,95_5,yellow_dye_95_5_d2,cycling,SVI_colored,42.67494414774174,36.54361911191334,48.5952577785533,128.84184871689985,70.30169087169571,50.56723296041284,41.559198738629846,36.50995649908009,23.9849890660938,39.68249600237998,13.488298581905177,1,frame,1080
adulterated/ratio_95_5/IMG (79).MOV#f01090,IMG (79).MOV,train,1,95_5,yellow_dye_95_5_d2,cycling,SVI_colored,129.28501045925378,67.30360718071235,16.794350881325325,16.22720415453898,224.1961432553236,129.28501045925378,21.345549568362443,29.71708384024536,27.12225942790669,80.00739438396958,21.225369886384826,1,frame,1090
adulterated/ratio_95_5/IMG (79).MOV#f01100,IMG (79).MOV,train,1,95_5,yellow_dye_95_5_d2,cycling,SVI_colored,108.07698693533308,86.82391244990774,16.607541487281463,22.786971738728724,218.01523797441124,108.26465258797344,2.534321347797324,21.54157203784134,26.31503660849989,85.10363477402291,24.631218843234688,1,frame,1100
adulterated/ratio_95_5/IMG (79).MOV#f01110,IMG (79).MOV,train,1,95_5,yellow_dye_95_5_d2,cycling,SVI_colored,42.13710416023053,32.46366188865772,45.90953132133865,139.28199730433903,84.54316201578575,48.81983361265047,38.11647781231794,34.688765732567795,24.067899620031326,36.82016715285163,13.263506048689294,1,frame,1110
adulterated/ratio_95_5/IMG (79).MOV#f01120,IMG (79).MOV,train,1,95_5,yellow_dye_95_5_d2,cycling,SVI_colored,116.84420999192588,63.98703820219865,21.995171730318997,18.03665758440696,210.5987729498081,116.88934405202002,26.81475201633015,33.77737241590334,26.901388697041835,74.93827753909467,21.746052518105365,1,frame,1120
adulterated/ratio_95_5/IMG (79).MOV#f01130,IMG (79).MOV,train,1,95_5,yellow_dye_95_5_d2,cycling,SVI_colored,85.55973760044482,93.40623011820811,17.409860299503322,32.52713814470469,211.40069395807384,93.8159433926958,3.1751563077626748,22.83010560476013,30.292200203915936,82.34050993621787,26.146563386287085,1,frame,1130
adulterated/ratio_95_5/IMG (79).MOV#f01140,IMG (79).MOV,train,1,95_5,yellow_dye_95_5_d2,cycling,SVI_colored,45.32453347765415,30.44798083504449,38.68017817253766,120.05230833718012,102.43369997187868,48.91777958178799,69.18839405550844,24.76889416147318,23.707837160164427,35.77282470857276,13.9438069305617,1,frame,1140
adulterated/ratio_95_5/IMG (79).MOV#f01150,IMG (79).MOV,train,1,95_5,yellow_dye_95_5_d2,cycling,SVI_colored,122.60023609732625,64.1580974866412,18.412974826310567,17.6468816104745,219.9738012170792,122.60069475773707,26.229148719103478,32.82918593487579,27.34297613150707,76.35205570092333,21.215132155981177,1,frame,1150
adulterated/ratio_95_5/IMG (79).MOV#f01160,IMG (79).MOV,train,1,95_5,yellow_dye_95_5_d2,cycling,SVI_colored,117.87876438433224,104.35015958812812,19.88950631626576,25.60664033360645,214.49231653479757,118.46116933462145,2.583568386212645,19.68224187202165,29.59323467640612,98.69351497438028,28.36890013112444,1,frame,1160
adulterated/ratio_95_5/IMG (79).MOV#f01170,IMG (79).MOV,train,1,95_5,yellow_dye_95_5_d2,cycling,SVI_colored,83.58343159807465,46.54628269316271,27.512180800680444,20.3525473120566,176.89314434285052,84.05546480833543,37.7746427353711,29.31752675531549,23.42369844637733,55.3824447623282,17.95485631434066,1,frame,1170
adulterated/ratio_95_5/IMG (79).MOV#f01180,IMG (79).MOV,train,1,95_5,yellow_dye_95_5_d2,cycling,SVI_colored,83.96126640789909,96.2948692260737,36.20460423005773,37.16539069089079,162.0840489825588,96.75894775100532,11.923586002806973,40.34330371531724,30.514326279301955,85.69717436989474,25.847949592587884,1,frame,1180
adulterated/ratio_95_5/IMG (79).MOV#f01190,IMG (79).MOV,train,1,95_5,yellow_dye_95_5_d2,cycling,SVI_colored,137.0301758835137,100.57944202635284,18.33212705785136,20.475396016916356,222.62306028290485,137.03760350104838,2.458990826028212,18.175830179801093,30.50589268522513,102.03738504170911,28.736156884996863,1,frame,1190
adulterated/ratio_95_5/IMG (79).MOV#f01200,IMG (79).MOV,train,1,95_5,yellow_dye_95_5_d2,cycling,SVI_colored,124.6025163278973,66.34774979524502,13.134057928742934,14.003742757740438,229.8738872645901,124.6025163278973,1.7521147298294542,21.647711521884226,29.918879306643426,77.63117502525895,23.314749105117517,1,frame,1200
adulterated/ratio_95_5/IMG (79).MOV#f01210,IMG (79).MOV,train,1,95_5,yellow_dye_95_5_d2,cycling,SVI_colored,55.85746476052177,49.06940919674702,39.869427860639895,38.143108812771565,101.41201909179676,59.97278258158056,47.62257659055701,27.91353611440368,25.70900421344646,49.979963628169735,17.11333616272077,1,frame,1210
adulterated/ratio_95_5/IMG (79).MOV#f01220,IMG (79).MOV,train,1,95_5,yellow_dye_95_5_d2,cycling,SVI_colored,136.12520562718854,89.1783808750219,17.33184758446357,17.841523154247128,224.5288515138484,136.12520562718854,2.2832749221365227,21.148047846878317,30.12581833820376,94.9639006254707,27.590749880312,1,frame,1220
adulterated/ratio_95_5/IMG (79).MOV#f01230,IMG (79).MOV,train,1,95_5,yellow_dye_95_5_d2,cycling,SVI_colored,128.9441308918992,72.77794829742496,14.261293618034973,15.000703202664385,228.40187001516352,128.9441308918992,1.907073498125976,19.342964089825745,28.9674084783866,82.83235602669879,24.05742876430529,1,frame,1230
adulterated/ratio_95_5/IMG (79).MOV#f01240,IMG (79).MOV,train,1,95_5,yellow_dye_95_5_d2,cycling,SVI_colored,49.81391882360192,36.014303225644454,34.4477416380001,63.742998472892126,113.51591365106611,53.0955252771735,72.35142843633379,23.9786611178614,22.83901252359972,39.8950975043542,14.905971765915352,1,frame,1240
adulterated/ratio_95_5/IMG (79).MOV#f01250,IMG (79).MOV,train,1,95_5,yellow_dye_95_5_d2,cycling,SVI_colored,133.67523326346856,66.91469314998727,15.746863158627864,14.760143995438114,227.25558537323244,133.67523326346856,18.309726034528683,29.849587325025023,28.03416160893607,80.97077214724274,22.805031294263586,1,frame,1250
adulterated/ratio_85_15/IMG (83).MOV#f00000,IMG (83).MOV,train,1,85_15,yellow_dye_85_15_d2,cycling,SVI_colored,87.6813948965118,38.72220983537084,51.8288558818832,164.45738158828954,145.06476056743375,88.56170154224206,34.50323086596803,11.855836335898942,14.574206063285263,54.79229780309967,11.268036510808766,1,frame,0
adulterated/ratio_85_15/IMG (83).MOV#f00010,IMG (83).MOV,train,1,85_15,yellow_dye_85_15_d2,cycling,SVI_colored,102.72444751489402,108.79423131451271,51.11276696070921,34.3825968170717,142.05700696960724,110.61786218381027,10.123076282714976,33.86288443477961,22.816060991757,100.34389975295412,21.54367927411325,1,frame,10
adulterated/ratio_85_15/IMG (83).MOV#f00020,IMG (83).MOV,train,1,85_15,yellow_dye_85_15_d2,cycling,SVI_colored,169.80361544129792,126.27964642807233,21.683419407706676,21.0178755193048,223.3819764708872,169.8183147844647,2.4801247763840726,12.631526823594667,21.30512877960353,127.3051177726112,23.80350402210825,1,frame,20
adulterated/ratio_85_15/IMG (83).MOV#f00030,IMG (83).MOV,train,1,85_15,yellow_dye_85_15_d2,cycling,SVI_colored,137.80772174999387,59.30822238688975,31.59960377728241,12.932190493104375,198.74707425960852,137.80772174999387,28.462109366660638,25.92294214960493,17.54065723108904,79.5470062832227,15.034145438353589,1,frame,30
adulterated/ratio_85_15/IMG (83).MOV#f00040,IMG (83).MOV,train,1,85_15,yellow_dye_85_15_d2,cycling,SVI_colored,92.3417135106996,93.44773781553106,60.58393539308052,33.58472320698961,100.4765965203341,96.974309542898,14.796504108502896,27.20007120062145,19.39895997582818,89.30767840509391,17.947488377345465,1,frame,40
adulterated/ratio_85_15/IMG (83).MOV#f00050,IMG (83).MOV,train,1,85_15,yellow_dye_85_15_d2,cycling,SVI_colored,182.29384785124705,132.97206907296476,22.78113593294924,20.51652422195938,224.1002947460796,182.29410698614976,2.5531432513642054,12.47472610610761,22.964266327093924,135.0983647474786,25.83650221200173,1,frame,50
adulterated/ratio_85_15/IMG (83).MOV#f00060,IMG (83).MOV,train,1,85_15,yellow_dye_85_15_d2,cycling,SVI_colored,161.54166458897046,77.64740926591274,19.946405935475067,12.147948592109303,225.7036461600237,161.54166458897046,1.2647358274667404,24.480524561320905,20.90865723658192,96.08901900370311,21.38262386331676,1,frame,60
adulterated/ratio_85_15/IMG (83).MOV#f00070,IMG (83).MOV,train,1,85_15,yellow_dye_85_15_d2,cycling,SVI_colored,68.5531003086492,54.55172020801426,64.67610568073776,127.23914302619848,67.46826314959573,74.35156970835226,59.872218196490365,22.724757874629105,25.529503019170303,59.82509878491818,15.242227441734846,1,frame,70
adulterated/ratio_85_15/IMG (83).MOV#f00080,IMG (83).MOV,train,1,85_15,yellow_dye_85_15_d2,cycling,SVI_colored,177.26103904224092,115.63324678487278,19.877420395161185,18.077061038055,227.3477322987008,177.26103904224092,2.423431204437779,13.52910313765863,21.2979395505408,123.06688254419566,23.614091342381236,1,frame,80
adulterated/ratio_85_15/IMG (83).MOV#f00090,IMG (83).MOV,train,1,85_15,yellow_dye_85_15_d2,cycling,SVI_colored,166.13151965086217,82.21865389024612,19.19751270921784,12.79561680225801,227.3684763960374,166.13151965086217,1.5602680642995868,21.426756866097044,20.566517654219588,100.05981831550486,21.75032482922,1,frame,90
adulterated/ratio_85_15/IMG (83).MOV#f00100,IMG (83).MOV,train,1,85_15,yellow_dye_85_15_d2,cycling,SVI_colored,56.008776346679326,33.4860008210286,60.09816904209055,147.9721379456325,125.94301388051468,65.92189805133994,14.367358276667272,16.011316304964712,22.81851957812994,43.18621473746328,13.24226316007255,1,frame,100
adulterated/ratio_85_15/IMG (83).MOV#f00110,IMG (83).MOV,train,1,85_15,yellow_dye_85_15_d2,cycling,SVI_colored,169.02307743119383,86.60241214255679,18.702482547732934,13.415938314110196,228.30998094065828,169.02307743119383,1.8010987432697343,21.972685319735103,20.24883695457564,103.44132445508488,21.34831500423404,1,frame,110
adulterated/ratio_85_15/IMG (83).MOV#f00120,IMG (83).MOV,train,1,85_15,yellow_dye_85_15_d2,cycling,SVI_colored,158.54280010123944,92.01385809103238,17.749532523166074,15.755648442310523,227.72100227033195,158.54280010123944,2.249271902014364,16.620445304239322,17.83664754540474,103.35885410567433,20.491790133121103,1,frame,120
adulterated/ratio_85_15/IMG (83).MOV#f00130,IMG (83).MOV,train,1,85_15,yellow_dye_85_15_d2,cycling,SVI_colored,54.08726451261841,30.413084235433796,58.987375815188265,147.6613071044018,135.75213989496336,64.40726682111615,13.534213533983976,16.72818519441591,23.929344132401948,40.67886158082628,13.55499114497713,1,frame,130
adulterated/ratio_85_15/IMG (83).MOV#f00140,IMG (83).MOV,train,1,85_15,yellow_dye_85_15_d2,cycling,SVI_colored,164.58418893683688,74.815871561558,21.09048531602543,11.316518509711216,223.33384273214944,164.58418893683688,6.414485003805707,20.337291966196965,17.686762285286818,95.4671070576798,16.55203501350307,1,frame,140
adulterated/ratio_85_15/IMG (83).MOV#f00150,IMG (83).MOV,train,1,85_15,yellow_dye_85_15_d2,cycling,SVI_colored,134.80277012037612,108.61583037217628,18.845543569287532,23.139173496360744,220.41676094565813,135.1332529527472,2.600249597172471,12.039803657482684,16.807669396822053,106.14895372450704,18.36489083629913,1,frame,150
adulterated/ratio_85_15/IMG (83).MOV#f00160,IMG (83).MOV,train,1,85_15,yellow_dye_85_15_d2,cycling,SVI_colored,67.43581069311433,39.65442380436357,68.11614308581738,152.6173083305371,120.4524706671874,75.88042810595934,12.968317955251385,12.4188827859719,28.15443256323573,51.14002556020676,14.24889983607655,1,frame,160
adulterated/ratio_85_15/IMG (83).MOV#f00170,IMG (83).MOV,train,1,85_15,yellow_dye_85_15_d2,cycling,SVI_colored,143.779968909869,82.23967526396206,45.31023807894917,17.53534887079732,177.4677506404263,143.7847521531246,31.152817860047552,36.69610011630814,14.47561385429978,96.36803607671432,17.840426694328364,1,frame,170
adulterated/ratio_85_15/IMG (83).MOV#f00180,IMG (83).MOV,train,1,85_15,yellow_dye_85_15_d2,cycling,SVI_colored,129.1940902740786,115.97390876106816,20.95079248620561,26.22537563946652,215.2805149904017,130.40696101389992,2.686021839798373,12.423316435806411,19.856391907264506,109.02686111139028,19.644656068394934,1,frame,180
adulterated/ratio_85_15/IMG (83).MOV#f00190,IMG (83).MOV,train,1,85_15,yellow_dye_85_15_d2,cycling,SVI_colored,80.03235828362135,41.71486595134346,61.529236602578735,164.74756965467955,129.21056110851936,84.04130147795964,13.1162726966046,10.404238221881611,22.24403116422276,55.36490615105164,13.55066007689791,1,frame,190
adulterated/ratio_85_15/IMG (83).MOV#f00200,IMG (83).MOV,train,1,85_15,yellow_dye_85_15_d2,cycling,SVI_colored,107.86482898256044,100.24337946847004,55.31248351167535,28.587389729301925,132.65792436926125,109.8261621185701,13.796139862452268,36.29966597894997,20.026886607531534,97.33272634850368,20.92030256298867,1,frame,200
adulterated/ratio_85_15/IMG (83).MOV#f00210,IMG (83).MOV,train,1,85_15,yellow_dye_85_15_d2,cycling,SVI_colored,154.85474205216067,124.53205406434418,21.45653912050257,23.088726442033124,220.45577257440192,155.08152801573704,2.392392536423267,10.477424064356711,18.16943272648378,121.78184656386829,20.141867508858248,1,frame,210
adulterated/ratio_85_15/IMG (83).MOV#f00220,IMG (83).MOV,train,1,85_15,yellow_dye_85_15_d2,cycling,SVI_colored,105.20990378118393,47.60893699156965,51.99651742618905,68.21697548878335,148.1190807748848,105.90217309699622,82.2794439542116,14.548140026329031,13.392287372641476,65.26546754401048,11.655863598507397,1,frame,220
adulterated/ratio_85_15/IMG (83).MOV#f00230,IMG (83).MOV,train,1,85_15,yellow_dye_85_15_d2,cycling,SVI_colored,111.461181037525,115.152124259891,56.30408432341293,33.22433145120182,137.15168313531743,117.77876867427362,10.193349155449884,32.06284929716014,20.2566801978376,107.2785309571423,19.65610831805136,1,frame,230
adulterated/ratio_85_15/IMG (83).MOV#f00240,IMG (83).MOV,train,1,85_15,yellow_dye_85_15_d2,cycling,SVI_colored,186.4426526544664,142.6879180500652,24.494238852210927,21.769538776416425,222.29865841178616,186.45225839545336,2.31905375688065,12.327242251728585,20.31166299598181,142.24000571648773,23.52504755192648,1,frame,240
adulterated/ratio_85_15/IMG (83).MOV#f00250,IMG (83).MOV,train,1,85_15,yellow_dye_85_15_d2,cycling,SVI_colored,153.6987737789456,68.39815771604027,19.29455138614154,10.99648174938246,223.3497657780009,153.6987737789456,5.3483636629452365,17.79392983529642,15.668302350747684,88.22886097251336,12.137227770082882,1,frame,250
adulterated/ratio_85_15/IMG (83).MOV#f00260,IMG (83).MOV,train,1,85_15,yellow_dye_85_15_d2,cycling,SVI_colored,99.1826984000842,97.92279853174594,70.02253069780728,34.014542931825844,90.69775788413337,103.40296657767506,20.247285354991245,25.98065693613906,22.41168102879485,95.05677134456074,19.785030931537417,1,frame,260
adulterated/ratio_85_15/IMG (83).MOV#f00270,IMG (83).MOV,train,1,85_15,yellow_dye_85_15_d2,cycling,SVI_colored,193.77498984809648,146.96035972655815,24.850587258520488,21.590414016610325,222.94324503979288,193.7750312316522,2.135479282718145,11.43277348793168,18.202070478417635,146.97631826023533,21.61637969279203,1,frame,270
adulterated/ratio_85_15/IMG (83).MOV#f00280,IMG (83).MOV,train,1,85_15,yellow_dye_85_15_d2,cycling,SVI_colored,180.33779476801516,93.98767808491476,18.019471141428003,13.960493954714828,230.4794990375609,180.33779476801516,1.4232550184356338,17.897194155577715,17.525331399132668,111.06921026092544,18.330933406379625,1,frame,280
adulterated/ratio_85_15/IMG (83).MOV#f00290,IMG (83).MOV,train,1,85_15,yellow_dye_85_15_d2,cycling,SVI_colored,63.52366157013476,45.06929709412687,75.82837121891792,142.9554741285686,106.97128691365486,78.65114601138929,13.302889525794413,16.386822277785953,30.26983522280039,54.02778192257931,15.4097435952251,1,frame,290
adulterated/ratio_85_15/IMG (83).MOV#f00300,IMG (83).MOV,train,1,85_15,yellow_dye_85_15_d2,cycling,SVI_colored,180.72280561753325,107.36057528006256,26.975478311590948,15.5767132528051,218.46604448436463,180.72280561753325,1.463267174611262,29.465553287592517,17.040190515503877,120.06445419785184,20.10493613555895,1,frame,300
adulterated/ratio_85_15/IMG (83).MOV#f00310,IMG (83).MOV,train,1,85_15,yellow_dye_85_15_d2,cycling,SVI_colored,173.7430115439957,106.99323579700436,21.22316194911562,16.81629925785984,224.78438759706955,173.7430115439957,1.959863288285334,17.88664248375302,16.080302195415083,117.09360961304,19.010386712392677,1,frame,310
adulterated/ratio_85_15/IMG (83).MOV#f00320,IMG (83).MOV,train,1,85_15,yellow_dye_85_15_d2,cycling,SVI_colored,57.886726731904986,38.89461913178428,78.40452472302452,137.94894339785316,128.8685364486787,79.19235763245247,10.663291624749904,19.18456203641492,29.641680874043384,49.01700564728198,14.887966105237872,1,frame,320
adulterated/ratio_85_15/IMG (83).MOV#f00330,IMG (83).MOV,train,1,85_15,yellow_dye_85_15_d2,cycling,SVI_colored,171.40230064201904,85.59229577152978,33.85756386982511,13.20865884436573,205.921533761346,171.40230064201904,18.358293352315457,27.55919150336709,15.710170898761854,105.2851432366615,15.8913642725907,1,frame,330
adulterated/ratio_85_15/IMG (83).MOV#f00340,IMG (83).MOV,train,1,85_15,yellow_dye_85_15_d2,cycling,SVI_colored,140.1766694236908,117.96701824420856,21.02968187131305,24.38158695221234,217.6513247387093,140.61595052394853,2.543998048636704,13.10237294542923,13.996184096314495,113.49462380291608,16.002155849412006,1,frame,340
adulterated/ratio_85_15/IMG (83).MOV#f00350,IMG (83).MOV,train,1,85_15,yellow_dye_85_15_d2,cycling,SVI_colored,61.827479501165634,39.43993528877943,81.56991409248766,138.2543122107957,131.1781674988055,81.7686686099273,8.129177164384421,18.933149165822684,23.175454958852665,50.88019766103249,11.930947604831452,1,frame,350
adulterated/ratio_85_15/IMG (83).MOV#f00360,IMG (83).MOV,train,1,85_15,yellow_dye_85_15_d2,cycling,SVI_colored,149.4773095388493,87.5346799812181,61.381506559134685,18.025373917326,152.93377545230268,149.5647172544167,36.34026997663455,27.195065348156884,12.628486772567143,103.01417666303162,14.540193963397082,1,frame,360
adulterated/ratio_85_15/IMG (83).MOV#f00370,IMG (83).MOV,train,1,85_15,yellow_dye_85_15_d2,cycling,SVI_colored,123.63214002198846,123.47698020706356,21.75911674145622,29.838994310236597,212.3048623728273,126.81400485606194,2.4859905949541146,12.36630972702554,17.621273735607133,111.8664699219775,15.981318872007616,1,frame,370
adulterated/ratio_85_15/IMG (83).MOV#f00380,IMG (83).MOV,train,1,85_15,yellow_dye_85_15_d2,cycling,SVI_colored,74.38752082196284,41.27190592226332,78.2939016249754,147.73400234139294,124.54990474142215,80.60060381156048,6.750304087546376,12.99757822037458,10.757774060701635,55.31870740501026,7.192071955701866,1,frame,380
adulterated/ratio_85_15/IMG (83).MOV#f00390,IMG (83).MOV,train,1,85_15,yellow_dye_85_15_d2,cycling,SVI_colored,102.42757903106074,102.68879225367824,76.82756361630233,34.59214171842104,80.19919113083479,107.58165968269935,20.694661659253587,20.4590967929026,18.330827631998297,99.59365277039716,15.047716088868455,1,frame,390
adulterated/ratio_85_15/IMG (83).MOV#f00400,IMG (83).MOV,train,1,85_15,yellow_dye_85_15_d2,cycling,SVI_colored,142.14556954525958,124.35260452583908,23.408982006128294,25.478945534946217,214.8021005884207,142.90809214720232,2.6379446090500838,17.28672817293795,19.53607373442544,118.09707164134538,20.733498831670985,1,frame,400
adulterated/ratio_85_15/IMG (83).MOV#f00410,IMG (83).MOV,train,1,85_15,yellow_dye_85_15_d2,cycling,SVI_colored,92.63230000042806,46.69927615329626,69.33233167674744,165.56740849182194,131.66748425815345,96.09689315235023,11.286097879113262,9.32770354930718,21.3502209032962,62.95572164220313,13.385352190942724,1,frame,410
adulterated/ratio_85_15/IMG (83).MOV#f00420,IMG (83).MOV,train,1,85_15,yellow_dye_85_15_d2,cycling,SVI_colored,101.73150475786328,116.22741802314586,80.66517142606746,43.640512640740965,85.11785801595026,116.73195909575227,15.09630007267442,21.70049153479369,21.459030127390285,107.77786106024476,17.874104354427335,1,frame,420
adulterated/ratio_85_15/IMG (83).MOV#f00430,IMG (83).MOV,train,1,85_15,yellow_dye_85_15_d2,cycling,SVI_colored,171.49386903737306,137.99732181731656,25.09062787942609,23.10003442654489,218.57477901195816,171.55453569728942,2.239693766076918,15.983860741925628,18.218314764234915,135.07519921831494,21.05002170879593,1,frame,430
adulterated/ratio_85_15/IMG (83).MOV#f00440,IMG (83).MOV,train,1,85_15,yellow_dye_85_15_d2,cycling,SVI_colored,138.604643349993,63.441281056021005,29.139512406903,10.339345982292835,201.7277510453223,138.604643349993,13.460394583422197,19.36664659424945,14.96138105315944,81.92564127743809,11.473538683703689,1,frame,440
adulterated/ratio_85_15/IMG (83).MOV#f00450,IMG (83).MOV,train,1,85_15,yellow_dye_85_15_d2,cycling,SVI_colored,94.11724000745944,98.54313172126562,75.93802200534593,38.9369776838441,72.61018462112264,101.5549648784733,20.35733582130696,19.64088171858353,20.69951921336632,94.5792851370672,16.400834588779198,1,frame,450
adulterated/ratio_85_15/IMG (83).MOV#f00460,IMG (83).MOV,train,1,85_15,yellow_dye_85_15_d2,cycling,SVI_colored,181.15390821082823,137.27435249825996,24.78940902284184,21.469760403264928,221.2325337987472,181.15670543943645,2.3899629209129523,16.13908776799757,20.84483968042096,137.50944624891906,24.33137855342236,1,frame,460
adulterated/ratio_85_15/IMG (83).MOV#f00470,IMG (83).MOV,train,1,85_15,yellow_dye_85_15_d2,cycling,SVI_colored,179.48021520216298,105.74739772845966,44.688027068076,13.602547221018854,197.89362492701312,179.48021520216298,1.3200606875007703,48.76594109758707,27.01078695616839,120.7668803049268,34.522738232907294,1,frame,470
adulterated/ratio_85_15/IMG (83).MOV#f00480,IMG (83).MOV,train,1,85_15,yellow_dye_85_15_d2,cycling,SVI_colored,71.74509500219636,61.01261194465675,75.51400212780544,138.67639583275144,62.10940170072087,81.71012078723723,41.75987810258655,24.077382314617488,31.19122245939124,65.8123722491513,16.812466027766018,1,frame,480
adulterated/ratio_85_15/IMG (83).MOV#f00490,IMG (83).MOV,train,1,85_15,yellow_dye_85_15_d2,cycling,SVI_colored,175.59690714295903,116.83760217983652,21.961887099305248,18.4221093627402,224.4051129149607,175.59690714295903,2.2846976982995915,18.606787130499782,20.417013454799505,123.51495499094112,23.489840427045436,1,frame,490
adulterated/ratio_85_15/IMG (83).MOV#f00500,IMG (83).MOV,train,1,85_15,yellow_dye_85_15_d2,cycling,SVI_colored,167.52664825619706,86.43934129656031,17.05568667856758,13.756289910982783,230.16564330813372,167.52664825619706,1.4399816505518088,18.708117261430584,18.131357228927826,102.71214072627504,18.61287234531961,1,frame,500
adulterated/ratio_85_15/IMG (83).MOV#f00510,IMG (83).MOV,train,1,85_15,yellow_dye_85_15_d2,cycling,SVI_colored,61.11434626252248,41.79388389416902,72.05030310814281,144.28444387361932,111.84607243770871,75.6397559722579,13.78638956922656,15.72495893584227,30.359067685692484,50.952581556640126,15.017136769436233,1,frame,510
adulterated/ratio_85_15/IMG (83).MOV#f00520,IMG (83).MOV,train,1,85_15,yellow_dye_85_15_d2,cycling,SVI_colored,186.47528094767225,120.6165715698327,71.80542452830188,10.76176906836282,166.68314380779304,186.47528094767225,5.138546972899169,78.1229128751522,26.820594571316807,134.67763676572773,39.421570099708426,1,frame,520
adulterated/ratio_85_15/IMG (83).MOV#f00530,IMG (83).MOV,train,1,85_15,yellow_dye_85_15_d2,cycling,SVI_colored,159.49009116653156,97.54021959975157,18.824249139392155,16.71759166657894,226.0507837584613,159.49009116653156,1.9888727142400733,17.03030157031048,17.779049993825122,107.00526628838522,19.57739568867406,1,frame,530
adulterated/ratio_85_15/IMG (83).MOV#f00540,IMG (83).MOV,train,1,85_15,yellow_dye_85_15_d2,cycling,SVI_colored,59.75327976829588,38.87098149434725,69.87770344037318,144.72125804152267,118.96637448006425,73.60790979058206,13.30094257731671,15.523201853354983,29.452637127800678,48.58423184849004,14.98980365932313,1,frame,540
adulterated/ratio_85_15/IMG (83).MOV#f00550,IMG (83).MOV,train,1,85_15,yellow_dye_85_15_d2,cycling,SVI_colored,161.42254081741808,75.73457918815443,29.544213168546147,10.731847661410097,208.9452823945887,161.42254081741808,8.213764300157047,18.991143877505948,16.04189692450878,96.01838929480338,14.36764483302017,1,frame,550
adulterated/ratio_85_15/IMG (83).MOV#f00560,IMG (83).MOV,train,1,85_15,yellow_dye_85_15_d2,cycling,SVI_colored,130.12866024351032,105.43969690496802,18.48748159057437,23.32578218979415,219.79459015840536,130.49826080113323,2.579617730397951,12.209992424907265,15.42490766185869,102.8530618669125,16.848755439368624,1,frame,560
adulterated/ratio_85_15/IMG (83).MOV#f00570,IMG (83).MOV,train,1,85_15,yellow_dye_85_15_d2,cycling,SVI_colored,66.75474390849142,37.40066109579477,63.65517110365479,152.78913798712478,119.24603259411236,70.06729689232735,9.404332066536766,10.575539002672643,12.80362597082677,49.10320123290566,8.462748372848521,1,frame,570
adulterated/ratio_85_15/IMG (83).MOV#f00580,IMG (83).MOV,train,1,85_15,yellow_dye_85_15_d2,cycling,SVI_colored,135.2957407650848,76.62549406248631,40.96798343630866,12.279409315980894,178.4990096840629,135.29898996538276,13.73167046256738,23.320562237939114,14.276889903817972,90.04322772884623,13.693632834439464,1,frame,580
adulterated/ratio_85_15/IMG (83).MOV#f00590,IMG (83).MOV,train,1,85_15,yellow_dye_85_15_d2,cycling,SVI_colored,127.42987252554757,115.3695684955701,19.63036953337864,26.527445945750543,216.84543800106175,128.4671749670004,2.4167489961791184,9.338566942682831,18.19641113433337,107.99447837933307,17.749161082896073,1,frame,590
adulterated/ratio_85_15/IMG (83).MOV#f00600,IMG (83).MOV,train,1,85_15,yellow_dye_85_15_d2,cycling,SVI_colored,78.22115860447853,40.49758366324384,63.08149820611159,162.36430046084374,128.28609427192873,81.43574863911914,10.665045687481022,7.991548995287197,17.469355581805537,54.28201742855376,10.065085076985609,1,frame,600
adulterated/ratio_85_15/IMG (83).MOV#f00610,IMG (83).MOV,train,1,85_15,yellow_dye_85_15_d2,cycling,SVI_colored,101.58853790061768,97.4697672829047,54.17131453321678,29.398847746396285,125.08084122067652,103.75781449544388,11.197496810685086,30.788635607683105,15.250006195223204,93.70733549898011,15.399019350902703,1,frame,610
adulterated/ratio_85_15/IMG (83).MOV#f00620,IMG (83).MOV,train,1,85_15,yellow_dye_85_15_d2,cycling,SVI_colored,151.00451392412404,118.656624650266,20.699576695031965,22.449216088488136,221.0192770473029,151.13919231382553,2.3713398628419986,12.30419280865068,19.085647114660738,117.0961551006799,20.73925312968516,1,frame,620
adulterated/ratio_85_15/IMG (83).MOV#f00630,IMG (83).MOV,train,1,85_15,yellow_dye_85_15_d2,cycling,SVI_colored,99.72775794788332,43.91524292134416,49.24681437369384,105.3647870392632,146.69217325368496,99.93954985112168,84.51737060041924,10.790525817821392,11.957244772570004,61.15121784320616,9.802284359629182,1,frame,630
adulterated/ratio_85_15/IMG (83).MOV#f00640,IMG (83).MOV,train,1,85_15,yellow_dye_85_15_d2,cycling,SVI_colored,106.00794379753754,112.33106810487484,61.68403383989433,35.18072424053804,121.0874823513337,113.9946503666368,11.532937445271084,29.35430650470022,21.16546159038592,104.60924524434864,19.772008841926635,1,frame,640
adulterated/ratio_85_15/IMG (83).MOV#f00650,IMG (83).MOV,train,1,85_15,yellow_dye_85_15_d2,cycling,SVI_colored,182.81598536705965,132.19994166911323,22.3164238144537,20.37079322280081,224.53570738754885,182.81601820232703,2.367068103103487,10.515677288529018,20.49891018866265,134.74593035832933,23.288332202100328,1,frame,650
adulterated/ratio_85_15/IMG (83).MOV#f00660,IMG (83).MOV,train,1,85_15,yellow_dye_85_15_d2,cycling,SVI_colored,162.4716718780265,76.69210548161266,18.30955708053165,12.085164227012369,228.09548087477057,162.4716718780265,1.0122314184767642,25.22522158504528,17.707386968060163,95.6189942536687,18.48641577572976,1,frame,660
adulterated/ratio_85_15/IMG (83).MOV#f00670,IMG (83).MOV,train,1,85_15,yellow_dye_85_15_d2,cycling,SVI_colored,74.09303480117163,61.68384118071915,67.71936781047766,106.9320567618944,56.87684667530384,78.57254501283565,70.98936511052136,24.993986826697853,21.92009752570349,66.01588801360595,13.569641175014452,1,frame,670
adulterated/ratio_85_15/IMG (83).MOV#f00680,IMG (83).MOV,train,1,85_15,yellow_dye_85_15_d2,cycling,SVI_colored,178.30521197836714,117.17011851905454,20.07534807111488,18.23590787938933,227.16131961206932,178.30521197836714,2.3474838468515005,13.07274388874018,20.83399063780352,124.3038663847984,23.14495700348796,1,frame,680
adulterated/ratio_85_15/IMG (83).MOV#f00690,IMG (83).MOV,train,1,85_15,yellow_dye_85_15_d2,cycling,SVI_colored,169.48364334307374,84.0386525527644,15.35964061974973,13.26892120832549,232.77673493155623,169.48364334307374,1.3804210563536252,15.51205067793963,18.363754987969443,101.6882779197886,17.600701562442538,1,frame,690
adulterated/ratio_85_15/IMG (83).MOV#f00700,IMG (83).MOV,train,1,85_15,yellow_dye_85_15_d2,cycling,SVI_colored,58.32657223434936,37.69479453800928,67.05487661304171,144.75592946079394,120.21545581208429,71.71982246582715,14.690863438723945,15.220083513541496,23.86880533040184,47.14633291375217,12.623473349958804,1,frame,700
adulterated/ratio_85_15/IMG (83).MOV#f00710,IMG (83).MOV,train,1,85_15,yellow_dye_85_15_d2,cycling,SVI_colored,165.9592886415363,82.07061143844916,25.10914924084449,12.9249196172705,218.38117040079243,165.9592886415363,12.884746339568164,29.768991058441927,19.029796485153124,100.59529304161892,19.340809566413903,1,frame,710
adulterated/ratio_85_15/IMG (83).MOV#f00720,IMG (83).MOV,train,1,85_15,yellow_dye_85_15_d2,cycling,SVI_colored,146.4957400822951,105.97945131829847,19.09153536251416,20.388795896715365,222.5859671823252,146.52444837918824,2.2772268082012106,13.010795385793068,15.69366655376186,108.12708963569372,17.87188284834324,1,frame,720
adulterated/ratio_85_15/IMG (83).MOV#f00730,IMG (83).MOV,train,1,85_15,yellow_dye_85_15_d2,cycling,SVI_colored,61.189984346668176,37.365399053717134,65.11210725011333,148.51583571792838,119.8428168206029,70.62842637975974,13.381363771511584,14.498597648685326,24.55162695507998,47.58690432343608,13.790329344000211,1,frame,730
adulterated/ratio_85_15/IMG (83).MOV#f00740,IMG (83).MOV,train,1,85_15,yellow_dye_85_15_d2,cycling,SVI_colored,154.45621299274032,78.44764474439674,35.84041747535198,13.84086129828776,197.99055115059332,154.45621299274032,22.6060121121298,30.593381033808345,16.357545268754517,96.23909727823823,17.423089283564526,1,frame,740
adulterated/ratio_85_15/IMG (83).MOV#f00750,IMG (83).MOV,train,1,85_15,yellow_dye_85_15_d2,cycling,SVI_colored,124.58739086560092,114.3845742974263,19.62107353655498,26.97114603889854,216.0617461862333,125.5994716022032,2.493523670707756,10.26690986714075,17.42226315863177,106.56787886283344,17.27592568701029,1,frame,750
adulterated/ratio_85_15/IMG (83).MOV#f00760,IMG (83).MOV,train,1,85_15,yellow_dye_85_15_d2,cycling,SVI_colored,73.15485962719679,39.19212275722407,60.2277733749813,161.9036687232788,126.54216169475384,77.11620918650647,12.59225972620318,11.88602179336186,23.818884686851263,51.67619103285021,14.581712916674608,1,frame,760
adulterated/ratio_85_15/IMG (83).MOV#f00770,IMG (83).MOV,train,1,85_15,yellow_dye_85_15_d2,cycling,SVI_colored,108.49052420428218,90.89248514013188,48.06524946202211,23.31183997884154,146.870966024528,109.02008336295862,12.603773360486752,36.603057664904206,17.661994448351688,91.20474760121112,19.26374642400615,1,frame,770
adulterated/ratio_85_15/IMG (83).MOV#f00780,IMG (83).MOV,train,1,85_15,yellow_dye_85_15_d2,cycling,SVI_colored,147.083796286087,122.77129766434328,21.25650664192308,24.086159253485505,219.00961471587564,147.34326978370282,2.2010263703733046,10.962092546059154,18.29271081893627,118.40122948942602,19.52158367014526,1,frame,780
adulterated/ratio_85_15/IMG (83).MOV#f00790,IMG (83).MOV,train,1,85_15,yellow_dye_85_15_d2,cycling,SVI_colored,88.72032042198724,42.3859987386251,57.37692994454865,161.6042231486866,136.45413427909148,90.00485383613594,36.85867951943112,11.237990234366496,16.137486163523516,57.88512970046442,12.07376161179769,1,frame,790
adulterated/ratio_85_15/IMG (83).MOV#f00800,IMG (83).MOV,train,1,85_15,yellow_dye_85_15_d2,cycling,SVI_colored,106.2316455943564,114.73205330225632,60.543999587850834,35.89021731985795,125.14579954272762,115.79880192502084,10.6558692932346,27.35535100361352,21.34487238224181,105.95547723142352,19.55801018364028,1,frame,800
adulterated/ratio_85_15/IMG (83).MOV#f00810,IMG (83).MOV,train,1,85_15,yellow_dye_85_15_d2,cycling,SVI_colored,169.74707629179733,131.64184361591586,23.021438318699808,22.068367171190477,221.40702333477807,169.78906905042652,2.299290166934977,13.055686937786117,20.844426330670032,130.5904045212197,23.15202525209057,1,frame,810
adulterated/ratio_85_15/IMG (83).MOV#f00820,IMG (83).MOV,train,1,85_15,yellow_dye_85_15_d2,cycling,SVI_colored,133.42670909689454,58.68193367041167,31.035065713393376,12.632781571550364,197.4200271801062,133.42670909689454,26.85206457329187,22.492319289271773,16.076756503745504,77.80487722526568,12.7923858356537,1,frame,820
adulterated/ratio_85_15/IMG (83).MOV#f00830,IMG (83).MOV,train,1,85_15,yellow_dye_85_15_d2,cycling,SVI_colored,95.7514109581495,102.92956977670052,61.45481678827365,37.28564369905569,111.15652663084394,104.44523679558507,14.401380813711157,26.6929423731994,22.50424637182605,95.98761895700105,20.13812176516597,1,frame,830
adulterated/ratio_85_15/IMG (83).MOV#f00840,IMG (83).MOV,train,1,85_15,yellow_dye_85_15_d2,cycling,SVI_colored,183.1129098181478,133.9184664469176,22.20122495541642,20.66907292592314,224.59582774979512,183.1129098181478,2.1677647231567905,8.525423996716986,19.89211969938076,135.8343585353405,22.01254337985343,1,frame,840
adulterated/ratio_85_15/IMG (83).MOV#f00850,IMG (83).MOV,train,1,85_15,yellow_dye_85_15_d2,cycling,SVI_colored,165.56860231783102,79.6907048080408,17.14866826374831,12.504562290604031,229.4569963667866,165.56860231783102,1.4196450453131733,17.707910144424034,19.77561181460226,98.17299222969687,17.721754291773532,1,frame,850
adulterated/ratio_85_15/IMG (83).MOV#f00860,IMG (83).MOV,train,1,85_15,yellow_dye_85_15_d2,cycling,SVI_colored,63.69108808754934,55.12225287047004,55.268902867479966,79.30178806362875,44.82515548379381,64.73334716242076,72.44510793785396,23.257518719183985,12.577763667034786,57.63841795239804,8.878258019200814,1,frame,860
adulterated/ratio_85_15/IMG (83).MOV#f00870,IMG (83).MOV,train,1,85_15,yellow_dye_85_15_d2,cycling,SVI_colored,168.19759485965506,108.40157456881975,18.237786946229285,17.889298613459587,227.9674589110585,168.19759485965506,1.981370332735096,10.638854980431043,18.124877345633685,115.92471288468042,19.24878250067473,1,frame,870
adulterated/ratio_85_15/IMG (83).MOV#f00880,IMG (83).MOV,train,1,85_15,yellow_dye_85_15_d2,cycling,SVI_colored,158.06336689005803,75.80216322743853,14.539510306159494,12.723695811267914,232.47056823616865,158.06336689005803,1.155849822391243,15.853435461624342,17.949233760028633,93.34524913995288,16.307054991687096,1,frame,880
adulterated/ratio_85_15/IMG (83).MOV#f00890,IMG (83).MOV,train,1,85_15,yellow_dye_85_15_d2,cycling,SVI_colored,49.870904831884026,35.19998232102803,60.41217234051173,142.3693800205518,112.23689454124909,63.30870984018946,14.776535548393648,19.842495522888584,28.928896020867604,42.39547491980008,15.637180887408396,1,frame,890
adulterated/ratio_85_15/IMG (83).MOV#f00900,IMG (83).MOV,train,1,85_15,yellow_dye_85_15_d2,cycling,SVI_colored,168.34434384182478,94.28192240649436,19.62389561233129,14.89999900393446,226.8246486378804,168.34434384182478,1.7827077759107206,23.268015435415013,21.641146251360357,107.84923153543504,22.35129269095081,1,frame,900
adulterated/ratio_75_25/IMG (87).MOV#f00000,IMG (87).MOV,train,1,75_25,yellow_dye_75_25_d2,cycling,SVI_colored,127.44498545592512,59.25449256700047,13.725352679443992,11.83137496119664,229.72845119974247,127.44498545592512,1.3156332538069422,22.318039137840017,25.544302384246876,74.38636076204054,20.05232835722725,1,frame,0
adulterated/ratio_75_25/IMG (87).MOV#f00010,IMG (87).MOV,train,1,75_25,yellow_dye_75_25_d2,cycling,SVI_colored,28.527521235243302,22.285218111143102,53.81051504463,126.99615066225164,150.56986754966888,53.810533040598905,3.9533794197496936,21.376037593431978,22.975531767877765,27.69766052404261,11.343226179481332,1,frame,10
adulterated/ratio_75_25/IMG (87).MOV#f00020,IMG (87).MOV,train,1,75_25,yellow_dye_75_25_d2,cycling,SVI_colored,127.0466274223062,73.53928951871221,17.08278803220215,15.221781362392964,222.6242915415536,127.0466274223062,1.483860531945982,26.630762604788785,24.83137922509074,83.03588038140768,21.617181412997223,1,frame,20
adulterated/ratio_75_25/IMG (87).MOV#f00030,IMG (87).MOV,train,1,75_25,yellow_dye_75_25_d2,cycling,SVI_colored,120.06910056595235,66.50544256579964,14.648791089276704,14.587890221259622,225.41828329649087,120.06910056595235,1.428135716527975,20.778925642532226,24.0929125089128,76.54393254011855,19.746748191730735,1,frame,30
adulterated/ratio_75_25/IMG (87).MOV#f00040,IMG (87).MOV,train,1,75_25,yellow_dye_75_25_d2,cycling,SVI_colored,23.295669726620883,16.040484670817833,55.73631393761727,126.00240390675364,183.2943030110958,55.73631393761727,2.544287363724672,17.99501008221057,21.03374383937029,22.674964796721323,9.844196134734563,1,frame,40
adulterated/ratio_75_25/IMG (87).MOV#f00050,IMG (87).MOV,train,1,75_25,yellow_dye_75_25_d2,cycling,SVI_colored,107.11021385487112,52.47835679034911,23.61708462803875,15.640519100712847,201.47830378358617,107.15178577956496,28.451200759581155,29.33363934330089,23.677027382512776,65.45802412721623,18.188959686482317,1,frame,50
adulterated/ratio_75_25/IMG (87).MOV#f00060,IMG (87).MOV,train,1,75_25,yellow_dye_75_25_d2,cycling,SVI_colored,106.30689923430003,76.84799329344126,15.019731565156944,20.18060617769276,220.62525033161933,106.4384050533782,2.5141349738347887,20.851294965760896,25.722817347278173,78.54240328704175,22.739513398279765,1,frame,60
adulterated/ratio_75_25/IMG (87).MOV#f00070,IMG (87).MOV,train,1,75_25,yellow_dye_75_25_d2,cycling,SVI_colored,24.223872848747405,15.734901702722713,51.72021606207672,127.73757780154097,179.55840896419986,51.72021606207672,2.841614651608771,23.62112154981265,22.66071894824749,22.318839626004223,10.41175100635759,1,frame,70
adulterated/ratio_75_25/IMG (87).MOV#f00080,IMG (87).MOV,train,1,75_25,yellow_dye_75_25_d2,cycling,SVI_colored,116.3790659322727,57.65456350082456,28.903652067738825,16.417780960407615,193.49759926893373,116.61789499753304,31.75902718967071,26.689592271776927,26.40496034083036,71.86674550714844,19.753818735661003,1,frame,80
adulterated/ratio_75_25/IMG (87).MOV#f00090,IMG (87).MOV,train,1,75_25,yellow_dye_75_25_d2,cycling,SVI_colored,76.52486261548263,80.13556865243709,14.567997371774451,31.2660520866518,211.6087667250717,80.57668843580758,3.187522710123239,19.74102642728828,25.028913921157805,71.52507566103854,21.787235659839126,1,frame,90
adulterated/ratio_75_25/IMG (87).MOV#f00100,IMG (87).MOV,train,1,75_25,yellow_dye_75_25_d2,cycling,SVI_colored,32.91608282246966,17.169077630426624,44.901994323157766,139.7012776804704,159.0983301795321,45.033916395596144,6.435526702213586,28.853684049432243,23.23139679818428,24.95716369010384,10.965382823443369,1,frame,100
adulterated/ratio_75_25/IMG (87).MOV#f00110,IMG (87).MOV,train,1,75_25,yellow_dye_75_25_d2,cycling,SVI_colored,72.55593054084314,63.92240618611822,44.99580503355772,34.178067983782945,106.08396566037054,74.7823702866929,43.45918108955577,31.33961493033889,23.003679532812107,64.2735150281105,18.482956435205413,1,frame,110
adulterated/ratio_75_25/IMG (87).MOV#f00120,IMG (87).MOV,train,1,75_25,yellow_dye_75_25_d2,cycling,SVI_colored,88.86162394320681,86.80452010382895,16.521438176947054,29.02056980829172,210.60892762204597,90.2735142347827,3.21248796595715,19.46619667572664,25.396891593573034,79.34493938098763,23.005865284512957,1,frame,120
adulterated/ratio_75_25/IMG (87).MOV#f00130,IMG (87).MOV,train,1,75_25,yellow_dye_75_25_d2,cycling,SVI_colored,55.920504392764855,27.63222118863049,44.37039173126615,159.03318449612402,137.4232,59.17071214470284,26.424240311694845,14.085164238687492,24.294361070920782,37.93934263565892,13.204343278166672,1,frame,130
adulterated/ratio_75_25/IMG (87).MOV#f00140,IMG (87).MOV,train,1,75_25,yellow_dye_75_25_d2,cycling,SVI_colored,67.34121157394684,87.23195006085352,55.69111276876971,53.480583583072686,95.08678497114366,88.32501014225328,15.046014124976251,38.55127617790899,27.178904573785573,77.61534468393249,20.171005074193253,1,frame,140
adulterated/ratio_75_25/IMG (87).MOV#f00150,IMG (87).MOV,train,1,75_25,yellow_dye_75_25_d2,cycling,SVI_colored,123.9724552370484,99.61795290850714,18.65396575164155,22.982094819357265,218.7210860740698,124.31444225892608,2.676871720067642,21.987718887321883,28.6572217997875,97.600879349744,26.30272937268789,1,frame,150
adulterated/ratio_75_25/IMG (87).MOV#f00160,IMG (87).MOV,train,1,75_25,yellow_dye_75_25_d2,cycling,SVI_colored,100.19637861957834,50.01022422609096,19.361000983590547,16.845155409631747,207.7007791990364,100.30647565322737,28.73612126094176,30.84402578673402,26.539119847380707,61.45387006838629,18.874015365006755,1,frame,160
adulterated/ratio_75_25/IMG (87).MOV#f00170,IMG (87).MOV,train,1,75_25,yellow_dye_75_25_d2,cycling,SVI_colored,56.83241065103687,71.18401325557248,63.60287381975915,77.32867948879681,62.98989820574279,75.05612512251216,22.01340512579568,24.87077897953462,25.245665034509187,65.96061658790308,17.22079075489986,1,frame,170
adulterated/ratio_75_25/IMG (87).MOV#f00180,IMG (87).MOV,train,1,75_25,yellow_dye_75_25_d2,cycling,SVI_colored,138.7554101660795,104.56787136693072,19.236826172149428,21.30456597324232,220.9631360186389,138.88575486857468,2.4026374832465973,18.96155349428861,26.75785003841621,104.99589974427688,25.03614795335761,1,frame,180
adulterated/ratio_75_25/IMG (87).MOV#f00190,IMG (87).MOV,train,1,75_25,yellow_dye_75_25_d2,cycling,SVI_colored,122.96635982498309,62.64900874227299,11.352140127861816,13.53638231654516,232.49906975813715,122.96635982498309,2.5005399877627505,18.7369311828584,27.437139038275056,74.76777676481599,20.484804215537764,1,frame,190
adulterated/ratio_75_25/IMG (87).MOV#f00200,IMG (87).MOV,train,1,75_25,yellow_dye_75_25_d2,cycling,SVI_colored,37.559683157903386,38.75457884487391,62.55356981454548,118.80179565766372,105.4781143951159,62.55369580638888,6.503881874229566,22.290091509032933,23.315418813206517,41.06970361788317,11.6582354833727,1,frame,200
adulterated/ratio_75_25/IMG (87).MOV#f00210,IMG (87).MOV,train,1,75_25,yellow_dye_75_25_d2,cycling,SVI_colored,139.51045961130555,96.43248164529338,18.83805324741394,19.137408017969683,221.89168707622937,139.51483249332114,2.073817802673411,25.120131416385757,28.19310618115417,100.40151285593952,25.67001140550308,1,frame,210
adulterated/ratio_75_25/IMG (87).MOV#f00220,IMG (87).MOV,train,1,75_25,yellow_dye_75_25_d2,cycling,SVI_colored,131.92791575455306,72.63879736408566,13.295005754778725,14.717206224188123,230.06255500891427,131.92791575455306,1.9103072539121384,16.946481262999395,28.46364504708219,83.52784297352802,22.1808922389962,1,frame,220
adulterated/ratio_75_25/IMG (87).MOV#f00230,IMG (87).MOV,train,1,75_25,yellow_dye_75_25_d2,cycling,SVI_colored,29.5441041746629,24.563827432698584,64.47352909040481,124.16108914968665,158.7232132101003,64.47352909040481,3.2530055224662093,15.483663474230973,22.644921208189142,30.530594863548117,9.684028730236433,1,frame,230
adulterated/ratio_75_25/IMG (87).MOV#f00240,IMG (87).MOV,train,1,75_25,yellow_dye_75_25_d2,cycling,SVI_colored,133.79651819602893,73.59015927112937,19.08756796588634,16.667126319696358,219.38800495233244,133.8125238744145,19.789303278283505,28.31432243745314,26.7315955813848,85.30651090840624,20.278606430177447,1,frame,240
adulterated/ratio_75_25/IMG (87).MOV#f00250,IMG (87).MOV,train,1,75_25,yellow_dye_75_25_d2,cycling,SVI_colored,122.03846231981215,85.11997527360109,15.5768274172812,19.46657147583517,223.3077798189633,122.05070653072951,1.706476136581926,17.211351855221434,26.095058252332866,88.16594838219119,21.784906465342296,1,frame,250
adulterated/ratio_75_25/IMG (87).MOV#f00260,IMG (87).MOV,train,1,75_25,yellow_dye_75_25_d2,cycling,SVI_colored,30.348555031987438,25.6877898402895,60.46766189055204,124.50616148120888,147.98039686285804,60.46766189055204,3.722001681377486,17.858833656488322,22.531239617487778,30.998863972735347,10.298721226635536,1,frame,260
adulterated/ratio_75_25/IMG (87).MOV#f00270,IMG (87).MOV,train,1,75_25,yellow_dye_75_25_d2,cycling,SVI_colored,116.51584628110705,72.40273223771415,39.907909686163904,17.908178773956287,167.5854378656355,116.94678539750248,28.83180694994705,29.99746537038187,23.86489108808104,81.82342857712355,18.37693375396665,1,frame,270
adulterated/ratio_75_25/IMG (87).MOV#f00280,IMG (87).MOV,train,1,75_25,yellow_dye_75_25_d2,cycling,SVI_colored,93.07231200006596,104.90593614583304,18.327080179048863,33.94282032188128,211.5391112955213,104.90738150652749,1.8488222752227967,14.08603393343344,25.91969567845067,91.44171706652232,22.22860528852617,1,frame,280
adulterated/ratio_75_25/IMG (87).MOV#f00290,IMG (87).MOV,train,1,75_25,yellow_dye_75_25_d2,cycling,SVI_colored,54.4936824043955,34.32068302081137,61.31243478933787,145.39981640947093,114.36179075482926,62.20405500244165,7.625217798126703,22.77720305083434,23.11327085523489,43.351202277803424,12.77805609434695,1,frame,290
adulterated/ratio_75_25/IMG (87).MOV#f00300,IMG (87).MOV,train,1,75_25,yellow_dye_75_25_d2,cycling,SVI_colored,80.67266384414435,92.19295242930728,58.8780364634942,42.330142299891634,90.3374524688881,92.8363046249512,15.368597389731145,36.293295213183136,22.29018031248204,84.88436120642356,17.339671263778776,1,frame,300
adulterated/ratio_75_25/IMG (87).MOV#f00310,IMG (87).MOV,train,1,75_25,yellow_dye_75_25_d2,cycling,SVI_colored,130.63648827750103,122.55623600383896,21.808275780491805,27.6960699183014,214.32466254634025,131.67891025520396,2.584229354233395,16.862579176306866,26.30538167394712,113.4210663562532,24.986550908111862,1,frame,310
adulterated/ratio_75_25/IMG (87).MOV#f00320,IMG (87).MOV,train,1,75_25,yellow_dye_75_25_d2,cycling,SVI_colored,84.24774884134548,45.715095106508926,57.6600743612056,144.31455390096266,124.25818559749474,87.39836438081885,59.90206334591419,13.894021047622935,27.733847635349093,58.532438234644246,17.67886547379186,1,frame,320
adulterated/ratio_75_25/IMG (87).MOV#f00330,IMG (87).MOV,train,1,75_25,yellow_dye_75_25_d2,cycling,SVI_colored,94.97433984824612,121.0960893761105,67.58053683775297,46.93042564841821,116.79387229429972,122.00395308815806,12.677581587420669,35.646920888201386,31.36805829506827,107.12280834087632,25.024355165703504,1,frame,330
adulterated/ratio_75_25/IMG (87).MOV#f00340,IMG (87).MOV,train,1,75_25,yellow_dye_75_25_d2,cycling,SVI_colored,146.83269217847064,109.86989315952157,18.544374076065044,21.224045827173768,223.6115609461094,146.83582515790889,1.50397549606126,11.704788265214583,20.88520370084188,110.44133013035882,19.777556606446563,1,frame,340
adulterated/ratio_75_25/IMG (87).MOV#f00350,IMG (87).MOV,train,1,75_25,yellow_dye_75_25_d2,cycling,SVI_colored,149.94557885356485,81.663499501319,16.3310533677197,15.083064320997126,228.513437830118,149.94557885356485,11.337699576661429,26.404269005360508,27.700927404098312,94.5575784758656,23.593827429661232,1,frame,350
adulterated/ratio_75_25/IMG (87).MOV#f00360,IMG (87).MOV,train,1,75_25,yellow_dye_75_25_d2,cycling,SVI_colored,55.15128792987189,60.951317899153366,69.7234434704428,104.6136450138608,55.14165280587398,71.09288379411103,18.702462809874056,26.668904190151157,24.60423890250289,60.15724881995954,16.011549472297606,1,frame,360
adulterated/ratio_75_25/IMG (87).MOV#f00370,IMG (87).MOV,train,1,75_25,yellow_dye_75_25_d2,cycling,SVI_colored,158.8782321891903,112.553555630763,19.71881215748443,19.83311364837344,224.17749357273053,158.88188964690096,2.178101205963402,17.149385506328453,26.60103725682305,115.7586226346758,25.2785653112432,1,frame,370
adulterated/ratio_75_25/IMG (87).MOV#f00380,IMG (87).MOV,train,1,75_25,yellow_dye_75_25_d2,cycling,SVI_colored,145.19746091763537,76.69012007394689,13.109364810615803,14.142703727856318,232.9359366306305,145.19746091763537,1.873513273548848,17.73440297775743,28.45731023622108,89.85543264312253,23.1605987577047,1,frame,380
adulterated/ratio_75_25/IMG (87).MOV#f00390,IMG (87).MOV,train,1,75_25,yellow_dye_75_25_d2,cycling,SVI_colored,34.9951580961576,29.86688690301361,60.6458430874189,125.57091426195136,131.0195857191463,60.6458430874189,4.486511867769545,22.990756617150296,21.880332779786567,34.86096029638849,11.022953777503744,1,frame,390
adulterated/ratio_75_25/IMG (87).MOV#f00400,IMG (87).MOV,train,1,75_25,yellow_dye_75_25_d2,cycling,SVI_colored,143.73154745097824,84.46210528335713,18.665804976602782,16.270289237280934,222.693040048028,143.73154745097824,11.570710157558,30.61871430002556,24.92965840529462,94.6081658611738,21.060846808072128,1,frame,400
adulterated/ratio_75_25/IMG (87).MOV#f00410,IMG (87).MOV,train,1,75_25,yellow_dye_75_25_d2,cycling,SVI_colored,133.03373139624915,82.35809800843083,15.988550090330351,16.84355105815554,225.2073404163799,133.03373139624915,1.6345390863724552,19.87179402018798,26.131273788194115,89.87826641001377,21.882729485676357,1,frame,410
adulterated/ratio_75_25/IMG (87).MOV#f00420,IMG (87).MOV,train,1,75_25,yellow_dye_75_25_d2,cycling,SVI_colored,29.20718374084949,20.637082842825507,59.47559413465398,127.2038234803278,167.52276407362805,59.47559413465398,2.65885911029145,18.502249965026408,23.106146206802425,27.56810278337821,10.196041475120245,1,frame,420
adulterated/ratio_75_25/IMG (87).MOV#f00430,IMG (87).MOV,train,1,75_25,yellow_dye_75_25_d2,cycling,SVI_colored,121.85966516234774,61.65763589372997,32.46626528355405,16.584366467918855,188.0493051462702,122.14346704208693,32.231059425008446,26.709035543721672,23.73201620053412,76.26074352368833,16.978918504146762,1,frame,430
adulterated/ratio_75_25/IMG (87).MOV#f00440,IMG (87).MOV,train,1,75_25,yellow_dye_75_25_d2,cycling,SVI_colored,82.16810566052692,89.6595757329555,16.162614563000982,32.78914462928651,211.01927333617368,89.70766197350561,2.958367690198324,17.27255644409317,24.818177062771014,78.98384971315902,21.06241867748493,1,frame,440
adulterated/ratio_75_25/IMG (87).MOV#f00450,IMG (87).MOV,train,1,75_25,yellow_dye_75_25_d2,cycling,SVI_colored,37.44609510405672,20.741996317663855,50.53709050765229,139.3449648986613,150.39837738919016,50.55949355777339,5.5784339242286025,25.42380787163837,24.10484472510452,29.029440072678668,10.865789688115074,1,frame,450
adulterated/ratio_75_25/IMG (87).MOV#f00460,IMG (87).MOV,train,1,75_25,yellow_dye_75_25_d2,cycling,SVI_colored,76.73352003796649,70.3177780223865,49.33210206920944,32.17992215427312,98.59106452317236,79.00889974791265,37.07672803510179,33.56634452659416,22.33485005030293,69.77614030275744,17.593959925826663,1,frame,460
adulterated/ratio_75_25/IMG (87).MOV#f00470,IMG (87).MOV,train,1,75_25,yellow_dye_75_25_d2,cycling,SVI_colored,92.69137036848102,91.37650869764832,17.17909503647401,29.3712714040368,210.1843697393256,94.1820894761006,3.0394021894364887,17.92108497890514,24.0426311995333,83.24744171810437,21.80313647113702,1,frame,470
adulterated/ratio_75_25/IMG (87).MOV#f00480,IMG (87).MOV,train,1,75_25,yellow_dye_75_25_d2,cycling,SVI_colored,45.738564468937554,23.89100466691505,50.43657109761675,147.5977677207691,139.93276675842756,52.62504701347455,8.949546017433786,22.327259733240545,22.408746027387995,33.37816844331985,11.33972699131874,1,frame,480
adulterated/ratio_75_25/IMG (87).MOV#f00490,IMG (87).MOV,train,1,75_25,yellow_dye_75_25_d2,cycling,SVI_colored,62.25842263283281,80.93505295228113,59.41460556594077,62.587802614120974,79.73511126530025,82.62232539771878,18.593058416547542,32.98319398308924,26.24164078755352,72.82737316457005,19.29979910489666,1,frame,490
adulterated/ratio_75_25/IMG (87).MOV#f00500,IMG (87).MOV,train,1,75_25,yellow_dye_75_25_d2,cycling,SVI_colored,124.12853137976248,94.47411366073683,17.19925149372962,21.623114558068924,220.68977976565904,124.30735314891932,2.2527584691393985,16.352488063691478,24.325470087933564,94.46290596317954,21.802992640818275,1,frame,500
adulterated/ratio_75_25/IMG (87).MOV#f00510,IMG (87).MOV,train,1,75_25,yellow_dye_75_25_d2,cycling,SVI_colored,99.3182991501371,49.77309021714258,12.573946503197524,16.587469239137853,224.52567252377568,99.3185319892894,24.264759831307348,28.264008859717496,24.20599776801248,60.27952139510797,17.204243222752513,1,frame,510
adulterated/ratio_75_25/IMG (87).MOV#f00520,IMG (87).MOV,train,1,75_25,yellow_dye_75_25_d2,cycling,SVI_colored,40.880392293303096,48.71112370910371,56.157385993852,99.76511929662269,72.32933767759417,58.2489060894694,18.032811269871647,27.51679232314072,22.50133906720145,47.16226305427188,14.666051883195976,1,frame,520
adulterated/ratio_75_25/IMG (87).MOV#f00530,IMG (87).MOV,train,1,75_25,yellow_dye_75_25_d2,cycling,SVI_colored,118.47505259778896,87.04190034942516,15.77696083943822,20.76779481852996,221.6660014843924,118.54737685779072,2.0148540327167743,14.73094912621042,22.099767687986983,88.2471676934055,19.213880528322715,1,frame,530
adulterated/ratio_75_25/IMG (87).MOV#f00540,IMG (87).MOV,train,1,75_25,yellow_dye_75_25_d2,cycling,SVI_colored,100.91580982045484,51.14356399930406,10.66268549677277,13.348069815107936,229.55262231011116,100.91580982045484,4.173382587958473,21.17237068560849,24.184754892689146,61.34746935086208,17.48477018736053,1,frame,540
adulterated/ratio_75_25/IMG (87).MOV#f00550,IMG (87).MOV,train,1,75_25,yellow_dye_75_25_d2,cycling,SVI_colored,24.207409839873293,21.68435595904825,56.03537324520391,122.34879869928336,159.553257097776,56.03537324520391,3.178654811153855,23.22443484799529,20.992469112899183,26.28077137942841,10.146621488499765,1,frame,550
adulterated/ratio_75_25/IMG (87).MOV#f00560,IMG (87).MOV,train,1,75_25,yellow_dye_75_25_d2,cycling,SVI_colored,105.00168558729791,64.14031945498655,14.06051154989235,16.373203505194297,222.39320098198385,105.00168558729791,4.198289968487464,28.82560036286934,24.107268590344027,70.58571573345797,19.59487015556923,1,frame,560
adulterated/ratio_75_25/IMG (87).MOV#f00570,IMG (87).MOV,train,1,75_25,yellow_dye_75_25_d2,cycling,SVI_colored,100.746084502626,54.886014401057125,10.616219666513622,14.57992138769751,229.29143215489532,100.746084502626,1.1997265384189262,17.95789422703856,23.44496428518648,63.48857881947166,17.391057783305506,1,frame,570
adulterated/ratio_75_25/IMG (87).MOV#f00580,IMG (87).MOV,train,1,75_25,yellow_dye_75_25_d2,cycling,SVI_colored,19.032559971217704,13.21740356472613,50.63624186851548,125.06497894808491,190.87605138028607,50.63624186851548,2.259338573403959,20.397103515627737,21.806043718751692,19.15461975282232,9.698332240135642,1,frame,580
adulterated/ratio_75_25/IMG (87).MOV#f00590,IMG (87).MOV,train,1,75_25,yellow_dye_75_25_d2,cycling,SVI_colored,98.2015211996191,48.05473980569756,20.10746060005309,16.53592695514093,205.17721512821572,98.34899670479814,29.660468906311166,27.65973800370908,23.720160363902966,59.79846175203424,17.24302010982185,1,frame,590
adulterated/ratio_75_25/IMG (87).MOV#f00600,IMG (87).MOV,train,1,75_25,yellow_dye_75_25_d2,cycling,SVI_colored,61.83978496787599,67.76890838746031,13.195397990551466,32.955952123404494,208.9705223861824,67.81289589003879,3.3161896696309765,23.19908186420808,22.49441544103901,59.72165062562575,19.38373944723464,1,frame,600
adulterated/ratio_75_25/IMG (87).MOV#f00610,IMG (87).MOV,train,1,75_25,yellow_dye_75_25_d2,cycling,SVI_colored,24.90548860079332,14.843044519636544,47.6861929564435,130.02178458730944,178.5535034026537,47.6861929564435,2.625975081348145,27.86440296035973,21.027362310765863,21.55000823733668,10.500576575103828,1,frame,610
adulterated/ratio_75_25/IMG (87).MOV#f00620,IMG (87).MOV,train,1,75_25,yellow_dye_75_25_d2,cycling,SVI_colored,70.93141859030008,52.93938855128701,46.33816638600968,53.58537899151754,101.5300468575134,72.63589201853382,69.46811973308776,24.22902201010452,21.51261903148076,57.50503090713217,16.506789386495342,1,frame,620
adulterated/ratio_75_25/IMG (87).MOV#f00630,IMG (87).MOV,train,1,75_25,yellow_dye_75_25_d2,cycling,SVI_colored,68.14082074264468,74.5360530319257,14.309821560970788,32.912812570367805,209.55785950054647,74.56376627727525,2.6679544980216208,23.76105754847021,24.509347784940783,65.70469411629018,21.32406718860366,1,frame,630
adulterated/ratio_75_25/IMG (87).MOV#f00640,IMG (87).MOV,train,1,75_25,yellow_dye_75_25_d2,cycling,SVI_colored,35.5606740966619,18.851844455838304,41.35253798202768,145.64377850338667,144.69212564427772,42.479555819413335,8.714050972696315,33.202112321801806,20.758074817188724,26.332209838896837,11.368113805943304,1,frame,640
adulterated/ratio_75_25/IMG (87).MOV#f00650,IMG (87).MOV,train,1,75_25,yellow_dye_75_25_d2,cycling,SVI_colored,56.12121733961798,70.76390644138976,51.427568737136525,58.71100266365952,77.25747227322091,71.89799211734545,17.777807079644976,32.607556213622054,24.01016998194968,64.10299946393505,18.35315908917876,1,frame,650
adulterated/ratio_75_25/IMG (87).MOV#f00660,IMG (87).MOV,train,1,75_25,yellow_dye_75_25_d2,cycling,SVI_colored,98.99833931973184,88.1046373987523,16.889839603298093,25.912809923364403,213.89397530792385,99.35996917125946,2.0418677686000146,19.626271867405052,25.272875035506093,83.17897538063315,22.97114420506556,1,frame,660
adulterated/ratio_75_25/IMG (87).MOV#f00670,IMG (87).MOV,train,1,75_25,yellow_dye_75_25_d2,cycling,SVI_colored,59.482914542531184,28.407408728481983,35.52410127804819,133.2875992558895,141.89184880728305,60.65271276566556,69.50240803385839,17.767852358491133,19.80026144167286,38.44395849224336,13.268635729401977,1,frame,670
adulterated/ratio_75_25/IMG (87).MOV#f00680,IMG (87).MOV,train,1,75_25,yellow_dye_75_25_d2,cycling,SVI_colored,61.23555258541475,80.7263275137137,58.8597248907081,61.991109069139306,78.50337203798068,81.6448723303539,15.78699059210346,28.767845127029503,24.79725699002568,72.33167376715953,19.560657639595227,1,frame,680
adulterated/ratio_75_25/IMG (87).MOV#f00690,IMG (87).MOV,train,1,75_25,yellow_dye_75_25_d2,cycling,SVI_colored,125.05924407342096,97.01431586994102,16.872434132230687,22.12058746029402,221.6884937353591,125.1163367125041,1.633405496015314,14.22497158062166,23.856119912739228,96.19570234341292,21.174816214589992,1,frame,690
adulterated/ratio_75_25/IMG (87).MOV#f00700,IMG (87).MOV,train,1,75_25,yellow_dye_75_25_d2,cycling,SVI_colored,105.28595416360244,53.27968686075143,11.35781856697882,14.353960799865469,228.7589159097127,105.28604201125955,13.736084915082357,22.041786148348585,25.70723887648438,63.98411463366272,18.41159693828145,1,frame,700
adulterated/ratio_75_25/IMG (87).MOV#f00710,IMG (87).MOV,train,1,75_25,yellow_dye_75_25_d2,cycling,SVI_colored,49.00869994597673,58.61019890829,63.29024672254775,96.29884399987289,62.90759576907376,66.0836480616403,17.67054869649208,23.55090063110313,22.36455960374981,56.215291273409065,16.273413786666666,1,frame,710
adulterated/ratio_75_25/IMG (87).MOV#f00720,IMG (87).MOV,train,1,75_25,yellow_dye_75_25_d2,cycling,SVI_colored,134.04613701663283,90.43198987795556,16.073060600469198,18.77376176292274,225.1633576719298,134.04685399478083,1.6226872500434424,14.773545841588785,23.45080407687265,94.93151277117326,20.375131419171925,1,frame,720
adulterated/ratio_75_25/IMG (87).MOV#f00730,IMG (87).MOV,train,1,75_25,yellow_dye_75_25_d2,cycling,SVI_colored,125.1659368318066,66.63893557201958,12.560831406832309,14.128616627610638,230.70173293041188,125.1659368318066,1.6978875355906335,17.4858174882134,27.860987402092395,77.90668633933244,21.820097521193407,1,frame,730
adulterated/ratio_75_25/IMG (87).MOV#f00740,IMG (87).MOV,train,1,75_25,yellow_dye_75_25_d2,cycling,SVI_colored,25.631251433297862,20.15219368653228,61.98812391939004,124.34691605834712,174.8518491797027,61.98812391939004,2.7430433313216347,19.83732058008408,21.032262396110298,26.488674048096968,10.350344903060156,1,frame,740
adulterated/ratio_75_25/IMG (87).MOV#f00750,IMG (87).MOV,train,1,75_25,yellow_dye_75_25_d2,cycling,SVI_colored,127.69791144656804,68.62334595151637,17.95880201788133,16.195728321010687,220.41997733352864,127.70800856288918,19.603815239173443,27.485728531744662,25.00125648929689,80.4413125994228,19.590372899788328,1,frame,750
adulterated/ratio_75_25/IMG (87).MOV#f00760,IMG (87).MOV,train,1,75_25,yellow_dye_75_25_d2,cycling,SVI_colored,110.5795352687402,75.92867535593763,14.228541538117764,19.029884286944004,223.80112945287047,110.60676097394996,2.1642416318108597,19.985662747699102,26.398373577771174,79.1916591124349,22.591539739835504,1,frame,760
adulterated/ratio_75_25/IMG (87).MOV#f00770,IMG (87).MOV,train,1,75_25,yellow_dye_75_25_d2,cycling,SVI_colored,24.04464704510328,18.712130493734445,57.68484091975117,124.5120787186434,175.60914932500148,57.68484091975117,2.7601659046110063,21.855522992742877,20.86042314170346,24.67855870449495,10.61512691689902,1,frame,770
adulterated/ratio_75_25/IMG (87).MOV#f00780,IMG (87).MOV,train,1,75_25,yellow_dye_75_25_d2,cycling,SVI_colored,125.20392492776598,62.56519215525838,22.700603441663045,15.69402695031834,209.92974762842312,125.26133115139736,25.139606892014008,26.43501668578268,24.40509810675746,76.6791019969828,18.183035800417937,1,frame,780
adulterated/ratio_75_25/IMG (87).MOV#f00790,IMG (87).MOV,train,1,75_25,yellow_dye_75_25_d2,cycling,SVI_colored,79.78726935707988,86.41866382028483,16.51621973558132,32.63564492660648,209.4833079907074,86.46722338546543,3.100949301400747,21.96784328498808,26.014829906694768,76.41251607232067,22.57030658694312,1,frame,790
adulterated/ratio_75_25/IMG (87).MOV#f00800,IMG (87).MOV,train,1,75_25,yellow_dye_75_25_d2,cycling,SVI_colored,31.792360159258536,20.640558710266955,59.39201096534169,129.4662173922503,167.98692154559103,59.39201096534169,2.6878322784396937,22.019924631235,23.033279646861555,28.344154537345258,10.998111866273836,1,frame,800
adulterated/ratio_75_25/IMG (87).MOV#f00810,IMG (87).MOV,train,1,75_25,yellow_dye_75_25_d2,cycling,SVI_colored,83.6792400773634,62.88154425821986,50.66044823953671,35.49516200052393,106.69742437838951,84.99612068244777,56.004436069690726,25.115258311458945,21.59647368406398,67.64189328532493,17.16066476006135,1,frame,810
adulterated/ratio_75_25/IMG (87).MOV#f00820,IMG (87).MOV,train,1,75_25,yellow_dye_75_25_d2,cycling,SVI_colored,75.56026956425245,82.19810633212067,15.176203486820205,32.751396857483044,210.41575817195368,82.21472166321264,2.1612486115642144,19.065566009127608,23.77434674085792,72.51540517114691,20.678055139012415,1,frame,820
adulterated/ratio_75_25/IMG (87).MOV#f00830,IMG (87).MOV,train,1,75_25,yellow_dye_75_25_d2,cycling,SVI_colored,38.401430180867656,20.948009567837858,44.86294793742057,144.81049132290343,140.68253259114144,45.64357584065443,7.753340668772616,31.84590310683798,20.832631407621733,28.81573587439716,11.67300128909797,1,frame,830
adulterated/ratio_75_25/IMG (87).MOV#f00840,IMG (87).MOV,train,1,75_25,yellow_dye_75_25_d2,cycling,SVI_colored,59.10429206566347,74.12373461012312,54.24034427724578,56.9453345873233,75.38889933880529,75.17845987232103,15.747435758398469,31.202129178333536,21.794078695009304,67.28878533971728,15.896229326149465,1,frame,840
adulterated/ratio_75_25/IMG (87).MOV#f00850,IMG (87).MOV,train,1,75_25,yellow_dye_75_25_d2,cycling,SVI_colored,98.00667619200604,88.02336244479953,17.26442398469182,26.17007239821555,213.6238364572501,98.61674599752568,2.5478676456868072,22.906918272915764,26.67540778207243,82.88080644115848,24.56598044069325,1,frame,850
adulterated/ratio_75_25/IMG (87).MOV#f00860,IMG (87).MOV,train,1,75_25,yellow_dye_75_25_d2,cycling,SVI_colored,58.622474990506014,27.785409958018384,35.34737315777701,134.86629349675124,142.81347053223533,60.01237339187523,68.09815132864557,16.219662421102456,19.736319959182044,37.8026473908452,12.72885853850996,1,frame,860
adulterated/ratio_75_25/IMG (87).MOV#f00870,IMG (87).MOV,train,1,75_25,yellow_dye_75_25_d2,cycling,SVI_colored,57.61290095401464,76.88198439068069,55.68360065696974,61.451787425518695,82.11887832226228,78.17385049159546,15.894796434173024,29.40436129755303,23.98222194035452,68.6306054333309,17.308592268825763,1,frame,870
adulterated/ratio_75_25/IMG (87).MOV#f00880,IMG (87).MOV,train,1,75_25,yellow_dye_75_25_d2,cycling,SVI_colored,116.64926599366352,90.1640322136293,16.06849085935809,22.027734321191726,220.87189572387197,116.84423519688292,2.138813463692155,14.085617737171225,23.938543825119872,89.56649595607769,21.059081474882145,1,frame,880
adulterated/ratio_75_25/IMG (87).MOV#f00890,IMG (87).MOV,train,1,75_25,yellow_dye_75_25_d2,cycling,SVI_colored,90.84014826322172,44.60039791232302,10.33051796737664,15.445242086041729,227.77328264039355,90.84014826322172,20.86940845631524,26.15765934461977,21.63939645511886,54.45461755447447,15.039442853734451,1,frame,890
adulterated/ratio_75_25/IMG (87).MOV#f00900,IMG (87).MOV,train,1,75_25,yellow_dye_75_25_d2,cycling,SVI_colored,39.38744470782451,47.164741581832416,49.983975851340766,92.27760904992698,62.08826641833689,53.41012508201232,21.36296592660093,26.971616808996377,23.382532638088797,45.09211835171115,14.476392656872354,1,frame,900
adulterated/ratio_75_25/IMG (87).MOV#f00910,IMG (87).MOV,train,1,75_25,yellow_dye_75_25_d2,cycling,SVI_colored,118.26581491366976,85.41012460115248,15.475204923971956,20.264502767889844,223.33238128110747,118.36794095870955,2.269414383057045,18.17055083138681,27.30444559640404,87.19623693453235,24.026530086607178,1,frame,910
adulterated/ratio_75_25/IMG (87).MOV#f00920,IMG (87).MOV,train,1,75_25,yellow_dye_75_25_d2,cycling,SVI_colored,111.7850127128975,55.937939001311925,10.648183623001636,13.20387075801377,231.7592444243205,111.7850127128975,1.4801953413757094,17.7008790488543,27.026107076959537,67.40642088398175,19.28795401620986,1,frame,920
adulterated/ratio_75_25/IMG (87).MOV#f00930,IMG (87).MOV,train,1,75_25,yellow_dye_75_25_d2,cycling,SVI_colored,31.29798385969924,28.63552667124151,52.1326063263272,123.8688530698554,116.6281458526755,52.13264358750633,5.137842977717342,26.538747406277015,22.529386433967968,32.06509217484187,10.984209046501292,1,frame,930
adulterated/ratio_75_25/IMG (87).MOV#f00940,IMG (87).MOV,train,1,75_25,yellow_dye_75_25_d2,cycling,SVI_colored,135.85457870689353,86.69175131053797,18.619609013580064,17.296745166647085,221.63718022397416,135.85457870689353,1.4215066784045784,30.184686807173243,25.03150942930042,93.56803525672574,22.178764868777613,1,frame,940
adulterated/ratio_75_25/IMG (87).MOV#f00950,IMG (87).MOV,train,1,75_25,yellow_dye_75_25_d2,cycling,SVI_colored,140.27490160983243,79.92468444312375,15.218424444298554,15.37454605765543,228.250334301974,140.27490160983243,1.6023999599702452,19.633511826771013,23.78782314372748,90.51675310719432,20.51724024398896,1,frame,950
adulterated/ratio_75_25/IMG (87).MOV#f00960,IMG (87).MOV,train,1,75_25,yellow_dye_75_25_d2,cycling,SVI_colored,36.539980823868646,30.110632882835247,61.9942894608828,128.26214547069648,129.74589158435737,61.9942894608828,5.27693014857794,21.747097837270665,38.01600046127367,35.628046502118536,17.090263930711764,1,frame,960
adulterated/ratio_75_25/IMG (87).MOV#f00970,IMG (87).MOV,train,1,75_25,yellow_dye_75_25_d2,cycling,SVI_colored,150.18093730726648,80.73503273219049,21.763919540486118,19.344490514723912,220.406525632166,150.1906083506097,28.60918891422197,35.01025087578938,22.544768280664066,94.70791071282612,19.398677787763543,1,frame,970
adulterated/ratio_75_25/IMG (87).MOV#f00980,IMG (87).MOV,train,1,75_25,yellow_dye_75_25_d2,cycling,SVI_colored,137.77380253864035,105.08386871560246,20.066024703094943,21.67204524691954,219.37600175283532,138.15343622575926,3.0664287002791686,21.39988705650376,22.936379111447284,105.10121510112226,23.123168436424866,1,frame,980
adulterated/ratio_75_25/IMG (87).MOV#f00990,IMG (87).MOV,train,1,75_25,yellow_dye_75_25_d2,cycling,SVI_colored,42.64774123525557,31.375314001747487,60.14280935998252,135.2715364242027,120.02929772826562,60.1430755788554,6.373292197398101,23.405150166647683,34.74386106595825,37.95250723569245,16.02393093760476,1,frame,990
adulterated/ratio_75_25/IMG (87).MOV#f01000,IMG (87).MOV,train,1,75_25,yellow_dye_75_25_d2,cycling,SVI_colored,146.5615286905987,76.16609746860473,30.76697288293512,17.74186337235608,203.6507626360294,146.6983674796312,29.611690009417178,32.67562760689974,22.9147224043822,91.96663236955088,19.036994179815157,1,frame,1000
adulterated/ratio_75_25/IMG (87).MOV#f01010,IMG (87).MOV,train,1,75_25,yellow_dye_75_25_d2,cycling,SVI_colored,98.87379080311312,100.82219396416848,17.99379173518505,30.402435370798187,211.9228044712822,102.03815503019248,2.6107092027843533,16.001531586732757,25.5262983576063,90.73365378853951,22.964092491835693,1,frame,1010
adulterated/ratio_75_25/IMG (87).MOV#f01020,IMG (87).MOV,train,1,75_25,yellow_dye_75_25_d2,cycling,SVI_colored,49.6802965292854,29.02036502048468,49.19752474401272,153.3991578203616,117.92151432788025,53.53772144253178,10.03402207941363,21.946676494709106,21.942076284403267,37.44008444588796,12.123239004899514,1,frame,1020
adulterated/ratio_75_25/IMG (87).MOV#f01030,IMG (87).MOV,train,1,75_25,yellow_dye_75_25_d2,cycling,SVI_colored,83.5768678545653,71.06632391532206,43.4121737932934,26.62584253329967,127.3679782516111,84.98888098316591,31.03112130645321,35.662637905385544,24.326880030592424,71.59252628652891,21.5831170859648,1,frame,1030
adulterated/ratio_75_25/IMG (87).MOV#f01040,IMG (87).MOV,train,1,75_25,yellow_dye_75_25_d2,cycling,SVI_colored,96.59070926245772,89.59319367934428,16.89403482857991,27.202340914349552,213.39487270577072,97.46717321036677,2.627622686550707,20.64590859158044,25.54548068476501,83.33733613482694,23.511738579202103,1,frame,1040
adulterated/ratio_75_25/IMG (87).MOV#f01050,IMG (87).MOV,train,1,75_25,yellow_dye_75_25_d2,cycling,SVI_colored,46.64694303014195,23.07090085301129,43.671555354369296,155.64554972299973,139.93186914956354,50.33426704984343,11.056359094693931,19.63789154421848,22.003492099986826,32.41154887580255,11.417504698448278,1,frame,1050
adulterated/ratio_75_25/IMG (87).MOV#f01060,IMG (87).MOV,train,1,75_25,yellow_dye_75_25_d2,cycling,SVI_colored,64.72778626411477,78.86962190872696,51.65580215852478,49.63630554806761,91.58666347181038,80.10482722816266,17.316979936943113,39.27214751350424,26.31013755163956,71.46823014945937,19.32977575607203,1,frame,1060
adulterated/ratio_75_25/IMG (87).MOV#f01070,IMG (87).MOV,train,1,75_25,yellow_dye_75_25_d2,cycling,SVI_colored,116.3888250359404,94.22193601318617,16.614918676802656,23.263706312572296,219.66885142301737,116.84078503401864,2.470128952975283,13.85554710101281,23.873231923254018,91.93209208128994,21.369471484402773,1,frame,1070
adulterated/ratio_75_25/IMG (87).MOV#f01080,IMG (87).MOV,train,1,75_25,yellow_dye_75_25_d2,cycling,SVI_colored,84.40717845038174,40.26124144842609,27.86940537418138,24.33336523137097,174.94119335778464,84.86007084844141,49.87332422295343,23.910908034258867,21.050108471008706,51.98584423086292,14.137860139366827,1,frame,1080
adulterated/ratio_75_25/IMG (87).MOV#f01090,IMG (87).MOV,train,1,75_25,yellow_dye_75_25_d2,cycling,SVI_colored,63.16230919143754,79.11468490961401,58.730349487833095,59.39673350745787,75.02580288334877,80.72295704637331,18.50371138198791,34.4989175685269,25.239000362266868,71.94621680423901,18.08766909145988,1,frame,1090
adulterated/ratio_75_25/IMG (87).MOV#f01100,IMG (87).MOV,train,1,75_25,yellow_dye_75_25_d2,cycling,SVI_colored,133.7643657144377,99.7616712599276,18.006072080398134,21.10031482398779,221.34048197657603,133.8771039517558,2.2021111216227736,13.452511605881435,22.792568955477982,100.5420557640715,20.989071299844795,1,frame,1100
adulterated/ratio_75_25/IMG (87).MOV#f01110,IMG (87).MOV,train,1,75_25,yellow_dye_75_25_d2,cycling,SVI_colored,116.6999804046441,57.75199137804341,12.21258021848822,14.05321445484087,229.33920540831824,116.6999804046441,14.011086106632366,24.960914145125415,24.232388636370413,70.12043469031173,17.42400137370505,1,frame,1110
adulterated/ratio_75_25/IMG (87).MOV#f01120,IMG (87).MOV,train,1,75_25,yellow_dye_75_25_d2,cycling,SVI_colored,41.333141889900375,44.99909050333903,63.35610499633675,113.75956445215458,87.20225016210937,63.49563188964774,10.08033531779524,27.65091135948572,22.086743584424266,45.94564578473562,12.41481761843017,1,frame,1120
adulterated/ratio_75_25/IMG (87).MOV#f01130,IMG (87).MOV,train,1,75_25,yellow_dye_75_25_d2,cycling,SVI_colored,126.0572780785146,85.96943683555543,15.960271314507477,19.01114878415858,223.3451803449541,126.07524057992876,1.968627461352936,15.76892652946329,22.679199981325016,89.91071716302525,19.71190357130387,1,frame,1130
adulterated/ratio_75_25/IMG (87).MOV#f01140,IMG (87).MOV,train,1,75_25,yellow_dye_75_25_d2,cycling,SVI_colored,113.9113305020229,56.85087583911821,11.181599834907663,13.215872101996542,230.9201521901614,113.9113305020229,2.781157261341927,19.55949365628392,22.69235642439858,68.64071086817411,16.44922042943832,1,frame,1140
adulterated/ratio_60_40/IMG (91).MOV#f00000,IMG (91).MOV,train,1,60_40,yellow_dye_60_40_d2,cycling,SVI_colored,80.25820821142655,59.45984310195158,40.3416985499791,21.836039931839373,132.28287303475548,81.06672989743754,33.11093494830811,31.41611001039504,18.7557246741846,63.43481657717905,17.6417051073556,1,frame,0
adulterated/ratio_60_40/IMG (91).MOV#f00010,IMG (91).MOV,train,1,60_40,yellow_dye_60_40_d2,cycling,SVI_colored,106.94360078598328,90.1806779105944,15.86981332896676,24.337882757491403,219.04715081054528,107.43913869330277,2.317855094495517,15.607502263050469,21.293601697196006,86.65210905518258,19.8883565255718,1,frame,10
adulterated/ratio_60_40/IMG (91).MOV#f00020,IMG (91).MOV,train,1,60_40,yellow_dye_60_40_d2,cycling,SVI_colored,49.917056979472,20.27223327906409,45.52000982990068,155.81012932463085,159.93875066489255,53.05175733726098,8.305309172262337,15.50606444752198,21.818469149193355,31.956274726322956,11.576710237706443,1,frame,20
adulterated/ratio_60_40/IMG (91).MOV#f00030,IMG (91).MOV,train,1,60_40,yellow_dye_60_40_d2,cycling,SVI_colored,67.98108422186596,78.57443910052505,56.75601530227074,48.74384813090058,76.23027881687321,79.24383710376534,17.454939442517293,33.16714147628969,23.08865198690785,72.85050258289436,18.74770452118833,1,frame,30
adulterated/ratio_60_40/IMG (91).MOV#f00040,IMG (91).MOV,train,1,60_40,yellow_dye_60_40_d2,cycling,SVI_colored,128.66378214251827,95.06357511925404,16.963667417126,20.882362480483746,222.5157415314546,128.8077788991538,2.210059478700513,13.444566658530071,21.533685323081176,96.13926109946604,20.189806860291373,1,frame,40
adulterated/ratio_60_40/IMG (91).MOV#f00050,IMG (91).MOV,train,1,60_40,yellow_dye_60_40_d2,cycling,SVI_colored,92.16440447771416,38.50564057673707,32.7600821237235,34.30375253295557,170.12125945316558,92.32329617496563,64.91333558293397,18.084287554202326,16.60501474051168,53.83248664821277,12.173377609215596,1,frame,50
adulterated/ratio_60_40/IMG (91).MOV#f00060,IMG (91).MOV,train,1,60_40,yellow_dye_60_40_d2,cycling,SVI_colored,68.63353295709251,82.53382507241881,69.82218786710496,66.75970377135526,56.38353557148982,84.01707201444542,19.84472854837321,22.68885962246426,21.3099082267693,76.85595193691982,16.63426888564877,1,frame,60
adulterated/ratio_60_40/IMG (91).MOV#f00070,IMG (91).MOV,train,1,60_40,yellow_dye_60_40_d2,cycling,SVI_colored,145.4758519682789,103.5940201471744,19.734996785025363,19.875606280710947,221.8320532971351,145.50272479023283,2.2494498268843954,17.28273412467787,23.841144261021054,106.49291316393196,23.453713533686205,1,frame,70
adulterated/ratio_60_40/IMG (91).MOV#f00080,IMG (91).MOV,train,1,60_40,yellow_dye_60_40_d2,cycling,SVI_colored,148.54997095989324,81.99243701436308,47.5210941056432,10.069222196059965,187.09187818852524,148.54997095989324,11.35434255233195,65.54683419034795,35.66853459693427,97.89342123852131,40.459972840936494,1,frame,80
adulterated/ratio_60_40/IMG (91).MOV#f00090,IMG (91).MOV,train,1,60_40,yellow_dye_60_40_d2,cycling,SVI_colored,45.99664000206769,46.68309188732807,66.83907117595619,119.62729438320346,80.89020775987215,66.83978194474957,6.081592907506628,26.135291696960685,23.30874723506358,48.72196017110144,13.39191145296096,1,frame,90
adulterated/ratio_60_40/IMG (91).MOV#f00100,IMG (91).MOV,train,1,60_40,yellow_dye_60_40_d2,cycling,SVI_colored,144.46960255596846,92.99015227046134,17.59676651862594,17.713325931297017,225.28700942626665,144.46976117103236,2.17113406878813,16.92291033592726,22.54186686918045,99.72650684310705,21.86019213934845,1,frame,100
adulterated/ratio_60_40/IMG (91).MOV#f00110,IMG (91).MOV,train,1,60_40,yellow_dye_60_40_d2,cycling,SVI_colored,136.76115545742047,63.41079746100419,14.206180017494848,11.914975539611374,230.58392667116917,136.76115545742047,1.350551895118737,22.217753782174817,21.5549006289941,79.65748228708995,19.201016343734903,1,frame,110
adulterated/ratio_60_40/IMG (91).MOV#f00120,IMG (91).MOV,train,1,60_40,yellow_dye_60_40_d2,cycling,SVI_colored,31.58609171967341,22.07984130861669,62.10262559544502,127.81927597643588,166.5486902558417,62.10262559544502,2.8598355834376674,16.437075866806023,24.95593719115223,29.43253502203264,12.766441341998307,1,frame,120
adulterated/ratio_60_40/IMG (91).MOV#f00130,IMG (91).MOV,train,1,60_40,yellow_dye_60_40_d2,cycling,SVI_colored,144.2805722804544,77.87451433590275,21.11838069593556,13.615273139106217,220.0150235175833,144.2805722804544,1.5667042967962874,32.115368471961425,21.282643619625293,91.184001109429,21.06136060547509,1,frame,130
adulterated/ratio_60_40/IMG (91).MOV#f00140,IMG (91).MOV,train,1,60_40,yellow_dye_60_40_d2,cycling,SVI_colored,133.9224641733408,72.77300622331451,15.180800126722332,14.478640806990848,227.92292498181968,133.9224641733408,1.683364052608875,20.76667806466328,21.30810178673628,84.42211496691539,19.93224341735937,1,frame,140
adulterated/ratio_60_40/IMG (91).MOV#f00150,IMG (91).MOV,train,1,60_40,yellow_dye_60_40_d2,cycling,SVI_colored,27.91943725374609,16.810056829169977,63.663827149850526,127.6543929018293,190.92821676635265,63.663827149850526,2.542256846010242,17.141370632357756,24.420124793535887,25.397734289262573,12.701372735262396,1,frame,150
adulterated/ratio_60_40/IMG (91).MOV#f00160,IMG (91).MOV,train,1,60_40,yellow_dye_60_40_d2,cycling,SVI_colored,139.6873227654265,61.943625226860256,36.33680004159105,16.728278130671505,192.49431431488205,139.6920891938899,36.81066117059255,26.170350432464247,19.26425131036529,82.19766381200847,16.655349214195216,1,frame,160
adulterated/ratio_60_40/IMG (91).MOV#f00170,IMG (91).MOV,train,1,60_40,yellow_dye_60_40_d2,cycling,SVI_colored,106.76788770113592,84.9285890943793,15.912585656862916,22.71240528718001,218.6597583246105,107.06862791633046,2.359278586020219,16.222259556874125,17.55300903506597,83.51861530044543,17.096386661940162,1,frame,170
adulterated/ratio_60_40/IMG (91).MOV#f00180,IMG (91).MOV,train,1,60_40,yellow_dye_60_40_d2,cycling,SVI_colored,33.760169111841044,19.031931246333475,61.984254677680056,131.0789493877369,179.41296260083715,61.984254677680056,3.0987861431387222,19.198501119464524,24.402496079148214,28.28474255742055,12.665303992916472,1,frame,180
adulterated/ratio_60_40/IMG (91).MOV#f00190,IMG (91).MOV,train,1,60_40,yellow_dye_60_40_d2,cycling,SVI_colored,124.07797430646062,66.0430807422578,53.567420095575,22.890168187178052,151.74598150561658,124.68281511822752,48.54147641519067,22.607126170380784,18.101561078199133,81.91471730900516,16.389119564906082,1,frame,190
adulterated/ratio_60_40/IMG (91).MOV#f00200,IMG (91).MOV,train,1,60_40,yellow_dye_60_40_d2,cycling,SVI_colored,90.86072325278356,93.88834712319768,16.919493500577374,30.95209920227136,211.11873232125265,94.3651356562457,2.354160829326266,15.344203143918111,19.413029368171745,84.14523587554162,16.999886168606135,1,frame,200
adulterated/ratio_60_40/IMG (91).MOV#f00210,IMG (91).MOV,train,1,60_40,yellow_dye_60_40_d2,cycling,SVI_colored,47.64272701337831,24.308867322986373,59.86876191810852,141.45057332045386,153.0820941837128,59.88866171840981,5.128227072143907,22.00735301483448,24.048630700658784,35.26999864865541,12.891782084707728,1,frame,210
adulterated/ratio_60_40/IMG (91).MOV#f00220,IMG (91).MOV,train,1,60_40,yellow_dye_60_40_d2,cycling,SVI_colored,73.51689949025254,81.58433920904834,69.6716681582941,54.85907363451237,48.69241604731702,83.20990700027238,26.079991867028227,25.38085718677829,24.16475648054309,77.7382518126516,18.165256761019368,1,frame,220
adulterated/ratio_60_40/IMG (91).MOV#f00230,IMG (91).MOV,train,1,60_40,yellow_dye_60_40_d2,cycling,SVI_colored,119.18302782271456,103.48822328880128,18.842992361341743,25.27882173964281,216.117606410902,119.6711975444874,2.14404769470944,15.13218310171454,19.49290624451227,98.45902390160808,18.32890513432309,1,frame,230
adulterated/ratio_60_40/IMG (91).MOV#f00240,IMG (91).MOV,train,1,60_40,yellow_dye_60_40_d2,cycling,SVI_colored,71.17060104771173,32.18152185421782,52.852206093668855,164.44042967272873,145.01407200875278,73.30330951864755,8.622440087143561,14.09332927213588,21.17755963490572,46.125138022658405,13.31930578777209,1,frame,240
adulterated/ratio_60_40/IMG (91).MOV#f00250,IMG (91).MOV,train,1,60_40,yellow_dye_60_40_d2,cycling,SVI_colored,77.4646483796117,97.61725886427296,77.20806175552524,61.181846097156544,64.1671815630599,98.36000469948652,13.648955914945905,18.01167310354318,20.840593821908172,89.18770443433937,16.275267629181187,1,frame,250
adulterated/ratio_60_40/IMG (91).MOV#f00260,IMG (91).MOV,train,1,60_40,yellow_dye_60_40_d2,cycling,SVI_colored,145.3551816689151,115.64585474935858,21.584683540382294,22.744277872751493,218.23705814926112,145.46786962534043,2.0383692702452905,16.741555873868283,21.10005186894289,113.74057718358966,21.023949210346373,1,frame,260
adulterated/ratio_60_40/IMG (91).MOV#f00270,IMG (91).MOV,train,1,60_40,yellow_dye_60_40_d2,cycling,SVI_colored,121.24836821209878,57.23278648812328,33.442414373191575,15.774117488728889,187.40905726397955,121.2487881030886,33.95167703711239,25.43623423460518,19.59490253307005,73.59378507502859,15.777015719641032,1,frame,270
adulterated/ratio_60_40/IMG (91).MOV#f00280,IMG (91).MOV,train,1,60_40,yellow_dye_60_40_d2,cycling,SVI_colored,60.78890145818878,74.56716010918191,91.67305361091388,105.74179718189696,84.58739818192127,91.7403770609977,6.742147184800765,19.64336024630504,19.300235609327917,72.31214311362857,14.681382700705996,1,frame,280
adulterated/ratio_60_40/IMG (91).MOV#f00290,IMG (91).MOV,train,1,60_40,yellow_dye_60_40_d2,cycling,SVI_colored,152.79944730360253,115.62593725236655,22.276442603394564,21.411138033922743,218.78952337087588,152.83467454707215,1.905407763187139,17.97531106026823,20.71984771787657,116.03659181997888,20.57740907472877,1,frame,290
adulterated/ratio_60_40/IMG (91).MOV#f00300,IMG (91).MOV,train,1,60_40,yellow_dye_60_40_d2,cycling,SVI_colored,142.0369215403697,69.25116092244143,15.209061030188057,12.604529158083576,229.03584950211285,142.0369215403697,1.550259490542217,20.90603187173308,21.065821880621,84.7773661512741,18.125413011785813,1,frame,300
adulterated/ratio_60_40/IMG (91).MOV#f00310,IMG (91).MOV,train,1,60_40,yellow_dye_60_40_d2,cycling,SVI_colored,39.1421947235064,38.51286061966572,81.10009001600284,120.79945045785918,136.7073313033428,81.10009001600284,2.253202199210788,14.682408822048949,20.19442526932789,43.48165229374111,11.050012243465444,1,frame,310
adulterated/ratio_60_40/IMG (91).MOV#f00320,IMG (91).MOV,train,1,60_40,yellow_dye_60_40_d2,cycling,SVI_colored,153.2225545079552,100.41307896287566,20.373703594578668,18.010114908662345,221.71171773718328,153.2225545079552,1.427669036912491,19.975079243974523,17.15862563101142,107.01582793164408,16.87706642642337,1,frame,320
adulterated/ratio_60_40/IMG (91).MOV#f00330,IMG (91).MOV,train,1,60_40,yellow_dye_60_40_d2,cycling,SVI_colored,145.7282460200184,75.47260713190398,15.593560158982411,13.683255731824053,228.8292735817201,145.7282460200184,1.352560421655396,19.769719781323072,19.052111977616185,89.57465389107288,17.368545283194234,1,frame,330
adulterated/ratio_60_40/IMG (91).MOV#f00340,IMG (91).MOV,train,1,60_40,yellow_dye_60_40_d2,cycling,SVI_colored,33.23044666979438,25.29588921424296,77.58312005565172,124.92784689304838,172.73463834468478,77.58312005565172,2.026283689211366,10.585618416548632,20.67964524892708,33.564868231601764,9.673415571706284,1,frame,340
adulterated/ratio_60_40/IMG (91).MOV#f00350,IMG (91).MOV,train,1,60_40,yellow_dye_60_40_d2,cycling,SVI_colored,144.01976043261683,73.17873225695992,37.29522415831605,15.496530537088365,190.84229449731552,144.01985411457628,28.94303665186185,28.392547205477708,18.07604747334654,90.19491016223132,16.214841371521995,1,frame,350
adulterated/ratio_60_40/IMG (91).MOV#f00360,IMG (91).MOV,train,1,60_40,yellow_dye_60_40_d2,cycling,SVI_colored,109.91206548455057,84.81387889161985,15.519523934925092,22.01686856273408,220.02667076310863,110.07426995552434,2.0613950853356493,15.29395966311372,14.95261709424648,84.348866894897,14.473171867421597,1,frame,360
adulterated/ratio_60_40/IMG (91).MOV#f00370,IMG (91).MOV,train,1,60_40,yellow_dye_60_40_d2,cycling,SVI_colored,32.013816868077654,21.92265150334943,63.54376145223629,127.76647081951648,168.20596221040216,63.54376145223629,2.513482097285958,14.763764195199654,20.36406499567059,29.62094674292836,10.019094632152452,1,frame,370
adulterated/ratio_60_40/IMG (91).MOV#f00380,IMG (91).MOV,train,1,60_40,yellow_dye_60_40_d2,cycling,SVI_colored,143.66719203220268,66.53297593677854,41.5757488308767,16.74035843248683,184.40352142899425,143.6704552181377,37.19655553328159,25.42218143329296,18.016010237730505,86.68005238856331,15.841219746861348,1,frame,380
adulterated/ratio_60_40/IMG (91).MOV#f00390,IMG (91).MOV,train,1,60_40,yellow_dye_60_40_d2,cycling,SVI_colored,96.38420637639996,90.65707138050752,16.350433666202935,27.750851438880105,213.44198863096884,97.09616202314264,2.112163537918251,14.65095403313628,15.586147439806725,83.84478836841606,14.819396731004728,1,frame,390
adulterated/ratio_60_40/IMG (91).MOV#f00400,IMG (91).MOV,train,1,60_40,yellow_dye_60_40_d2,cycling,SVI_colored,46.494257241955935,25.42149563742414,60.17177067372893,139.94485672108718,148.1022895022143,60.17389095360588,4.8141652315683565,17.964235482054992,24.449858382893986,35.61035656706685,12.292658967244996,1,frame,400
adulterated/ratio_60_40/IMG (91).MOV#f00410,IMG (91).MOV,train,1,60_40,yellow_dye_60_40_d2,cycling,SVI_colored,115.175302093507,74.52836225884622,56.11282788945237,19.276189269704016,136.55022087458983,116.05231519886884,35.92161323706792,27.665548338043443,18.510404472728705,84.51986645362452,17.789077822464932,1,frame,410
adulterated/ratio_60_40/IMG (91).MOV#f00420,IMG (91).MOV,train,1,60_40,yellow_dye_60_40_d2,cycling,SVI_colored,114.5496903447586,99.91954874910196,17.132724329535016,25.440528914797063,217.64545156919272,114.69583306808778,1.4257043283895698,11.213872570974438,15.03077032409205,94.77933994779968,14.107561741887078,1,frame,420
adulterated/ratio_60_40/IMG (91).MOV#f00430,IMG (91).MOV,train,1,60_40,yellow_dye_60_40_d2,cycling,SVI_colored,67.63911424010479,31.29875567925996,55.91931153043264,160.58782694118128,143.4318570668413,70.48715975604765,8.395025190224823,13.715077412694509,21.66667790691644,44.90476034546273,12.73758888879701,1,frame,430
adulterated/ratio_60_40/IMG (91).MOV#f00440,IMG (91).MOV,train,1,60_40,yellow_dye_60_40_d2,cycling,SVI_colored,85.7168552435888,89.82429478804612,54.11373776715064,33.81796780634506,103.66997395255584,90.35447531244608,10.293293800876544,25.317691091343107,17.944954386984957,84.46347606018028,15.630131131216816,1,frame,440
adulterated/ratio_60_40/IMG (91).MOV#f00450,IMG (91).MOV,train,1,60_40,yellow_dye_60_40_d2,cycling,SVI_colored,161.32633218249686,112.49695948451314,20.00816984039354,19.53278236006625,224.20837418940187,161.33068695874292,1.889919773437673,12.525869122086068,19.99839835167468,116.49205675628907,20.176960712587743,1,frame,450
adulterated/ratio_60_40/IMG (91).MOV#f00460,IMG (91).MOV,train,1,60_40,yellow_dye_60_40_d2,cycling,SVI_colored,131.87381792078898,54.582573889703816,26.67740551168815,14.175349552136325,205.5244881558004,131.87381792078898,31.279066789284407,25.420602832027964,17.322959037927394,74.43947988514715,14.30513378451943,1,frame,460
adulterated/ratio_60_40/IMG (91).MOV#f00470,IMG (91).MOV,train,1,60_40,yellow_dye_60_40_d2,cycling,SVI_colored,73.6738746035501,76.59944025886023,64.72575891836841,40.77740265676561,48.663674163295255,78.14907317933769,29.364133048288,24.308361025940183,20.737272071861515,74.32301795101063,15.564088746224796,1,frame,470
adulterated/ratio_60_40/IMG (91).MOV#f00480,IMG (91).MOV,train,1,60_40,yellow_dye_60_40_d2,cycling,SVI_colored,168.21801454590664,111.11816995089202,19.061208843579703,18.395076770062783,226.84691158492365,168.21801454590664,1.9442316427219413,12.04720995302998,19.61155173784965,117.62157435610534,20.28187676521224,1,frame,480
adulterated/ratio_60_40/IMG (91).MOV#f00490,IMG (91).MOV,train,1,60_40,yellow_dye_60_40_d2,cycling,SVI_colored,147.92806586573522,62.88364871607876,13.674613288296934,10.9183664069397,232.70538517637124,147.92806586573522,1.0319537196105668,16.990668101507694,19.34235187722629,82.63507465550992,16.060043208610193,1,frame,490
adulterated/ratio_60_40/IMG (91).MOV#f00500,IMG (91).MOV,train,1,60_40,yellow_dye_60_40_d2,cycling,SVI_colored,43.54763555493035,35.554411208129444,57.31652649806242,133.10384199297314,96.29643399013294,57.31679444282561,5.39162533143933,22.297402692241132,20.15685346616511,40.36260629871152,10.74871504889416,1,frame,500
adulterated/ratio_60_40/IMG (91).MOV#f00510,IMG (91).MOV,train,1,60_40,yellow_dye_60_40_d2,cycling,SVI_colored,154.8065463365386,88.17907006808584,17.357349084596347,15.357509141724432,227.50732261360977,154.8065463365386,1.7046016706397944,15.812161474954491,20.917285545769992,99.94882481131728,19.84776363864176,1,frame,510
adulterated/ratio_60_40/IMG (91).MOV#f00520,IMG (91).MOV,train,1,60_40,yellow_dye_60_40_d2,cycling,SVI_colored,145.98562433542523,64.9537221399829,12.487526843608617,11.6834956112003,234.26102672893688,145.98562433542523,1.21156206664127,14.53232488246665,20.360489168254176,83.1303635093718,16.755374440042473,1,frame,520
adulterated/ratio_60_40/IMG (91).MOV#f00530,IMG (91).MOV,train,1,60_40,yellow_dye_60_40_d2,cycling,SVI_colored,29.72379928923147,16.493679384275563,55.44895275061923,130.832327824228,181.37878784407087,55.44895275061923,3.1956622674373767,18.38368369990216,19.67123110667048,24.844501625693983,9.68431332277711,1,frame,530
adulterated/ratio_60_40/IMG (91).MOV#f00540,IMG (91).MOV,train,1,60_40,yellow_dye_60_40_d2,cycling,SVI_colored,142.66844676280238,62.59720835240042,19.96373157442703,11.641799422464375,221.18475955176743,142.66844676280238,15.402840672166343,26.533775859957075,20.83596049099048,81.60842769195395,18.60301396767224,1,frame,540
adulterated/ratio_60_40/IMG (91).MOV#f00550,IMG (91).MOV,train,1,60_40,yellow_dye_60_40_d2,cycling,SVI_colored,126.96086231959534,74.61672470711837,14.383664745067316,15.990105197375271,227.3090303093428,126.96086231959534,1.7355603811824478,15.159156704228431,19.51852437642397,83.33719766509829,17.365392651540734,1,frame,550
adulterated/ratio_60_40/IMG (91).MOV#f00560,IMG (91).MOV,train,1,60_40,yellow_dye_60_40_d2,cycling,SVI_colored,24.77625734025723,13.391804384937837,53.86899260834979,128.90398005058856,194.36099094589883,53.86899260834979,2.6694923638826813,15.74916296092325,19.313324366463192,21.367640749711757,9.536584822976431,1,frame,560
adulterated/ratio_60_40/IMG (91).MOV#f00570,IMG (91).MOV,train,1,60_40,yellow_dye_60_40_d2,cycling,SVI_colored,142.9507632629878,60.088617320588064,29.672607070364613,13.61143375440852,204.2407239440465,142.9507632629878,29.486801636980136,24.466834180307877,19.349793384503755,81.32482597075516,16.50328788566834,1,frame,570
adulterated/ratio_60_40/IMG (91).MOV#f00580,IMG (91).MOV,train,1,60_40,yellow_dye_60_40_d2,cycling,SVI_colored,95.41322198748357,87.77279954646718,15.672105517244434,26.97700889792411,215.3217204129629,96.3659597932528,2.437211188096573,14.921024065525408,18.63775435535094,81.78122799325016,17.399288499320924,1,frame,580
adulterated/ratio_60_40/IMG (91).MOV#f00590,IMG (91).MOV,train,1,60_40,yellow_dye_60_40_d2,cycling,SVI_colored,36.781899953512,17.091460263576117,55.71029330680995,136.26871790436448,179.35883542168935,55.71029330680995,3.64191076340845,22.04395266202024,20.27190930371332,27.30753213617739,10.716343427610353,1,frame,590
adulterated/ratio_60_40/IMG (91).MOV#f00600,IMG (91).MOV,train,1,60_40,yellow_dye_60_40_d2,cycling,SVI_colored,99.26750567284924,64.78612125098658,54.2773386115496,33.12321387463825,122.089881774533,100.20693567482242,58.195955209927135,23.836658022519643,18.40506760357178,73.8356538575375,15.934521245043944,1,frame,600
adulterated/ratio_60_40/IMG (91).MOV#f00610,IMG (91).MOV,train,1,60_40,yellow_dye_60_40_d2,cycling,SVI_colored,96.67257029503708,92.45679608046916,16.580285634160624,28.274142396423592,213.55705053654356,97.92205890843704,2.4434272388215037,14.269864451504402,19.50188752280396,85.00980501323832,17.840751870567043,1,frame,610
adulterated/ratio_60_40/IMG (91).MOV#f00620,IMG (91).MOV,train,1,60_40,yellow_dye_60_40_d2,cycling,SVI_colored,49.607736668809785,21.2896682058176,48.01026750053578,153.14384826699398,154.5716328637949,52.78882459524227,7.539327049297612,19.474556701215576,19.015191770431283,32.7495840395893,10.326683757370152,1,frame,620
adulterated/ratio_60_40/IMG (91).MOV#f00630,IMG (91).MOV,train,1,60_40,yellow_dye_60_40_d2,cycling,SVI_colored,43.05023448572303,43.47198032469125,27.55459269637292,31.45106010255329,107.73989825772952,45.32410934962399,15.145777886799037,26.87116466499899,13.347104972043406,41.48369548688482,10.430653193804453,1,frame,630
adulterated/ratio_60_40/IMG (91).MOV#f00640,IMG (91).MOV,train,1,60_40,yellow_dye_60_40_d2,cycling,SVI_colored,126.74136284231297,103.57450556540026,19.249869086369483,23.486072884331,217.90525204539455,127.0626081346588,2.258482816807448,16.38960156925115,22.698993849719187,100.8200220353823,21.38863094278883,1,frame,640
adulterated/ratio_60_40/IMG (91).MOV#f00650,IMG (91).MOV,train,1,60_40,yellow_dye_60_40_d2,cycling,SVI_colored,83.20364399757868,32.89224706028824,42.16027278464438,141.40060790534537,158.18265494931975,83.87996015987567,66.41518467689073,14.889512813718316,16.979530667556798,48.929747435935965,12.055462752213453,1,frame,650
adulterated/ratio_60_40/IMG (91).MOV#f00660,IMG (91).MOV,train,1,60_40,yellow_dye_60_40_d2,cycling,SVI_colored,78.40870484864674,94.0919651059006,67.44728206932346,51.056171942694455,77.53767055609485,94.61105066680564,14.111933725684723,28.09338183113212,22.41933147543868,86.30188130186175,18.3517101050602,1,frame,660
adulterated/ratio_60_40/IMG (91).MOV#f00670,IMG (91).MOV,train,1,60_40,yellow_dye_60_40_d2,cycling,SVI_colored,154.05873649529104,111.5488893343851,20.191709121970565,20.35416439681509,222.6793495077509,154.09253367733388,2.278367879402985,14.800155507284984,22.780195894313835,113.78163446746014,22.943950693894607,1,frame,670
adulterated/ratio_60_40/IMG (91).MOV#f00680,IMG (91).MOV,train,1,60_40,yellow_dye_60_40_d2,cycling,SVI_colored,130.59343282459966,57.36905746435105,16.045224252144784,11.638899330877376,224.96488776950773,130.59343282459966,13.046345905894894,23.75626671447383,20.696538684211102,74.48216717205891,16.246042709778944,1,frame,680
adulterated/ratio_60_40/IMG (91).MOV#f00690,IMG (91).MOV,train,1,60_40,yellow_dye_60_40_d2,cycling,SVI_colored,57.712337387701226,63.35680003922923,68.76487799097319,96.59687065183856,43.26015311657823,70.80139999305315,22.668948707206685,25.098752246994437,22.62555142384381,62.21870089961608,14.63429868700284,1,frame,690
adulterated/ratio_60_40/IMG (91).MOV#f00700,IMG (91).MOV,train,1,60_40,yellow_dye_60_40_d2,cycling,SVI_colored,157.24287880077668,107.10095949216232,19.561120502000463,18.92983992249476,224.5490731394892,157.244021921984,2.32561608733911,16.191579322151398,22.961120646889192,112.0532787715906,23.49299757482457,1,frame,700
adulterated/ratio_60_40/IMG (91).MOV#f00710,IMG (91).MOV,train,1,60_40,yellow_dye_60_40_d2,cycling,SVI_colored,143.55926673031007,66.52286379022918,13.140883286279283,12.12786827851384,232.70022329470623,143.55926673031007,1.356847905739669,17.19591059762883,21.023064082462,83.39249387822399,17.357017429136118,1,frame,710
adulterated/ratio_60_40/IMG (91).MOV#f00720,IMG (91).MOV,train,1,60_40,yellow_dye_60_40_d2,cycling,SVI_colored,35.297258510124905,30.70687406089905,68.36928030885753,123.99327113754234,142.10675141141735,68.36928030885753,2.835135804180927,17.506786231185362,19.892180035231757,36.29902870882971,10.64545956421985,1,frame,720
adulterated/ratio_60_40/IMG (91).MOV#f00730,IMG (91).MOV,train,1,60_40,yellow_dye_60_40_d2,cycling,SVI_colored,146.07398150044514,79.47472507722081,20.068926097914726,13.947285046123495,221.06912672571252,146.07398150044514,2.207814593860898,26.1034334079226,20.046913046671136,92.5390785332436,18.082351020226632,1,frame,730
adulterated/ratio_60_40/IMG (91).MOV#f00740,IMG (91).MOV,train,1,60_40,yellow_dye_60_40_d2,cycling,SVI_colored,140.2796041396449,78.54902679789372,15.094623448628465,15.116560046433758,228.46565557299385,140.2796041396449,1.569584006193919,15.895997126531752,19.647124813475237,89.69775940356928,17.59436208400186,1,frame,740
adulterated/ratio_60_40/IMG (91).MOV#f00750,IMG (91).MOV,train,1,60_40,yellow_dye_60_40_d2,cycling,SVI_colored,28.7087293345427,20.725932109070676,67.34806041565338,125.45839960739464,178.28036228359602,67.34806041565338,2.265961244823024,15.415721378559711,18.460280371935216,28.35595414930396,9.415463630839596,1,frame,750
adulterated/ratio_60_40/IMG (91).MOV#f00760,IMG (91).MOV,train,1,60_40,yellow_dye_60_40_d2,cycling,SVI_colored,144.6464668734597,68.07021067130604,32.68373982497539,13.691176952109442,198.4134623570476,144.64647778794037,26.076024891085417,24.94723431973964,18.52765603080979,86.85818596965338,15.24920051818345,1,frame,760
adulterated/ratio_60_40/IMG (91).MOV#f00770,IMG (91).MOV,train,1,60_40,yellow_dye_60_40_d2,cycling,SVI_colored,113.34731602359952,92.59592643505437,17.180657183596452,23.502663911681083,217.7136828578991,113.66873575191468,2.286678668653897,15.994804198408078,18.18749796364057,90.13286899872782,17.251664249116345,1,frame,770
adulterated/ratio_60_40/IMG (91).MOV#f00780,IMG (91).MOV,train,1,60_40,yellow_dye_60_40_d2,cycling,SVI_colored,34.64111082029703,21.497589598698944,66.96012267880033,129.0540220705515,174.94775189532484,66.96012267880033,2.328449938913032,18.592092489894693,18.501715414992997,30.556535375295567,10.069847233904769,1,frame,780
adulterated/ratio_60_40/IMG (91).MOV#f00790,IMG (91).MOV,train,1,60_40,yellow_dye_60_40_d2,cycling,SVI_colored,130.16703498331228,70.07631202352766,52.45664176447962,18.922856576303666,154.79834245564075,130.39812600490717,42.129171210111664,23.25865396817358,17.36322150944023,85.97718905514238,14.715336303876883,1,frame,790
adulterated/ratio_60_40/IMG (91).MOV#f00800,IMG (91).MOV,train,1,60_40,yellow_dye_60_40_d2,cycling,SVI_colored,94.6111487283658,97.36815066736428,17.46365916715398,30.89710740410165,211.24530126291384,97.94290470181488,2.329840700376355,15.038640444057934,18.96200913317148,87.37280323781971,16.839306250734783,1,frame,800
adulterated/ratio_60_40/IMG (91).MOV#f00810,IMG (91).MOV,train,1,60_40,yellow_dye_60_40_d2,cycling,SVI_colored,46.31682257360527,21.36441800253948,57.92046266169351,141.83026644710736,162.83665234901991,57.963524720260295,4.968456342600928,22.66703071985633,19.89396936425886,32.92886477263709,10.588249702205518,1,frame,810
adulterated/ratio_60_40/IMG (91).MOV#f00820,IMG (91).MOV,train,1,60_40,yellow_dye_60_40_d2,cycling,SVI_colored,118.98960664769449,56.76703699577683,37.19364296492845,14.101556091188058,177.30674441214896,119.0020887979664,32.515709747568984,22.049846696608288,14.52608631510235,73.07974904041887,12.255059071871395,1,frame,820
adulterated/ratio_60_40/IMG (91).MOV#f00830,IMG (91).MOV,train,1,60_40,yellow_dye_60_40_d2,cycling,SVI_colored,111.35243432262725,95.7127889294006,17.90669193340261,24.96107910599727,215.55355614476372,111.89697872307012,2.350731348739362,15.110644761434372,19.933828078053125,91.44959260005706,18.257650981428192,1,frame,830
adulterated/ratio_60_40/IMG (91).MOV#f00840,IMG (91).MOV,train,1,60_40,yellow_dye_60_40_d2,cycling,SVI_colored,75.20353849388724,28.97071781162076,42.32949095351096,165.65686672073534,160.68914771760134,76.16055140027835,30.0673673729605,16.036415518698416,17.523472116553236,44.24981726793027,12.10436824330269,1,frame,840
adulterated/ratio_60_40/IMG (91).MOV#f00850,IMG (91).MOV,train,1,60_40,yellow_dye_60_40_d2,cycling,SVI_colored,71.75113842116546,85.46712074367379,65.63146665840132,54.9727347162277,66.62922726838327,86.27782900565401,16.544006247294696,27.52168132333245,22.65074575677247,79.03417717268616,18.15298384986217,1,frame,850
adulterated/ratio_60_40/IMG (91).MOV#f00860,IMG (91).MOV,train,1,60_40,yellow_dye_60_40_d2,cycling,SVI_colored,134.95503410626654,100.16932115334892,18.11989305639596,21.0143835415606,222.0256963196153,135.05049166868807,2.147114815128002,15.46771584104515,22.183136764172936,101.14940650564706,20.79797002121447,1,frame,860
adulterated/ratio_60_40/IMG (91).MOV#f00870,IMG (91).MOV,train,1,60_40,yellow_dye_60_40_d2,cycling,SVI_colored,102.23387260701648,41.56146312733565,23.70304331736708,14.425613588862886,198.42992395615624,102.23433387364943,34.14688701820095,23.94162368329907,17.600361207666907,57.6027113096324,12.982536448490928,1,frame,870
adulterated/ratio_60_40/IMG (91).MOV#f00880,IMG (91).MOV,train,1,60_40,yellow_dye_60_40_d2,cycling,SVI_colored,65.87292231700481,76.95102956105396,71.29627469103067,75.16033576266307,46.7218316439138,79.52481855785693,21.61430438662977,20.818163828584787,21.2640565240528,72.9182815901251,15.871390705465618,1,frame,880
adulterated/ratio_60_40/IMG (91).MOV#f00890,IMG (91).MOV,train,1,60_40,yellow_dye_60_40_d2,cycling,SVI_colored,148.32665891813943,102.08029135818796,18.702873652379367,19.187198144422712,224.07647135121937,148.33353086143447,2.098163887893896,15.63355300111352,22.6120138857289,106.341183591773,21.972626458034764,1,frame,890
adulterated/ratio_60_40/IMG (91).MOV#f00900,IMG (91).MOV,train,1,60_40,yellow_dye_60_40_d2,cycling,SVI_colored,130.96115938453315,56.62165544855732,11.414568893069443,11.21372747061832,234.07667121559072,130.96115938453315,1.2202159998834534,18.15192894050796,19.866749239939526,73.61990526929887,15.636480486427294,1,frame,900
adulterated/ratio_60_40/IMG (91).MOV#f00910,IMG (91).MOV,train,1,60_40,yellow_dye_60_40_d2,cycling,SVI_colored,40.68250299453194,38.772936582326,62.80872794326096,123.27081806271022,99.20388356953316,62.8087381591482,4.242145530475133,24.28557838909241,21.347270387807026,42.04492947206849,11.80882579299005,1,frame,910
adulterated/ratio_60_40/IMG (91).MOV#f00920,IMG (91).MOV,train,1,60_40,yellow_dye_60_40_d2,cycling,SVI_colored,137.296691119603,75.22567532958213,15.98064220020641,14.561670339255963,226.7943113324526,137.296691119603,1.4485886480019343,19.93665804687696,20.991151980630463,86.95920509784133,18.76956725226584,1,frame,920
adulterated/ratio_60_40/IMG (91).MOV#f00930,IMG (91).MOV,train,1,60_40,yellow_dye_60_40_d2,cycling,SVI_colored,133.6433742114372,67.57650621146908,12.594530504387771,13.540314069316432,231.9698957089954,133.6433742114372,1.3986195526684166,14.188287161375124,19.64208067921489,80.98799975542258,16.490826286182294,1,frame,930
adulterated/ratio_60_40/IMG (91).MOV#f00940,IMG (91).MOV,train,1,60_40,yellow_dye_60_40_d2,cycling,SVI_colored,26.60825801820614,15.717978835633572,54.55358793652865,128.90233504083875,183.75684089747355,54.55358793652865,2.691191997755943,18.46095262818499,19.40472950972348,23.353418273570643,9.753234867171022,1,frame,940
adulterated/ratio_60_40/IMG (91).MOV#f00950,IMG (91).MOV,train,1,60_40,yellow_dye_60_40_d2,cycling,SVI_colored,138.3566562275242,60.8199616035882,24.80994625634985,12.888885428052031,210.64475107458983,138.3566562275242,23.611068880350167,24.519762698235,19.18391245382194,79.82426562615034,15.547708359609649,1,frame,950
adulterated/ratio_60_40/IMG (91).MOV#f00960,IMG (91).MOV,train,1,60_40,yellow_dye_60_40_d2,cycling,SVI_colored,104.25763006663456,75.79849514049664,14.004606832685008,20.47588170311784,221.8515882995852,104.34617350836164,2.01628021834794,13.266669590207623,16.664561688704126,77.20412558319916,15.382163331896129,1,frame,960
adulterated/ratio_60_40/IMG (91).MOV#f00970,IMG (91).MOV,train,1,60_40,yellow_dye_60_40_d2,cycling,SVI_colored,31.400397978317248,16.972939240603207,49.91233879964794,134.1970551959425,170.1759994348237,49.91233879964794,3.6151365286431383,21.63431528926672,20.35735962461258,24.978655763473714,10.155823751875127,1,frame,970
adulterated/ratio_60_40/IMG (91).MOV#f00980,IMG (91).MOV,train,1,60_40,yellow_dye_60_40_d2,cycling,SVI_colored,125.19216828897204,60.05234651737933,36.08478772961446,13.968058109275043,183.2142970434292,125.20031016677338,30.352534923989573,24.16150422125533,17.433922157403636,76.72860407328865,14.657016430607452,1,frame,980
adulterated/ratio_60_40/IMG (91).MOV#f00990,IMG (91).MOV,train,1,60_40,yellow_dye_60_40_d2,cycling,SVI_colored,88.12242343622457,83.26456752426157,14.973933548991749,27.8404057199867,213.7359192187925,89.06193729782024,2.2230207235206376,14.067386760470136,17.112361361311237,76.87884028176678,15.866237122705977,1,frame,990
adulterated/ratio_60_40/IMG (91).MOV#f01000,IMG (91).MOV,train,1,60_40,yellow_dye_60_40_d2,cycling,SVI_colored,53.92434980347274,21.562064966944263,43.36691113353312,160.61098444347394,159.7391262442962,56.09598662711022,7.792493548860542,18.42362411135533,18.42109695708596,33.65186813848772,10.857497257057377,1,frame,1000
adulterated/ratio_60_40/IMG (91).MOV#f01010,IMG (91).MOV,train,1,60_40,yellow_dye_60_40_d2,cycling,SVI_colored,54.711209679683336,52.09073299458185,28.868042883567437,28.496498632205096,130.15488054799135,56.01642601586455,12.796964157800431,28.70500794611737,11.932599726583856,50.15252862699594,11.171155157915964,1,frame,1010
adulterated/ratio_60_40/IMG (91).MOV#f01020,IMG (91).MOV,train,1,60_40,yellow_dye_60_40_d2,cycling,SVI_colored,133.48027610815222,94.3890596917648,16.11984765992745,19.929916324878043,224.865336379257,133.52211366913104,1.9283897854346468,10.513029010681215,19.1101144697464,97.0921413852808,17.66821586320629,1,frame,1020
adulterated/ratio_60_40/IMG (91).MOV#f01030,IMG (91).MOV,train,1,60_40,yellow_dye_60_40_d2,cycling,SVI_colored,89.2335712296563,33.53895174504077,34.083813119701574,71.61592588514918,169.5856038184303,89.45202676009818,84.55883208910791,15.297860961115104,14.707191804334542,50.1948299645746,11.29848745849121,1,frame,1030
adulterated/ratio_60_40/IMG (91).MOV#f01040,IMG (91).MOV,train,1,60_40,yellow_dye_60_40_d2,cycling,SVI_colored,77.19656012288131,83.61222082651678,55.446517640865366,37.74041988891369,89.6499048736035,83.93060604344161,13.23358186279548,27.088588736251992,19.31698511681609,78.42144825357265,16.23405799383463,1,frame,1040
adulterated/ratio_60_40/IMG (91).MOV#f01050,IMG (91).MOV,train,1,60_40,yellow_dye_60_40_d2,cycling,SVI_colored,154.2270652505667,101.08526092339136,18.40748082126482,18.10058676470084,225.8353355121245,154.22782314068291,2.1091975882108884,14.523844498826564,23.55152311597034,107.4862088004417,23.002640557118923,1,frame,1050
adulterated/ratio_60_40/IMG (91).MOV#f01060,IMG (91).MOV,train,1,60_40,yellow_dye_60_40_d2,cycling,SVI_colored,137.74864038729967,58.58528190540135,13.23340106366062,10.816318886160044,232.20592964291396,137.74864038729967,1.120168874601771,18.89247726738483,21.51166934678413,77.0127921974663,17.41620417995958,1,frame,1060
adulterated/ratio_60_40/IMG (91).MOV#f01070,IMG (91).MOV,train,1,60_40,yellow_dye_60_40_d2,cycling,SVI_colored,40.0169532212164,32.607045693332125,55.381598814353005,132.07807944669807,104.26349682366283,55.38173797479804,5.083690198596991,22.229216385794576,24.167855525660976,37.35835206200989,12.79753596849567,1,frame,1070
adulterated/ratio_60_40/IMG (91).MOV#f01080,IMG (91).MOV,train,1,60_40,yellow_dye_60_40_d2,cycling,SVI_colored,148.03567261457968,85.6921081772037,18.643898124958195,15.46205325624085,224.50159411996404,148.03567261457968,1.6184833487294723,20.08022823460723,22.056874261868995,96.61096412672696,20.966469363435976,1,frame,1080
adulterated/ratio_60_40/IMG (91).MOV#f01090,IMG (91).MOV,train,1,60_40,yellow_dye_60_40_d2,cycling,SVI_colored,140.44632454923718,64.15385907679084,13.616092672540097,11.850008790607724,231.78399718700555,140.44632454923718,1.247573781785392,16.94023992832452,21.145825247003327,81.12506104588697,17.89269660304748,1,frame,1090
adulterated/ratio_60_40/IMG (91).MOV#f01100,IMG (91).MOV,train,1,60_40,yellow_dye_60_40_d2,cycling,SVI_colored,33.34719864176571,19.971319427601266,53.00566183604172,133.49040822823187,160.43418399830222,53.00566183604172,4.198703917035026,17.60813376417345,23.135335261243505,27.68798887339316,11.189776149271058,1,frame,1100
adulterated/ratio_60_40/IMG (91).MOV#f01110,IMG (91).MOV,train,1,60_40,yellow_dye_60_40_d2,cycling,SVI_colored,144.4121531843756,66.32574350724877,26.28076048085984,12.519668492167694,210.5599832826688,144.4121531843756,20.14286403880825,27.703042117668637,19.803580108739148,85.03729463113446,17.704941670823377,1,frame,1110
adulterated/ratio_60_40/IMG (91).MOV#f01120,IMG (91).MOV,train,1,60_40,yellow_dye_60_40_d2,cycling,SVI_colored,124.09818864774624,74.49171118530884,14.649545075125207,16.32830550918197,226.17347245409016,124.09819699499164,1.8125683822650691,15.47659709232263,19.06424355677169,82.43608096828046,17.473005065246753,1,frame,1120
adulterated/ratio_60_40/IMG (91).MOV#f01130,IMG (91).MOV,train,1,60_40,yellow_dye_60_40_d2,cycling,SVI_colored,33.11027156836904,20.29667515971533,53.91966747413385,132.62172044900197,160.6944510687435,53.919809722239656,3.888639266434701,17.693524214903707,23.154507725966795,27.90366037846364,11.545264387735584,1,frame,1130
adulterated/ratio_60_40/IMG (91).MOV#f01140,IMG (91).MOV,train,1,60_40,yellow_dye_60_40_d2,cycling,SVI_colored,145.50256470826443,65.5616331454797,38.9811738602234,16.459715519859618,190.093443120845,145.50256470826443,36.5606563604553,27.204199203262164,18.861812747620096,86.36163230182567,17.351956501211106,1,frame,1140
adulterated/ratio_60_40/IMG (91).MOV#f01150,IMG (91).MOV,train,1,60_40,yellow_dye_60_40_d2,cycling,SVI_colored,95.52708240710987,88.5191370605299,16.075923178842928,27.209457823635315,214.33176774057236,96.58108435272936,2.4377585094507683,14.510417786012056,17.88001328518459,82.30282555012171,16.619073995399653,1,frame,1150
adulterated/ratio_60_40/IMG (91).MOV#f01160,IMG (91).MOV,train,1,60_40,yellow_dye_60_40_d2,cycling,SVI_colored,53.16305042164517,26.184996548811807,55.43064826604588,150.1549990782541,140.62874218123667,57.88497039695095,7.399264734471895,17.208727161780573,22.95580933305979,37.53330932506763,12.362367256980704,1,frame,1160
adulterated/ratio_60_40/IMG (91).MOV#f01170,IMG (91).MOV,train,1,60_40,yellow_dye_60_40_d2,cycling,SVI_colored,78.5206002034588,79.322564098143,57.5279928272152,32.35601841474559,80.900516406021,81.67192699622395,17.19424766391692,23.199811216627538,21.03790409416436,76.53537251926824,17.64089673760156,1,frame,1170
adulterated/ratio_60_40/IMG (91).MOV#f01180,IMG (91).MOV,train,1,60_40,yellow_dye_60_40_d2,cycling,SVI_colored,135.07916282550954,100.73230405534918,17.90455371078597,21.12763898903787,222.6039348661452,135.20713040462218,2.1972279246838857,15.466639439969976,21.457304756128277,101.49412188866272,20.88795852951503,1,frame,1180
adulterated/ratio_60_40/IMG (91).MOV#f01190,IMG (91).MOV,train,1,60_40,yellow_dye_60_40_d2,cycling,SVI_colored,91.74601340521004,38.09091738376866,35.92457288811471,44.25626713117211,164.767949993267,91.97773762103132,72.81812860256358,17.61015854219785,15.84626881334874,53.82496774669974,12.639787169450372,1,frame,1190
adulterated/ratio_60_40/IMG (91).MOV#f01200,IMG (91).MOV,train,1,60_40,yellow_dye_60_40_d2,cycling,SVI_colored,77.0669114665068,87.0151905206919,62.95501913141608,43.27406855571033,77.69727399361699,87.59411863241232,14.315874415894738,23.690116286300608,22.670023397099275,81.23861372172165,18.601852747503795,1,frame,1200
adulterated/ratio_60_40/IMG (91).MOV#f01210,IMG (91).MOV,train,1,60_40,yellow_dye_60_40_d2,cycling,SVI_colored,154.4474192531977,109.6029307675798,20.47790964760465,19.849653175759293,222.73508929753825,154.45703626242653,2.156697594547265,18.53236867581824,23.27346147996339,112.78766776109995,23.67060783108113,1,frame,1210
adulterated/ratio_60_40/IMG (91).MOV#f01220,IMG (91).MOV,train,1,60_40,yellow_dye_60_40_d2,cycling,SVI_colored,159.11338523658696,99.4561340941512,66.28206375879495,24.46495623685292,168.27658429845982,159.11338523658696,47.52430083560766,82.337400178157,40.41269572751758,113.44176902246186,50.74259798694485,1,frame,1220
adulterated/ratio_60_40/IMG (91).MOV#f01230,IMG (91).MOV,train,1,60_40,yellow_dye_60_40_d2,cycling,SVI_colored,68.35565811518089,62.87805439774569,64.76417859223366,83.76330252028738,44.31226545883139,72.22610784716609,70.20174213795777,19.859906394322334,23.10802951324594,64.66743134802184,16.16800997214787,1,frame,1230
adulterated/ratio_60_40/IMG (91).MOV#f01240,IMG (91).MOV,train,1,60_40,yellow_dye_60_40_d2,cycling,SVI_colored,152.25068990490436,102.22844727611816,19.67169046818864,18.59778662412845,223.48158439087197,152.2509928477097,2.0015202010769637,19.03392554020309,21.425409520776903,107.71482195009963,21.70635105223355,1,frame,1240
adulterated/ratio_60_40/IMG (91).MOV#f01250,IMG (91).MOV,train,1,60_40,yellow_dye_60_40_d2,cycling,SVI_colored,142.15826255829538,70.38203020646708,15.742187393153626,12.825932156256696,229.1372055598864,142.15826255829538,1.3668775286946606,25.213661258008138,22.33928937508545,85.5413686365149,20.760209101855004,1,frame,1250
adulterated/ratio_60_40/IMG (91).MOV#f01260,IMG (91).MOV,train,1,60_40,yellow_dye_60_40_d2,cycling,SVI_colored,56.31267097978711,40.55882136852978,60.65919001499652,148.24111121195227,89.33930168937754,62.45795571920635,11.218620801577428,21.77313196094461,23.144368160550226,47.48318185550615,13.949281025007316,1,frame,1260
adulterated/ratio_60_40/IMG (91).MOV#f01270,IMG (91).MOV,train,1,60_40,yellow_dye_60_40_d2,cycling,SVI_colored,147.88730024885342,84.38027271044568,19.359969561730047,15.088365588301832,222.997828188306,147.88730024885342,1.1959536666287849,25.589815554486428,17.962604249618476,95.87831273265738,17.673634650471787,1,frame,1270
adulterated/ratio_60_40/IMG (91).MOV#f01280,IMG (91).MOV,train,1,60_40,yellow_dye_60_40_d2,cycling,SVI_colored,136.8158995983133,75.81520813765263,15.648334299246589,14.829500989228402,227.3096065069246,136.8158995983133,1.364729523821088,19.277635119866414,19.646804701943125,87.12404324626792,18.175168516576008,1,frame,1280
adulterated/ratio_60_40/IMG (91).MOV#f01290,IMG (91).MOV,train,1,60_40,yellow_dye_60_40_d2,cycling,SVI_colored,51.99512655587996,35.779381526280744,66.84866346160882,137.45054478665875,119.69793427436171,66.85914209821527,5.561901328701972,23.681212712888254,22.56343905792297,44.09566146393578,13.870584447447165,1,frame,1290
adulterated/ratio_60_40/IMG (91).MOV#f01300,IMG (91).MOV,train,1,60_40,yellow_dye_60_40_d2,cycling,SVI_colored,140.07684846518222,69.36992935217745,38.307365643925095,14.327011593579266,187.47105484993952,140.07684846518222,28.44355044300933,26.077713279024167,18.727656019789503,86.8952168990438,17.258896290754137,1,frame,1300
adulterated/ratio_60_40/IMG (91).MOV#f01310,IMG (91).MOV,train,1,60_40,yellow_dye_60_40_d2,cycling,SVI_colored,110.65146881822764,83.76558388848457,16.92056205564575,21.3828794155517,218.027903347702,110.78570928735375,2.2548313973882324,20.26702918133402,18.176919048670072,84.1155181100599,18.06255555700045,1,frame,1310
adulterated/ratio_60_40/IMG (91).MOV#f01320,IMG (91).MOV,train,1,60_40,yellow_dye_60_40_d2,cycling,SVI_colored,55.724545849659,36.40912908359503,69.84150896536399,138.95393956426403,123.69594557058406,69.89601027414047,5.797505677412103,23.65488400914564,21.5941434403005,45.92193744669309,14.158409147701908,1,frame,1320
adulterated/ratio_60_40/IMG (91).MOV#f01330,IMG (91).MOV,train,1,60_40,yellow_dye_60_40_d2,cycling,SVI_colored,127.2201839253577,69.76275415778524,54.565101407839485,19.38321824702924,148.3285160886824,127.33506069153891,43.91551367913524,21.804890665424,16.805627840436866,85.15028016388631,15.606105015582592,1,frame,1330
adulterated/ratio_60_40/IMG (91).MOV#f01340,IMG (91).MOV,train,1,60_40,yellow_dye_60_40_d2,cycling,SVI_colored,93.05503923647277,94.42760492163522,18.10573294472896,30.48618301287896,209.0861131629944,95.21619157412589,2.3898579489239102,18.86229833958972,19.752949693487487,85.25328309910957,17.707687253781383,1,frame,1340
adulterated/ratio_60_40/IMG (91).MOV#f01350,IMG (91).MOV,train,1,60_40,yellow_dye_60_40_d2,cycling,SVI_colored,63.390686045160194,37.64581700495588,65.26915821564485,149.96249564162702,115.5793253685619,68.11016476884977,8.30931556296544,18.77705590753777,21.3938618857078,48.43179928537583,13.952980186612477,1,frame,1350
adulterated/ratio_60_40/IMG (91).MOV#f01360,IMG (91).MOV,train,1,60_40,yellow_dye_60_40_d2,cycling,SVI_colored,79.57913882479849,86.1199742306655,72.92088514667546,51.60112366284122,46.72227848859857,87.22347706229587,25.35529343468027,23.569510432126496,22.164353540671524,82.59021963863003,18.04081543929932,1,frame,1360
adulterated/ratio_60_40/IMG (91).MOV#f01370,IMG (91).MOV,train,1,60_40,yellow_dye_60_40_d2,cycling,SVI_colored,121.89016118953876,98.3313515776191,18.56808847528164,23.15487420906714,217.87602904687665,122.08853291433356,2.0489443231407045,18.80136596352805,21.697551215370726,96.21383851926448,20.278485745476555,1,frame,1370
pure/IMG (94).MOV#f00050,IMG (94).MOV,train,0,100_0,pure_E,ambient,ambient,140.7124455867215,102.99795803028978,26.019460946908787,19.879910651210043,210.36538138073485,140.7124455867215,1.9813698657807195,32.84280324073898,24.04124080440292,105.43075132374808,24.92289648914833,1,frame,50
pure/IMG (94).MOV#f00100,IMG (94).MOV,train,0,100_0,pure_E,ambient,ambient,141.8551673416307,104.2598900908124,25.592417465523173,20.07031410290808,211.1057173610432,141.8551673416307,1.93346191702654,30.932867978816123,22.63613834699912,106.46469617148612,23.4007673918922,1,frame,100
pure/IMG (94).MOV#f00150,IMG (94).MOV,train,0,100_0,pure_E,ambient,ambient,142.51022364650166,104.18886984329164,24.618689828521877,20.03185997195103,213.2302895006064,142.51022364650166,1.852839890695518,30.83645355906311,22.870771692187688,106.5098137521257,23.646464194521148,1,frame,150
pure/IMG (94).MOV#f00300,IMG (94).MOV,train,0,100_0,pure_E,ambient,ambient,145.7681909576143,107.67228417542132,25.81270843595313,20.22376634178248,212.54472339085424,145.7681909576143,2.5298406586280637,32.2902736272758,24.522259537968544,109.66627637497074,25.37388725812448,1,frame,300
pure/IMG (94).MOV#f00350,IMG (94).MOV,train,0,100_0,pure_E,ambient,ambient,146.8717835492805,108.43889760424534,25.281211628222263,20.2855693064513,213.5565006875448,146.8717835492805,1.9551541453489447,31.289501463540315,23.261060486016344,110.38827494044506,24.26007931817576,1,frame,350
pure/IMG (94).MOV#f00400,IMG (94).MOV,train,0,100_0,pure_E,ambient,ambient,147.43262044840196,108.9640920655112,25.57667753219908,20.3207306408014,213.25093814596917,147.43262044840196,2.032940968447007,32.054825583876486,22.44303967558652,110.89703450469074,23.78758718937629,1,frame,400
pure/IMG (94).MOV#f00650,IMG (94).MOV,train,0,100_0,pure_E,ambient,ambient,153.5496719709333,115.21649918401891,25.33732984807321,20.931392124496732,214.8751011208634,153.5496719709333,1.8913121753214024,31.113905371039465,16.950876723953108,116.3703010946772,19.49124155156655,1,frame,650
pure/IMG (94).MOV#f00700,IMG (94).MOV,train,0,100_0,pure_E,ambient,ambient,154.86147818996753,116.67566472231468,25.301765355797112,21.08140224927268,215.0352009726585,154.86147818996753,1.435973338977124,30.56677963668762,15.0968222735101,117.6222505270979,17.96670737778204,1,frame,700
pure/IMG (94).MOV#f00850,IMG (94).MOV,train,0,100_0,pure_E,ambient,ambient,162.9008220605546,127.23021554968064,28.42997529958897,21.979737944076724,212.183588699562,162.9008220605546,1.3296739240426472,32.44275206180944,12.994033403549246,126.57787865923082,16.961161147182747,1,frame,850
pure/IMG (94).MOV#f01000,IMG (94).MOV,train,0,100_0,pure_E,ambient,ambient,167.0394889140388,132.49277869231958,30.19108493235249,22.368569628067288,210.7616711250579,167.0394889140388,1.2830578922397244,33.80034363665463,12.684118701835914,131.10825531148723,17.05500841887068,1,frame,1000
pure/IMG (94).MOV#f01050,IMG (94).MOV,train,0,100_0,pure_E,ambient,ambient,163.3067600293676,128.18335031833175,28.89382732283551,22.08157182462715,211.80524781660583,163.3067600293676,1.5487086617180374,34.54819515890126,14.84586627084227,127.30576284558992,18.566370638021063,1,frame,1050
pure/IMG (94).MOV#f01150,IMG (94).MOV,train,0,100_0,pure_E,ambient,ambient,164.30065596288105,128.79574300098963,28.222875961907647,22.13894732288191,213.00912291327555,164.30065596288105,1.2888176702360137,31.785435814771727,12.810680220388775,127.88817806715372,16.97975376594562,1,frame,1150
pure/IMG (94).MOV#f01450,IMG (94).MOV,train,0,100_0,pure_E,ambient,ambient,137.3534312290746,100.33270036621668,25.63962278967169,19.79693177518721,210.24056795711053,137.3534312290746,1.9327606839592304,38.98028948803659,21.709444895428195,102.81820518128796,24.008122855480767,1,frame,1450
pure/IMG (94).MOV#f01600,IMG (94).MOV,train,0,100_0,pure_E,ambient,ambient,161.7117827070851,125.1689858396551,29.36306658244461,21.638319401941605,210.77299906170083,161.7117827070851,1.33084106815017,35.89046636746877,14.339425869327265,125.1144479673251,18.444035237695896,1,frame,1600
pure/IMG (94).MOV#f01850,IMG (94).MOV,train,0,100_0,pure_E,ambient,ambient,155.48058259448356,118.39061889816168,25.73876538567234,21.327854033179538,214.12844173814105,155.48058259448356,1.4982044020188028,28.673953120451262,15.62057605733153,118.85697411494718,17.900348392559998,1,frame,1850
pure/IMG (94).MOV#f01900,IMG (94).MOV,train,0,100_0,pure_E,ambient,ambient,155.60856970729895,118.71640118491328,26.176422847974628,21.325133209098485,213.92195679249343,155.60856970729895,1.94063824167857,30.79406647687638,17.701295837284096,119.13194802113864,20.047308071215628,1,frame,1900
pure/IMG (94).MOV#f02050,IMG (94).MOV,train,0,100_0,pure_E,ambient,ambient,152.2280713606295,115.09012495135975,26.00033507717584,21.094975463703577,213.33407194431237,152.2280713606295,1.2928074739116522,31.800070614669103,16.05843868820857,115.96971064464525,18.53944574665756,1,frame,2050
pure/IMG (94).MOV#f02150,IMG (94).MOV,train,0,100_0,pure_E,ambient,ambient,151.7804066790849,113.83288902769569,25.54237783453984,20.875930532162894,213.72715023479412,151.7804066790849,1.3872504357101596,30.96377148986388,16.19639678607013,115.04470569863808,18.2671557401729,1,frame,2150
pure/IMG (94).MOV#f02300,IMG (94).MOV,train,0,100_0,pure_E,ambient,ambient,152.413855522733,115.41789518315925,27.192424355378293,21.04219278545536,211.48993812377108,152.413855522733,1.382105715605219,34.081497886047465,16.50657350834974,116.3514830725648,19.164451457261038,1,frame,2300
pure/IMG (95).MOV#f00050,IMG (95).MOV,train,0,100_0,pure_E,cycling,SVI_colored,119.41649474264146,120.07330117572587,22.41513204937345,30.16168575414083,208.9494601976345,121.1303760447315,1.584919294653396,16.449098523267466,30.560666144503077,108.68530870130937,27.75257092336676,1,frame,50
pure/IMG (95).MOV#f00150,IMG (95).MOV,train,0,100_0,pure_E,cycling,SVI_colored,96.8691630870447,83.49640228031234,18.008354757836578,24.96435175574469,208.9189275505805,97.00770004630888,2.3979176557745525,27.626856753483278,27.33391958088709,79.96581128339427,24.11847034178662,1,frame,150
pure/IMG (95).MOV#f00200,IMG (95).MOV,train,0,100_0,pure_E,cycling,SVI_colored,72.41724304685064,70.89845952188548,78.652482517705,91.25286175147464,54.64256262765734,84.02191411245936,49.64048081651303,33.173752619993586,24.22626916884121,72.18218173951222,21.05178557461018,1,frame,200
pure/IMG (95).MOV#f00250,IMG (95).MOV,train,0,100_0,pure_E,cycling,SVI_colored,51.822816124979305,31.99015645138774,56.66290715832465,147.32951214048484,124.49828095020112,60.81337190238265,14.3542435684312,33.23969575563926,23.29707706720652,40.66527714199449,16.432065036115816,1,frame,250
pure/IMG (95).MOV#f00350,IMG (95).MOV,train,0,100_0,pure_E,cycling,SVI_colored,27.701346418162967,28.795028350088984,86.01265707367646,119.4931091892111,178.89982068019953,86.01265707367646,2.7489779554116844,17.880727059562496,22.22705950255885,34.93046038923541,12.216864324217909,1,frame,350
pure/IMG (95).MOV#f00500,IMG (95).MOV,train,0,100_0,pure_E,cycling,SVI_colored,84.50988811276125,50.02754867753862,18.26828659226015,17.91752044560671,199.54433523164752,84.55534360411478,24.615774801703367,36.68819013965341,29.21600238114469,56.6510616454985,21.185557198390672,1,frame,500
pure/IMG (95).MOV#f00550,IMG (95).MOV,train,0,100_0,pure_E,cycling,SVI_colored,92.2217256649189,64.17525605150914,25.858251378738892,19.62927544893912,181.74932761009532,92.34868510418649,21.18886835359321,39.62956470562507,29.031836364956163,68.1245585318808,23.30995854091666,1,frame,550
pure/IMG (95).MOV#f00600,IMG (95).MOV,train,0,100_0,pure_E,cycling,SVI_colored,27.213936125797726,23.11610397538496,69.06029211062734,122.87831764487122,172.08137768437598,69.06029211062734,2.008244177316211,28.772941776279627,22.81498381903957,29.50038767985012,12.29589529640846,1,frame,600
pure/IMG (95).MOV#f00650,IMG (95).MOV,train,0,100_0,pure_E,cycling,SVI_colored,86.06745024162502,96.45933700176472,19.647711449824644,34.32109695530123,205.11431209465445,96.45933700176472,3.0653562643829435,25.05873131358504,29.17478305275338,84.53921101422944,25.923893323940863,1,frame,650
pure/IMG (95).MOV#f00700,IMG (95).MOV,train,0,100_0,pure_E,cycling,SVI_colored,38.100600280387226,53.057213678142034,94.39275887747218,111.44091066415412,151.97356249104124,94.39324133928602,5.764277823364042,18.563266649553167,23.16042401821575,53.22624662189328,16.137644031608424,1,frame,700
pure/IMG (95).MOV#f00800,IMG (95).MOV,train,0,100_0,pure_E,cycling,SVI_colored,57.57203144831477,70.85239387956565,73.07755605697363,88.68118036948245,74.8620610633197,80.61622126639402,23.44088039248948,27.644798220155906,24.652583408799178,67.06856226202228,19.36508401429205,1,frame,800
pure/IMG (95).MOV#f01100,IMG (95).MOV,train,0,100_0,pure_E,cycling,SVI_colored,103.9311504645565,58.48727378570801,13.645680386984102,14.757488114653745,222.4347749753977,103.9311504645565,6.268577146652995,26.7766392166104,27.87020217514529,66.89702138669303,20.331852007335392,1,frame,1100
pure/IMG (95).MOV#f01200,IMG (95).MOV,train,0,100_0,pure_E,cycling,SVI_colored,56.72838486637034,47.20778379603767,80.34930736035884,131.22462412863425,106.14835685312477,80.43983224437913,8.156287261110554,39.04469007710495,22.41673021225411,53.77194708249334,16.806387090529537,1,frame,1200
pure/IMG (95).MOV#f01250,IMG (95).MOV,train,0,100_0,pure_E,cycling,SVI_colored,113.6890332507052,119.08145545503214,22.23935469068432,31.7177761482088,208.60885095892132,119.09220761108686,1.7219921078641307,17.2932928797398,28.617317641644245,106.36775072993191,25.595238236617437,1,frame,1250
pure/IMG (95).MOV#f01350,IMG (95).MOV,train,0,100_0,pure_E,cycling,SVI_colored,101.60477672278518,65.85548817787708,14.78827451084692,17.651825846432086,218.7746792911159,101.6049540324654,6.466333706480167,29.06415501454679,29.1060515383998,70.6562319919856,22.248440265476795,1,frame,1350
pure/IMG (95).MOV#f01400,IMG (95).MOV,train,0,100_0,pure_E,cycling,SVI_colored,100.79001851999614,64.17189160132874,57.87421520991429,65.53702949340881,118.87576904178968,101.72870095455671,77.13967022039029,26.05109920160882,27.68457074522907,74.33684975285674,20.892531505228447,1,frame,1400
pure/IMG (95).MOV#f01600,IMG (95).MOV,train,0,100_0,pure_E,cycling,SVI_colored,94.03436864130228,108.3819748915422,21.32825277383192,35.10502169155757,205.7438553384267,108.3819748915422,3.526789865091832,24.644684488352095,28.99112603217296,94.11044650055668,24.99146325435201,1,frame,1600
pure/IMG (95).MOV#f01650,IMG (95).MOV,train,0,100_0,pure_E,cycling,SVI_colored,76.17888303354964,107.279038369409,92.78871056719365,78.46588055107937,81.23347197421715,111.60556668553924,16.788079490460582,16.100496407658056,29.254927650851325,96.26094972634758,22.90074278239926,1,frame,1650
pure/IMG (95).MOV#f01750,IMG (95).MOV,train,0,100_0,pure_E,cycling,SVI_colored,141.8530194659395,106.44374011571529,33.2302883770574,21.05780882898479,193.5411088621765,141.88723942910323,13.774771380572076,35.4426784560274,27.561941285219174,108.61999440297294,23.5945483597602,1,frame,1750
pure/IMG (95).MOV#f01800,IMG (95).MOV,train,0,100_0,pure_E,cycling,SVI_colored,42.88542698326236,48.07022506685154,102.21674135881943,117.42791175596712,148.40305907695355,102.21674135881943,2.3293859809336466,11.782406179389998,23.399717440139227,52.63415804199267,13.7354739114755,1,frame,1800
pure/IMG (95).MOV#f01850,IMG (95).MOV,train,0,100_0,pure_E,cycling,SVI_colored,134.59875940410024,145.78660716187068,28.00719472609845,33.046733776881354,206.72443438501065,145.78731294472686,2.3324716382924464,20.49136840439608,30.75554699584506,128.95217712715956,27.51567408857066,1,frame,1850
pure/IMG (96).MOV#f00000,IMG (96).MOV,train,0,100_0,pure_E,ambient,ambient,126.44624653945525,100.70335949083282,24.90583300184429,21.80882524299152,206.71788072019515,126.44624653945525,2.533343497049735,35.47330045398385,33.00766172109569,99.69750921137752,31.34705478249925,1,frame,0
pure/IMG (96).MOV#f00050,IMG (96).MOV,train,0,100_0,pure_E,ambient,ambient,126.85846247256268,100.52772290872342,25.00891375250406,21.709425249706904,206.8472239143417,126.85846247256268,2.4233314752454205,35.98378963777189,31.65149107388384,99.72672148468006,30.273133214719262,1,frame,50
pure/IMG (96).MOV#f00100,IMG (96).MOV,train,0,100_0,pure_E,ambient,ambient,125.54150002138266,99.90951416740576,25.652336566763168,21.81478527162484,204.94013971243115,125.54150002138266,2.973637855346777,37.66331831417122,30.352118148284863,99.04036488112172,29.05343248184682,1,frame,100
pure/IMG (96).MOV#f00200,IMG (96).MOV,train,0,100_0,pure_E,ambient,ambient,114.04021924808856,90.27109991929343,24.09906089495884,21.6944101433611,204.46115960793148,114.04043028292928,7.154780333579778,40.17092289469742,36.483246605381,89.76730271807172,33.66330462631431,1,frame,200
pure/IMG (96).MOV#f00300,IMG (96).MOV,train,0,100_0,pure_E,ambient,ambient,120.29107187365464,95.71829186776336,26.656702467541297,21.963745949742822,203.05100774930324,120.29134377903156,9.204316007017509,43.75500412908573,38.88509808911523,95.12779835950424,36.42338772379625,1,frame,300
pure/IMG (96).MOV#f00450,IMG (96).MOV,train,0,100_0,pure_E,ambient,ambient,142.40706870786173,115.18053494796231,28.07523155239331,22.7374487547982,207.05120657643425,142.407090018407,8.461283354897516,36.56586643517444,34.3816404771014,113.32903748258528,33.15811222363594,1,frame,450
pure/IMG (96).MOV#f00550,IMG (96).MOV,train,0,100_0,pure_E,ambient,ambient,131.41270173227662,105.33969787009826,27.277878572243377,22.09790703611761,206.1107266435986,131.4132503680205,7.172626782226969,40.98730448652557,38.25376723722692,104.17265186617634,36.46347003605323,1,frame,550
pure/IMG (96).MOV#f00600,IMG (96).MOV,train,0,100_0,pure_E,ambient,ambient,132.92060274275048,106.67448529522451,27.081431990727037,22.354191651320445,206.04446306620036,132.92226364726602,8.517818588119452,38.44571301253493,37.20904334871081,105.38396750447842,35.36388963684135,1,frame,600
pure/IMG (96).MOV#f00650,IMG (96).MOV,train,0,100_0,pure_E,ambient,ambient,130.40124907311673,104.26625048302368,26.86854706478261,22.11258368058819,206.81718467692244,130.40131173564768,7.665626430723154,41.35488591323842,37.77627160094556,103.19447316477113,36.08946176959834,1,frame,650
pure/IMG (96).MOV#f00700,IMG (96).MOV,train,0,100_0,pure_E,ambient,ambient,130.97424355584263,105.1215104660786,27.244332976726348,22.600424395954867,205.81071233927452,130.97528309884743,10.31345552817356,41.00093047150157,37.15328477798158,103.91018297975414,35.59618881765868,1,frame,700
pure/IMG (96).MOV#f00800,IMG (96).MOV,train,0,100_0,pure_E,ambient,ambient,132.4443518705595,106.71774037329956,27.47945519342966,22.52876189603351,205.52514596008723,132.4443893629829,9.030308120928678,41.43279631534303,35.87884370411093,105.31101631545292,34.74335592629097,1,frame,800
pure/IMG (96).MOV#f00850,IMG (96).MOV,train,0,100_0,pure_E,ambient,ambient,132.07079994613835,106.48172019671564,28.045728147339776,22.573188549975782,204.42766961900915,132.0710069517717,9.126535350168997,41.92642557943452,35.202132865719584,105.12574687833497,34.23725975223021,1,frame,850
pure/IMG (96).MOV#f00900,IMG (96).MOV,train,0,100_0,pure_E,ambient,ambient,132.02649415177865,106.68602804478496,27.941398987920067,22.710786070978983,204.46825578778,132.02670673858492,9.542906624493709,41.86879204407405,34.93203920540477,105.22123200306793,34.003971569555574,1,frame,900
pure/IMG (96).MOV#f00950,IMG (96).MOV,train,0,100_0,pure_E,ambient,ambient,131.4618239881011,106.09051478066866,27.24254076577316,22.49872371140785,205.63035970121504,131.46201209575992,7.732258546372503,40.64172606767424,35.04444591370114,104.62202609446942,34.00428338023471,1,frame,950
pure/IMG (96).MOV#f01000,IMG (96).MOV,train,0,100_0,pure_E,ambient,ambient,131.8890590608012,106.6848002129424,27.61828438047073,22.69751123578251,204.9362421810215,131.88926790814813,8.787099679825651,41.50185868731345,33.99739432166928,105.14064845053696,33.24532982284138,1,frame,1000
pure/IMG (96).MOV#f01050,IMG (96).MOV,train,0,100_0,pure_E,ambient,ambient,133.1746493047711,107.60953808868533,27.58953357021093,22.64921850931422,205.3352030232701,133.1746575201791,8.500931531236526,40.79209456990701,33.660840708590534,106.0660724188215,33.0110067629031,1,frame,1050
pure/IMG (96).MOV#f01150,IMG (96).MOV,train,0,100_0,pure_E,ambient,ambient,136.65695793464198,111.30994263896834,28.053144210938477,22.87184618077296,205.19404051540124,136.65697597837638,7.032153424098218,39.97096918753303,29.888704831542903,109.33190186373731,29.790440846495656,1,frame,1150
pure/IMG (96).MOV#f01200,IMG (96).MOV,train,0,100_0,pure_E,ambient,ambient,138.1841682607625,112.70721415178318,28.491800981079187,22.8296293490407,204.84371484308411,138.1841682607625,6.317522168019865,40.115777651906285,29.073390262725816,110.6585086838766,29.13862986925877,1,frame,1200
pure/IMG (96).MOV#f01250,IMG (96).MOV,train,0,100_0,pure_E,ambient,ambient,138.04062182115226,112.18872337474184,28.58481551123578,22.99532420393946,204.47746293270865,138.04062182115226,8.235045178366532,39.76090740656881,27.00044762118369,110.32567391572393,27.098062235662795,1,frame,1250
pure/IMG (96).MOV#f01350,IMG (96).MOV,train,0,100_0,pure_E,ambient,ambient,129.3696754500326,104.81793893847464,27.310849984957127,22.44601645940932,203.46076474201476,129.3696754500326,4.087735560995506,40.15881534469138,29.21702485041265,103.25457554028982,28.316215665630917,1,frame,1350
pure/IMG (96).MOV#f01550,IMG (96).MOV,train,0,100_0,pure_E,ambient,ambient,154.56121554934222,128.9563560577753,33.45595985105204,23.20583100333716,201.47974836041283,154.56121554934222,4.531547872530128,39.37360246794975,31.177096877590568,125.6607729574416,31.23549538588722,1,frame,1550
pure/IMG (96).MOV#f01600,IMG (96).MOV,train,0,100_0,pure_E,ambient,ambient,146.2829560960305,120.30448333732916,30.1988687320742,22.8763774563343,205.11672897223923,146.2829560960305,5.377978947946097,39.78548133069527,34.34295848806362,117.7363867503722,33.79244635501544,1,frame,1600
pure/IMG (96).MOV#f01700,IMG (96).MOV,train,0,100_0,pure_E,ambient,ambient,139.44814723725202,113.81992676395038,29.198374050390772,22.500784281576216,205.03572170301143,139.44815270262885,4.520683785088908,40.21954122743824,36.49368186315901,111.770511559272,35.48234566798551,1,frame,1700
pure/IMG (96).MOV#f01750,IMG (96).MOV,train,0,100_0,pure_E,ambient,ambient,136.73112449543504,111.21493639616467,27.895654056256607,22.49034418652032,205.7119147364802,136.73112449543504,4.97311879095153,38.98869275934747,35.281520361861176,109.27957164504092,34.086936530893674,1,frame,1750
pure/IMG (96).MOV#f01900,IMG (96).MOV,train,0,100_0,pure_E,ambient,ambient,145.30559883868045,119.44233023026622,31.9792207705728,22.642288278929776,201.36184692423456,145.30559883868045,3.703701981351477,42.45701976465043,32.746101214171404,117.14068347383702,32.39390757813006,1,frame,1900
pure/IMG (3).MOV#f00100,IMG (3).MOV,train,0,100_0,pure_A,cycling,SVI_colored,107.5438829218195,132.36313064315974,26.81091759738685,37.4597258476329,204.5876303364857,132.36327328226852,3.2174155495836594,25.32722568936101,9.61538306773688,112.85689018215014,9.414314209762264,1,frame,100
pure/IMG (3).MOV#f00200,IMG (3).MOV,train,0,100_0,pure_A,cycling,SVI_colored,95.181077481154,118.86479056849744,24.533710253358272,37.95287082695687,203.95610157002776,118.86568327381964,3.808335393777261,26.34070335459259,9.411600040518358,100.93066655330726,9.177619466920447,1,frame,200
pure/IMG (3).MOV#f00300,IMG (3).MOV,train,0,100_0,pure_A,cycling,SVI_colored,171.62916476494752,97.94257759014148,15.293558877225012,15.879735280693748,232.51791419443177,171.62916476494752,0.8301183141858106,7.844702572551013,7.276488740740367,110.43981058877225,7.784534956677653,1,frame,300
pure/IMG (3).MOV#f00350,IMG (3).MOV,train,0,100_0,pure_A,cycling,SVI_colored,78.60894789690951,54.103857525382125,23.21726821376771,21.721438134553164,183.66450965078656,78.8376380676113,25.30686045885351,30.020476630596395,6.846813862588789,57.812799843802296,6.5918384969123975,1,frame,350
pure/IMG (3).MOV#f00450,IMG (3).MOV,train,0,100_0,pure_A,cycling,SVI_colored,49.85819849662377,72.17608754122959,50.02007332852026,58.960136464659335,92.8214351438966,73.56710692090995,11.065517907445328,11.844091055361416,13.345805803578944,62.88782718251441,7.441833486540902,1,frame,450
pure/IMG (3).MOV#f00500,IMG (3).MOV,train,0,100_0,pure_A,cycling,SVI_colored,132.4443910536432,112.41890908031918,19.023137631778205,24.70695730677384,218.6980895800571,132.44443473702603,0.7172024425273769,9.11329422294973,6.873333899702377,107.71109266701612,7.112455890631394,1,frame,500
pure/IMG (5).MOV#f00000,IMG (5).MOV,train,0,100_0,pure_A,cycling,SVI_colored,0.4566051149651082,0.0,0.4566051149651082,68.49076724476623,116.4343043161026,0.4566051149651082,74.71699866120287,127.01889772404486,0.4981133244080191,0.0,0.0,1,frame,0
pure/IMG (5).MOV#f00050,IMG (5).MOV,train,0,100_0,pure_A,cycling,SVI_colored,60.12421349713622,70.39440524611936,35.780310450734625,42.44020918070889,141.73492155723417,72.62545031958165,17.482991966698677,25.85819297908968,15.512522239198669,63.2975512575745,6.973128454415416,1,frame,50
pure/IMG (5).MOV#f00100,IMG (5).MOV,train,0,100_0,pure_A,cycling,SVI_colored,149.76458610173705,147.0740705333499,63.66144374444328,30.98078448992859,161.94379702302993,155.9143141210099,6.063941526132512,68.68400083300459,25.786214062340168,138.2829842356338,30.954117947227832,1,frame,100
pure/IMG (6).MOV#f00050,IMG (6).MOV,train,0,100_0,pure_A,cycling,SVI_colored,131.46803865093375,145.37297221964135,65.69834618600761,37.85098020997863,155.71898169655302,145.39922883954287,8.674921790004499,70.32320153523402,33.81505169639818,132.05320078045153,32.41465776213586,1,frame,50
adulterated/ratio_97.5_2.5/IMG (7).MOV#f00000,IMG (7).MOV,train,1,97.5_2.5,yellow_dye_97.5_2.5_d1,cycling,SVI_colored,152.10131435981916,78.46345378710876,22.611860783007955,12.903207037958712,218.51173810942484,152.10131435981916,0.9378330958686956,20.736941336735143,12.484676725743514,94.03779047352003,13.693156794517645,1,frame,0
adulterated/ratio_97.5_2.5/IMG (7).MOV#f00010,IMG (7).MOV,train,1,97.5_2.5,yellow_dye_97.5_2.5_d1,cycling,SVI_colored,64.4887542477443,45.38381686966232,35.143475533682114,22.412725656030936,132.5759837879195,66.29212762877644,35.256371624871576,24.23988286712981,17.372549753626735,49.855118316480215,12.933479560905052,1,frame,10
adulterated/ratio_97.5_2.5/IMG (7).MOV#f00020,IMG (7).MOV,train,1,97.5_2.5,yellow_dye_97.5_2.5_d1,cycling,SVI_colored,150.51620952889738,76.82655944665477,26.31073652837722,12.271506094389226,212.00704334256517,150.51620952889738,4.852744399599405,22.980077248240296,12.5067166784809,92.99741322348906,13.630300069318318,1,frame,20
adulterated/ratio_97.5_2.5/IMG (7).MOV#f00030,IMG (7).MOV,train,1,97.5_2.5,yellow_dye_97.5_2.5_d1,cycling,SVI_colored,151.56640608728253,104.60624973965204,21.41399491800775,19.156715588941807,220.4283730682181,151.56640608728253,1.5542988257189554,20.158899337253395,13.625225723993124,109.0809230897402,16.482898270067654,1,frame,30
adulterated/ratio_97.5_2.5/IMG (7).MOV#f00040,IMG (7).MOV,train,1,97.5_2.5,yellow_dye_97.5_2.5_d1,cycling,SVI_colored,59.900485903313474,48.34818952974442,44.51196228072583,26.82502676586049,95.42184368737476,63.95626183874599,40.16121567061533,17.664592322417267,25.551788570382698,51.29262634858759,15.688420812826584,1,frame,40
adulterated/ratio_97.5_2.5/IMG (7).MOV#f00050,IMG (7).MOV,train,1,97.5_2.5,yellow_dye_97.5_2.5_d1,cycling,SVI_colored,155.04449939912612,90.60238126662824,33.477413394277455,16.301833186298687,202.07829421285524,155.0447355807637,18.897322658098886,31.474010764629757,11.638671956238651,103.25754218273512,14.789235867865084,1,frame,50
adulterated/ratio_97.5_2.5/IMG (7).MOV#f00060,IMG (7).MOV,train,1,97.5_2.5,yellow_dye_97.5_2.5_d1,cycling,SVI_colored,127.7409441178952,124.67545068481591,21.968620806029755,29.080068622212224,212.66096689821973,128.68430969991843,1.3947099988497884,13.14910773068116,15.368054740785508,113.83841437691594,14.620438566899312,1,frame,60
adulterated/ratio_97.5_2.5/IMG (7).MOV#f00070,IMG (7).MOV,train,1,97.5_2.5,yellow_dye_97.5_2.5_d1,cycling,SVI_colored,62.82010220760143,46.63223194642722,43.20653935544383,24.6834322995331,106.23368437023704,66.29200891040628,41.63619897873008,16.176404168620316,23.305020944101397,51.00914489065442,14.172486880124673,1,frame,70
adulterated/ratio_97.5_2.5/IMG (7).MOV#f00080,IMG (7).MOV,train,1,97.5_2.5,yellow_dye_97.5_2.5_d1,cycling,SVI_colored,113.44122658760944,91.4147733569766,32.449794968414054,23.789544774465256,186.53489000332485,113.5888701097196,15.96372654968146,41.01459004558805,13.720768499903617,91.20286351546048,15.99718873712788,1,frame,80
adulterated/ratio_97.5_2.5/IMG (7).MOV#f00090,IMG (7).MOV,train,1,97.5_2.5,yellow_dye_97.5_2.5_d1,cycling,SVI_colored,130.68696954920958,127.51771997145018,22.241811359155378,29.07145229564615,212.89051425017843,131.5977301476252,1.3642417683350692,12.044179363807949,14.612036427167132,116.41671436748712,13.931623674447826,1,frame,90
adulterated/ratio_97.5_2.5/IMG (7).MOV#f00100,IMG (7).MOV,train,1,97.5_2.5,yellow_dye_97.5_2.5_d1,cycling,SVI_colored,70.43421143321892,45.34199026784114,38.77649118453883,23.580345450284657,134.53913540934343,72.53552375832265,42.48385149078954,19.26353319008577,19.268760833439217,52.034400286726495,13.32059996763844,1,frame,100
adulterated/ratio_97.5_2.5/IMG (7).MOV#f00110,IMG (7).MOV,train,1,97.5_2.5,yellow_dye_97.5_2.5_d1,cycling,SVI_colored,93.03966797422248,114.3139394788456,36.32855141496218,39.30583496777809,179.7929742224713,114.35527458671896,8.027450077423705,33.0857729086523,16.540517559254923,98.99126506024096,16.357287615501644,1,frame,110
adulterated/ratio_97.5_2.5/IMG (7).MOV#f00120,IMG (7).MOV,train,1,97.5_2.5,yellow_dye_97.5_2.5_d1,cycling,SVI_colored,158.96397104651822,139.2058615218993,24.22812198991444,25.55529350104822,216.99150801745145,159.04855799195423,1.4036629686030129,12.682770215361586,13.098193544705415,131.9346846846847,14.775859904239027,1,frame,120
adulterated/ratio_97.5_2.5/IMG (7).MOV#f00130,IMG (7).MOV,train,1,97.5_2.5,yellow_dye_97.5_2.5_d1,cycling,SVI_colored,102.71303336241638,51.900612129017965,27.6894760895758,20.675564695943606,193.227020925949,102.77004307061642,38.31843704669054,29.31414476768921,11.371713685617465,64.28297810461589,11.896906621893695,1,frame,130
adulterated/ratio_97.5_2.5/IMG (7).MOV#f00140,IMG (7).MOV,train,1,97.5_2.5,yellow_dye_97.5_2.5_d1,cycling,SVI_colored,94.53227653888032,122.76260305160004,39.96990822574488,41.147156977812976,176.5247606657522,122.79168375355287,7.102497257864153,29.75486479436853,14.700337722077697,104.81915946660634,14.742449482571308,1,frame,140
adulterated/ratio_97.5_2.5/IMG (7).MOV#f00150,IMG (7).MOV,train,1,97.5_2.5,yellow_dye_97.5_2.5_d1,cycling,SVI_colored,179.46043661743224,152.92611791916897,26.72029702970297,24.784592598604124,217.6806119136504,179.46085254017206,1.3125907240143295,12.312559248837797,11.910920130744966,146.41731253043338,14.392021236230743,1,frame,150
adulterated/ratio_97.5_2.5/IMG (7).MOV#f00160,IMG (7).MOV,train,1,97.5_2.5,yellow_dye_97.5_2.5_d1,cycling,SVI_colored,148.72441610645228,76.75159747730265,17.48571626585349,13.451639060225936,226.47273546330308,148.72441610645228,1.5001999020405872,23.5439048727882,11.91569703795454,91.45207568092036,13.143863262920352,1,frame,160
adulterated/ratio_97.5_2.5/IMG (7).MOV#f00170,IMG (7).MOV,train,1,97.5_2.5,yellow_dye_97.5_2.5_d1,cycling,SVI_colored,65.15494639841138,80.71402828128643,49.05449907071735,46.16451482965507,112.56059417555316,81.82889185693993,13.523462638757197,15.869042333788991,18.16991046241216,72.39002310839746,13.17229308376969,1,frame,170
adulterated/ratio_97.5_2.5/IMG (7).MOV#f00180,IMG (7).MOV,train,1,97.5_2.5,yellow_dye_97.5_2.5_d1,cycling,SVI_colored,176.6845756549907,146.36894276955587,26.728487317266453,23.92265235615924,217.41052573041284,176.6845756549907,1.3359754642625543,17.410539936894963,12.597736190976578,141.7321437260613,15.587113334506714,1,frame,180
adulterated/ratio_97.5_2.5/IMG (7).MOV#f00190,IMG (7).MOV,train,1,97.5_2.5,yellow_dye_97.5_2.5_d1,cycling,SVI_colored,160.31676137346778,88.62170112333109,18.14162415819381,14.837058159896458,227.36235906451367,160.31676137346778,1.0677456922084236,21.028375410483715,11.872555452008854,101.9362199874032,13.878220412382138,1,frame,190
adulterated/ratio_97.5_2.5/IMG (7).MOV#f00200,IMG (7).MOV,train,1,97.5_2.5,yellow_dye_97.5_2.5_d1,cycling,SVI_colored,43.04935702021795,48.22213111881986,51.360292932478366,81.8703037948071,37.01152107642174,52.91318546550335,19.66165089385497,30.38601267030379,25.687339479218792,46.94574441991661,12.495421062114218,1,frame,200
adulterated/ratio_97.5_2.5/IMG (7).MOV#f00210,IMG (7).MOV,train,1,97.5_2.5,yellow_dye_97.5_2.5_d1,cycling,SVI_colored,157.94754298985487,104.0064806380508,21.659669153692644,18.103307767726143,221.30751740106945,157.94754298985487,0.923781995682242,24.809620778217216,10.980558372307144,110.69816358743648,13.73530250623391,1,frame,210
adulterated/ratio_97.5_2.5/IMG (7).MOV#f00220,IMG (7).MOV,train,1,97.5_2.5,yellow_dye_97.5_2.5_d1,cycling,SVI_colored,134.56896098687577,82.11582237342516,17.872657622149386,16.476392980126956,222.72365127439184,134.56896098687577,0.95994221973052,23.22892391310729,12.210359715085328,90.4158057779806,13.570276741541788,1,frame,220
adulterated/ratio_97.5_2.5/IMG (7).MOV#f00230,IMG (7).MOV,train,1,97.5_2.5,yellow_dye_97.5_2.5_d1,cycling,SVI_colored,48.03644667447485,37.17163687774182,27.616481742011047,23.79406485415093,126.9844344493496,49.814751928367976,30.8638188335328,26.404804831636543,14.309210210092385,39.252500121281,9.500881630259755,1,frame,230
adulterated/ratio_97.5_2.5/IMG (7).MOV#f00240,IMG (7).MOV,train,1,97.5_2.5,yellow_dye_97.5_2.5_d1,cycling,SVI_colored,69.73391947857968,46.07599972842692,19.04716545590332,20.887005227781927,192.27191255346597,69.98868898092199,25.062159728997774,42.46414868530089,10.28903007245636,49.974132663453055,11.67538843586384,1,frame,240
adulterated/ratio_97.5_2.5/IMG (7).MOV#f00250,IMG (7).MOV,train,1,97.5_2.5,yellow_dye_97.5_2.5_d1,cycling,SVI_colored,75.57786123899524,53.9150243652909,20.20888861965916,20.20083191987723,194.21669628193737,75.72503567293973,14.99375965670989,46.52075872990682,13.06298622704698,56.470115499555774,15.30223612228985,1,frame,250
adulterated/ratio_97.5_2.5/IMG (7).MOV#f00260,IMG (7).MOV,train,1,97.5_2.5,yellow_dye_97.5_2.5_d1,cycling,SVI_colored,83.59064590364113,55.41916308278597,23.218280139821665,19.39127926090428,191.50899380732253,83.70210067965138,21.737419220569663,45.775507799384094,14.45395997275561,60.11580910719437,16.905682956878934,1,frame,260
adulterated/ratio_97.5_2.5/IMG (7).MOV#f00270,IMG (7).MOV,train,1,97.5_2.5,yellow_dye_97.5_2.5_d1,cycling,SVI_colored,91.1772252170002,59.575780562958585,23.669743493350698,17.639447379550628,194.9942737458295,91.20534629404617,16.326656835268164,43.85609738011991,15.046643478851651,64.86428173439042,17.698462925837962,1,frame,270
adulterated/ratio_97.5_2.5/IMG (7).MOV#f00280,IMG (7).MOV,train,1,97.5_2.5,yellow_dye_97.5_2.5_d1,cycling,SVI_colored,99.71936689678397,62.40243812089577,23.76724701128136,15.34331705674356,199.3941741033844,99.71946118875232,5.78146777502092,39.31814189324087,15.638724697557286,69.11627546725038,17.975351333622253,1,frame,280
adulterated/ratio_97.5_2.5/IMG (7).MOV#f00290,IMG (7).MOV,train,1,97.5_2.5,yellow_dye_97.5_2.5_d1,cycling,SVI_colored,110.8152532664139,67.09468508769537,23.50872862169608,14.892869807152014,204.9656515097788,110.8152532664139,1.2444058961658393,33.986695473505456,15.97172224493118,75.13177491066801,17.703515760799057,1,frame,290
adulterated/ratio_97.5_2.5/IMG (7).MOV#f00300,IMG (7).MOV,train,1,97.5_2.5,yellow_dye_97.5_2.5_d1,cycling,SVI_colored,113.64651451828786,68.35898276380125,21.692172689775735,15.1804337731159,209.9808312163676,113.64651451828786,0.9661588577425886,31.71861564171476,16.0713910839403,76.51253790051626,17.674324218980992,1,frame,300
adulterated/ratio_97.5_2.5/IMG (7).MOV#f00310,IMG (7).MOV,train,1,97.5_2.5,yellow_dye_97.5_2.5_d1,cycling,SVI_colored,111.28034259026016,67.81546285768752,21.065256908653943,15.532730577814691,210.6312252776057,111.28034259026016,0.9783534746302284,32.37181262375047,16.38562034911291,75.42736637141631,18.036066667473687,1,frame,310
adulterated/ratio_97.5_2.5/IMG (7).MOV#f00320,IMG (7).MOV,train,1,97.5_2.5,yellow_dye_97.5_2.5_d1,cycling,SVI_colored,106.2800445961196,63.99460903615277,19.07891337747624,15.44556690097758,213.21909883207115,106.2800445961196,1.0278605924399355,32.50631429375696,16.24744790962673,71.46122313015813,17.569016408890505,1,frame,320
adulterated/ratio_97.5_2.5/IMG (7).MOV#f00330,IMG (7).MOV,train,1,97.5_2.5,yellow_dye_97.5_2.5_d1,cycling,SVI_colored,104.80527665463624,63.73599766627771,19.727063037638057,15.48921331849882,211.0744552386638,104.80527665463624,1.0285728587213308,33.105555037992175,16.251136576066358,70.94184011288704,17.566496664818647,1,frame,330
adulterated/ratio_97.5_2.5/IMG (10).MOV#f00000,IMG (10).MOV,train,1,97.5_2.5,yellow_dye_97.5_2.5_d1,cycling,SVI_colored,47.73562611312412,38.44244918012651,27.41176073205183,27.046748142234232,143.83178775409937,51.33074372044464,30.58628774957345,33.80000540246353,25.82145037790941,39.88466498802432,16.345002248341267,1,frame,0
adulterated/ratio_97.5_2.5/IMG (10).MOV#f00010,IMG (10).MOV,train,1,97.5_2.5,yellow_dye_97.5_2.5_d1,cycling,SVI_colored,141.27412550136188,73.48046232553907,16.48199647665295,13.718678289811546,226.54246543284515,141.27412550136188,4.30138330398949,18.05425930170259,15.089995836538131,87.18239496590414,14.212279418115862,1,frame,10
adulterated/ratio_97.5_2.5/IMG (10).MOV#f00020,IMG (10).MOV,train,1,97.5_2.5,yellow_dye_97.5_2.5_d1,cycling,SVI_colored,109.65842354054868,107.57468911550826,20.452130242622065,29.14184815682225,211.13254159981804,111.22385527504748,2.3307409926869527,19.93493577181677,22.16967330849891,98.19806861280668,20.97507886424631,1,frame,20
adulterated/ratio_97.5_2.5/IMG (10).MOV#f00030,IMG (10).MOV,train,1,97.5_2.5,yellow_dye_97.5_2.5_d1,cycling,SVI_colored,56.82847886530382,41.75054811802604,28.720735396788456,26.583295567286847,155.0073858138481,59.893775338975786,34.9468088956062,35.12408804538533,24.50632326158739,44.72057616697084,16.511357362928415,1,frame,30
adulterated/ratio_97.5_2.5/IMG (10).MOV#f00040,IMG (10).MOV,train,1,97.5_2.5,yellow_dye_97.5_2.5_d1,cycling,SVI_colored,150.1941472318776,77.35385880083629,16.318426316096083,13.635066120356525,228.4162443119664,150.1941472318776,3.2770626253081883,17.093593249298628,15.135585390811444,92.1031840042462,14.20780516138196,1,frame,40
adulterated/ratio_97.5_2.5/IMG (10).MOV#f00050,IMG (10).MOV,train,1,97.5_2.5,yellow_dye_97.5_2.5_d1,cycling,SVI_colored,120.53252163156904,115.8445437512506,22.07159791657824,28.4487845695818,211.69664869846773,121.79627821805592,2.242459310321554,20.552516723762167,23.13442905863557,106.49955433207414,22.490237783899197,1,frame,50
adulterated/ratio_97.5_2.5/IMG (10).MOV#f00060,IMG (10).MOV,train,1,97.5_2.5,yellow_dye_97.5_2.5_d1,cycling,SVI_colored,63.47252338467261,43.04828732397746,29.634005123928265,25.05503722947879,160.3918365142888,65.89293749887501,36.540044066934,34.024228322226314,23.094031323708307,47.57124600255597,16.843114194504384,1,frame,60
adulterated/ratio_97.5_2.5/IMG (10).MOV#f00070,IMG (10).MOV,train,1,97.5_2.5,yellow_dye_97.5_2.5_d1,cycling,SVI_colored,80.33361466628888,93.58725441140122,24.653460093925016,36.95474960362196,197.80575366084508,93.71828523544552,9.362492482722525,37.33769558462407,22.70743146289979,81.70973673263924,21.18248398525695,1,frame,70
adulterated/ratio_97.5_2.5/IMG (10).MOV#f00080,IMG (10).MOV,train,1,97.5_2.5,yellow_dye_97.5_2.5_d1,cycling,SVI_colored,162.0111492909896,151.85835744126788,62.85447717758242,28.61011972769172,174.45689242615643,166.85727096743597,6.427047380233824,67.95512277273869,40.3873169891835,144.6736698240516,46.64674127574161,1,frame,80
adulterated/ratio_97.5_2.5/IMG (10).MOV#f00090,IMG (10).MOV,train,1,97.5_2.5,yellow_dye_97.5_2.5_d1,cycling,SVI_colored,90.80158238558356,49.66939763344593,18.232019361554038,15.197172395736882,206.50273628822663,90.8044304242045,18.626237321591283,25.351636773983092,11.13877014059593,58.32162402058761,10.615858934922857,1,frame,90
adulterated/ratio_97.5_2.5/IMG (9).MOV#f00000,IMG (9).MOV,train,1,97.5_2.5,yellow_dye_97.5_2.5_d1,cycling,SVI_colored,168.42307357612148,110.0515924813993,20.077165731192625,18.11392115911761,225.296675803855,168.42307357612148,1.286875703592785,17.053932146677052,12.274089623153843,117.172344776574,13.939495194350908,1,frame,0
adulterated/ratio_97.5_2.5/IMG (9).MOV#f00010,IMG (9).MOV,train,1,97.5_2.5,yellow_dye_97.5_2.5_d1,cycling,SVI_colored,162.24898759576797,102.53859905144108,19.04105253557096,17.40181503101058,226.05749726377235,162.24898759576797,1.2661832339116676,19.737273719780557,13.986131495272618,110.79733673841665,15.259399057565354,1,frame,10
adulterated/ratio_97.5_2.5/IMG (9).MOV#f00020,IMG (9).MOV,train,1,97.5_2.5,yellow_dye_97.5_2.5_d1,cycling,SVI_colored,162.55812322534297,102.6552889056139,19.87175430193972,17.30050289076665,225.0047210153604,162.55812322534297,1.5167733863395836,21.48309475895292,15.20369263711879,111.05195682665664,16.618215191087863,1,frame,20
adulterated/ratio_97.5_2.5/IMG (9).MOV#f00030,IMG (9).MOV,train,1,97.5_2.5,yellow_dye_97.5_2.5_d1,cycling,SVI_colored,151.95548866522435,91.16651302793716,19.947794186812157,16.096773586680463,222.6004138839244,151.95548866522435,0.9892299027007057,24.163810411979423,9.493900617047958,101.14751199322735,11.392872432053927,1,frame,30
adulterated/ratio_97.5_2.5/IMG (9).MOV#f00040,IMG (9).MOV,train,1,97.5_2.5,yellow_dye_97.5_2.5_d1,cycling,SVI_colored,170.4550099242814,113.16248254061604,27.55235977357936,17.9214143938837,214.91147173417627,170.4550099242814,0.9442868828906132,29.057584954536843,8.252214136749211,120.47851576858046,12.132253429312094,1,frame,40
adulterated/ratio_97.5_2.5/IMG (9).MOV#f00050,IMG (9).MOV,train,1,97.5_2.5,yellow_dye_97.5_2.5_d1,cycling,SVI_colored,228.86669743632777,198.2782696261486,206.996978978727,171.34649435656442,34.150295808332984,228.86669743632777,0.897477071998602,1.286174875762027,1.4031854977840053,208.2973188436202,1.81495300398317,1,frame,50
adulterated/ratio_97.5_2.5/IMG (9).MOV#f00060,IMG (9).MOV,train,1,97.5_2.5,yellow_dye_97.5_2.5_d1,cycling,SVI_colored,60.18788883671792,41.81371052940486,45.081464960676136,163.62860957858905,78.22124075595727,60.18788883671792,41.670127544051965,8.351982222986496,4.314173027447527,47.62294576828266,4.058979857980583,1,frame,60
adulterated/ratio_97.5_2.5/IMG (9).MOV#f00070,IMG (9).MOV,train,1,97.5_2.5,yellow_dye_97.5_2.5_d1,cycling,SVI_colored,108.48593788212276,85.34971875764245,92.31116002282546,170.97538110377437,54.51683378169072,108.48593788212276,2.0465872093455744,3.626520182835198,8.385823069624069,93.02359990217656,7.707355676618831,1,frame,70
adulterated/ratio_97.5_2.5/IMG (9).MOV#f00080,IMG (9).MOV,train,1,97.5_2.5,yellow_dye_97.5_2.5_d1,cycling,SVI_colored,55.099998156716005,36.788243534681385,35.91696005603583,40.46109749129048,90.71889919079833,55.099998156716005,72.25197744784991,12.663222888556737,9.886969274495032,42.09673554404527,8.176413732941054,1,frame,80
adulterated/ratio_97.5_2.5/IMG (9).MOV#f00090,IMG (9).MOV,train,1,97.5_2.5,yellow_dye_97.5_2.5_d1,cycling,SVI_colored,108.4794756812694,122.81810279406692,47.64711969644705,35.752769920662296,157.25370127630217,122.81810279406692,0.7519195299288831,9.883605607705114,22.646895835521235,109.9055398413246,20.99273394746906,1,frame,90
adulterated/ratio_97.5_2.5/IMG (9).MOV#f00100,IMG (9).MOV,train,1,97.5_2.5,yellow_dye_97.5_2.5_d1,cycling,SVI_colored,180.2947093049479,169.55608678002795,28.643678679355915,27.80564701637274,214.55455324523027,180.31338234630823,0.8587892441840523,2.877615592996251,4.3359269459506695,156.66528347841776,5.915729332347378,1,frame,100
adulterated/ratio_97.5_2.5/IMG (9).MOV#f00110,IMG (9).MOV,train,1,97.5_2.5,yellow_dye_97.5_2.5_d1,cycling,SVI_colored,149.23038634400575,133.3394088453599,22.55660474036336,26.20019910111701,216.75733087384896,149.31684893202743,1.220678632377337,6.605519328434893,9.994250355339178,125.39823151360768,11.286386173901027,1,frame,110
adulterated/ratio_97.5_2.5/IMG (9).MOV#f00120,IMG (9).MOV,train,1,97.5_2.5,yellow_dye_97.5_2.5_d1,cycling,SVI_colored,118.89247827389872,102.67473778843272,17.07431824992508,25.198022175606837,218.59406652682048,118.900689241834,0.7740058722699475,6.334382362571944,5.658795133756012,97.70890020976924,6.166733028375995,1,frame,120
adulterated/ratio_97.5_2.5/IMG (9).MOV#f00130,IMG (9).MOV,train,1,97.5_2.5,yellow_dye_97.5_2.5_d1,cycling,SVI_colored,71.54644619732568,80.3888471759396,32.16264394482642,35.55559961192897,153.07677901041887,80.3888471759396,1.3241093064451686,19.564942963373213,11.15684370218955,72.1715780149323,10.14431423856506,1,frame,130
adulterated/ratio_97.5_2.5/IMG (9).MOV#f00140,IMG (9).MOV,train,1,97.5_2.5,yellow_dye_97.5_2.5_d1,cycling,SVI_colored,40.17482151246524,43.37416532528246,20.959219352900856,34.48148119623232,132.4644295715529,43.37698415754654,2.30014202808785,21.7906462462726,8.302254021802371,39.808388721590255,7.872603120416645,1,frame,140
adulterated/ratio_97.5_2.5/IMG (9).MOV#f00150,IMG (9).MOV,train,1,97.5_2.5,yellow_dye_97.5_2.5_d1,cycling,SVI_colored,48.75601262529916,51.975748326454166,32.50800874059173,35.29718705559988,94.36981721064132,51.97774617599112,2.536270427140659,19.144840890149023,8.444458132734761,48.736852693281534,7.910749488941737,1,frame,150
adulterated/ratio_97.5_2.5/IMG (9).MOV#f00160,IMG (9).MOV,train,1,97.5_2.5,yellow_dye_97.5_2.5_d1,cycling,SVI_colored,56.12269208859699,52.54466709111014,32.57896324096103,25.473779445766176,107.6312535602989,56.13106926247361,2.100387726961163,14.36488142576586,4.557722963064258,51.26669570753611,4.371723334319001,1,frame,160
adulterated/ratio_97.5_2.5/IMG (9).MOV#f00170,IMG (9).MOV,train,1,97.5_2.5,yellow_dye_97.5_2.5_d1,cycling,SVI_colored,22.609880613074186,23.99547863512013,66.23309639092064,119.14092922633152,168.8977370282614,66.23309639092064,1.0821423765119862,9.205860767476274,4.568443946738774,28.331765163742087,3.7639995329655545,1,frame,170
adulterated/ratio_97.5_2.5/IMG (9).MOV#f00180,IMG (9).MOV,train,1,97.5_2.5,yellow_dye_97.5_2.5_d1,cycling,SVI_colored,194.4738595018192,172.01057934508816,141.4483067450322,17.264791491743633,69.54534005037783,194.4738595018192,0.6225496651252306,2.1819364341817167,2.992106813649956,175.1030506577106,2.9846166248578427,1,frame,180
adulterated/ratio_97.5_2.5/IMG (9).MOV#f00190,IMG (9).MOV,train,1,97.5_2.5,yellow_dye_97.5_2.5_d1,cycling,SVI_colored,188.7843112790532,119.5037965207472,23.139749393982605,17.443676030229575,224.19167973763007,188.7843112790532,0.9356621798527952,16.311207204454874,7.54441191387787,129.1766897190931,11.040789612635196,1,frame,190
adulterated/ratio_97.5_2.5/IMG (9).MOV#f00200,IMG (9).MOV,train,1,97.5_2.5,yellow_dye_97.5_2.5_d1,cycling,SVI_colored,59.78458333634713,49.76825096019616,31.18673012520524,27.99613028288717,143.260182419188,62.35107375608486,28.548347482476963,32.3388278573714,20.23275643202454,50.56430601867591,13.043487463304867,1,frame,200
adulterated/ratio_97.5_2.5/IMG (9).MOV#f00210,IMG (9).MOV,train,1,97.5_2.5,yellow_dye_97.5_2.5_d1,cycling,SVI_colored,167.1149242505641,92.16877618996456,17.22496328928047,14.940739944844385,229.37903370223128,167.1149242505641,1.2665995815319646,14.769185906649108,12.334040856230256,105.94896314601912,12.991743420416416,1,frame,210
adulterated/ratio_97.5_2.5/IMG (9).MOV#f00220,IMG (9).MOV,train,1,97.5_2.5,yellow_dye_97.5_2.5_d1,cycling,SVI_colored,158.22090268216382,131.17466418219058,58.86318677843565,23.5486491877612,173.53891886369274,158.8696623091032,5.170564116167252,74.61406494466598,29.16535922032416,130.96100086113367,42.9008948149091,1,frame,220
adulterated/ratio_97.5_2.5/IMG (9).MOV#f00230,IMG (9).MOV,train,1,97.5_2.5,yellow_dye_97.5_2.5_d1,cycling,SVI_colored,50.760405542412975,40.42875295708009,26.3062250760392,27.442325109834403,150.6103683676918,53.68792159513349,30.77646838335781,33.381106102748404,22.52339112550402,41.81801960121663,14.077679624172172,1,frame,230
adulterated/ratio_97.5_2.5/IMG (9).MOV#f00240,IMG (9).MOV,train,1,97.5_2.5,yellow_dye_97.5_2.5_d1,cycling,SVI_colored,143.35938870269277,74.47644071599012,16.381659721136394,13.746894906082382,227.04746527801385,143.35938870269277,4.5972600303728886,17.82719605734662,14.909732201508548,88.38041564409879,14.055072638377778,1,frame,240
adulterated/ratio_97.5_2.5/IMG (9).MOV#f00250,IMG (9).MOV,train,1,97.5_2.5,yellow_dye_97.5_2.5_d1,cycling,SVI_colored,110.59248053075558,108.84387026550736,20.83053658663004,29.27291280629236,210.90688453215503,112.17816464307464,2.254959524459568,20.05347536935516,22.544083523899165,99.2692457206536,21.31705854303744,1,frame,250
adulterated/ratio_97.5_2.5/IMG (9).MOV#f00260,IMG (9).MOV,train,1,97.5_2.5,yellow_dye_97.5_2.5_d1,cycling,SVI_colored,56.81638104422971,41.22119295217912,27.927688139636697,25.131026781465525,157.81955979671213,59.81755483506653,32.67480327278305,33.211361324174646,24.529084532007435,44.328693158385626,16.531495367111564,1,frame,260
adulterated/ratio_97.5_2.5/IMG (9).MOV#f00270,IMG (9).MOV,train,1,97.5_2.5,yellow_dye_97.5_2.5_d1,cycling,SVI_colored,98.22819993672888,79.62043657070548,22.45511546978804,24.286225877886743,204.4784814931984,98.5764884530212,12.866566498581673,44.52928992208672,18.99207144570448,78.58766213223663,20.57229410309118,1,frame,270
adulterated/ratio_97.5_2.5/IMG (9).MOV#f00280,IMG (9).MOV,train,1,97.5_2.5,yellow_dye_97.5_2.5_d1,cycling,SVI_colored,123.58321744033076,114.9861492200714,21.601478418843577,27.364699617866314,213.23291361272945,124.5353755559732,2.1961811609482025,18.688252168214987,21.22663283067508,106.8563553216814,21.19515378110257,1,frame,280
adulterated/ratio_97.5_2.5/IMG (9).MOV#f00290,IMG (9).MOV,train,1,97.5_2.5,yellow_dye_97.5_2.5_d1,cycling,SVI_colored,65.51053624163923,42.58486298337851,28.11641106805654,24.68062604983415,168.59423190040448,67.67250025772101,36.901753945379646,34.59335910865541,22.18369815776776,47.72599707714045,16.560589895754656,1,frame,290
adulterated/ratio_97.5_2.5/IMG (9).MOV#f00300,IMG (9).MOV,train,1,97.5_2.5,yellow_dye_97.5_2.5_d1,cycling,SVI_colored,83.68167609407561,94.65931700903046,24.51463729284509,35.819061972809365,198.68062171281136,94.77185050114122,8.898169723333856,37.704558837896016,23.29343109071841,83.32577279944428,21.877589695403,1,frame,300
adulterated/ratio_97.5_2.5/IMG (9).MOV#f00310,IMG (9).MOV,train,1,97.5_2.5,yellow_dye_97.5_2.5_d1,cycling,SVI_colored,166.5467620501867,153.41689541647176,61.30190561091644,27.686311199766983,177.54885389727883,170.77337440532406,5.973695321259402,66.05226624414047,38.85168434162748,146.7753250306716,46.26745189020883,1,frame,310
adulterated/ratio_97.5_2.5/IMG (9).MOV#f00320,IMG (9).MOV,train,1,97.5_2.5,yellow_dye_97.5_2.5_d1,cycling,SVI_colored,97.2312351805543,51.53038391272237,17.872879928477953,14.67804065872841,210.71525933220173,97.2321292061312,17.70055757069929,24.714466154751417,11.816252907249352,61.30124774873994,11.191610873853053,1,frame,320
adulterated/ratio_97.5_2.5/IMG (9).MOV#f00330,IMG (9).MOV,train,1,97.5_2.5,yellow_dye_97.5_2.5_d1,cycling,SVI_colored,84.42649300006786,99.09864073596466,25.6958654433496,37.06960443750656,197.84684679126076,99.20366748317116,8.741196619252518,36.52445534656588,22.489398422535967,86.28237275795475,21.18085530871676,1,frame,330
adulterated/ratio_97.5_2.5/IMG (9).MOV#f00340,IMG (9).MOV,train,1,97.5_2.5,yellow_dye_97.5_2.5_d1,cycling,SVI_colored,187.6418283635172,165.7599572352964,65.61266042152548,25.701078170601853,176.06115525053133,188.82007354494388,4.235320852794805,67.77744587425772,30.255229023168276,160.8158746718283,42.040375338586536,1,frame,340
adulterated/ratio_97.5_2.5/IMG (9).MOV#f00350,IMG (9).MOV,train,1,97.5_2.5,yellow_dye_97.5_2.5_d1,cycling,SVI_colored,158.83876502336489,97.29502698601556,59.96840998051489,57.02777921473281,175.07660838377046,158.83876502336489,71.30686888789539,79.80029459448092,26.23922910464768,111.37999844808856,37.68043552436751,1,frame,350
adulterated/ratio_97.5_2.5/IMG (9).MOV#f00360,IMG (9).MOV,train,1,97.5_2.5,yellow_dye_97.5_2.5_d1,cycling,SVI_colored,59.26551214206275,64.65599525805703,22.13114894345111,35.71985260867971,181.66311428327,65.34369309362893,12.851418236100598,35.08246307549278,19.112083638041906,58.15009838309522,15.606228505606174,1,frame,360
adulterated/ratio_97.5_2.5/IMG (9).MOV#f00370,IMG (9).MOV,train,1,97.5_2.5,yellow_dye_97.5_2.5_d1,cycling,SVI_colored,182.3025967053289,153.15879786263966,63.22764421642904,23.650867983057925,176.37278956204565,182.3026563605219,3.806026220496337,70.78181042125296,28.559373447157903,151.5384690773046,42.29011793410814,1,frame,370
adulterated/ratio_97.5_2.5/IMG (9).MOV#f00380,IMG (9).MOV,train,1,97.5_2.5,yellow_dye_97.5_2.5_d1,cycling,SVI_colored,168.4110463952007,106.14267514838028,57.27714837175811,11.60086663456909,179.07716200612694,168.4110463952007,4.396159796038273,77.71871463273658,26.006896414407745,119.12816732779152,37.96622342101262,1,frame,380
adulterated/ratio_97.5_2.5/IMG (9).MOV#f00390,IMG (9).MOV,train,1,97.5_2.5,yellow_dye_97.5_2.5_d1,cycling,SVI_colored,44.60555955094528,40.58348468411366,26.29222686770926,30.275222759906875,140.25103913992126,48.13794049171735,24.166136017725957,35.564207676359906,25.41926484574317,40.09018881263789,15.743380485004376,1,frame,390
adulterated/ratio_97.5_2.5/IMG (9).MOV#f00400,IMG (9).MOV,train,1,97.5_2.5,yellow_dye_97.5_2.5_d1,cycling,SVI_colored,169.40696233413505,122.72109210713808,64.40988129833455,15.46060477829258,170.6687925592321,169.40696233413505,2.937300121996196,85.76768064750617,27.82292576464546,129.95380609614446,42.0336259678533,1,frame,400
adulterated/ratio_97.5_2.5/IMG (9).MOV#f00410,IMG (9).MOV,train,1,97.5_2.5,yellow_dye_97.5_2.5_d1,cycling,SVI_colored,163.2671660211942,114.467740562625,58.93205515597736,15.504685704558028,175.17976337404775,163.2671660211942,1.8377051552532315,79.18833945345594,27.71339021512963,122.68414265650934,41.06569385399652,1,frame,410
adulterated/ratio_97.5_2.5/IMG (9).MOV#f00420,IMG (9).MOV,train,1,97.5_2.5,yellow_dye_97.5_2.5_d1,cycling,SVI_colored,41.44659088887703,35.578840327065954,26.23535585321166,27.64707591416594,127.63258444954371,44.66961358070809,27.82781245929041,33.34860884982788,23.10797774746032,36.19752032303396,14.091272851812176,1,frame,420
adulterated/ratio_97.5_2.5/IMG (9).MOV#f00430,IMG (9).MOV,train,1,97.5_2.5,yellow_dye_97.5_2.5_d1,cycling,SVI_colored,143.8889016962314,73.82973986265137,14.928541095391784,13.614228687907982,229.51468732558425,143.8889016962314,1.831187925260159,14.96045355209896,14.982072176252194,87.98988085127036,13.62959452033282,1,frame,430
adulterated/ratio_97.5_2.5/IMG (9).MOV#f00440,IMG (9).MOV,train,1,97.5_2.5,yellow_dye_97.5_2.5_d1,cycling,SVI_colored,121.68350462778945,99.34853784566464,19.851501902220203,23.432224178070523,215.3489182897053,121.79754698767816,1.9658150065544329,20.693875858208514,15.395546365129832,96.90252682982226,17.119373785490534,1,frame,440
adulterated/ratio_97.5_2.5/IMG (9).MOV#f00450,IMG (9).MOV,train,1,97.5_2.5,yellow_dye_97.5_2.5_d1,cycling,SVI_colored,42.4056796769852,36.197559443696726,41.08250336473755,45.74956482727681,114.8014266487214,54.16216240466577,50.43471650576165,30.257846662317405,36.37912231625738,38.55432929564827,15.534895244761811,1,frame,450
adulterated/ratio_97.5_2.5/IMG (9).MOV#f00460,IMG (9).MOV,train,1,97.5_2.5,yellow_dye_97.5_2.5_d1,cycling,SVI_colored,228.75392261821145,195.52383605175575,238.2189738944248,143.43094302696784,45.78042057636692,238.2189738944248,1.152083893220912,3.227260964758205,8.222984479306731,210.2857177458812,9.085301576575338,1,frame,460
adulterated/ratio_90_10/IMG (15).MOV#f00000,IMG (15).MOV,train,1,90_10,yellow_dye_90_10_d1,cycling,SVI_colored,142.16692088450375,93.629742615335,19.69243709198037,18.03297277980668,221.21408337763987,142.16692088450375,1.2097716573675497,24.645724815840417,17.05985771913059,99.64663430110431,16.8758725953434,1,frame,0
adulterated/ratio_90_10/IMG (15).MOV#f00010,IMG (15).MOV,train,1,90_10,yellow_dye_90_10_d1,cycling,SVI_colored,139.15651454450443,89.87643267723394,19.070240376241077,17.60779480926668,221.590463333914,139.15651454450443,1.2201168403224956,24.597572283628057,17.24433678034356,96.47422051907331,16.902064461939723,1,frame,10
adulterated/ratio_90_10/IMG (15).MOV#f00020,IMG (15).MOV,train,1,90_10,yellow_dye_90_10_d1,cycling,SVI_colored,139.2508291150288,88.91791761214871,19.15978355733985,17.34030371792634,221.4618345260953,139.2508291150288,1.2389532031279764,24.131054387392425,17.562487289016687,95.9519375109094,17.095785391803922,1,frame,20
adulterated/ratio_90_10/IMG (15).MOV#f00030,IMG (15).MOV,train,1,90_10,yellow_dye_90_10_d1,cycling,SVI_colored,140.64980092899802,89.70703384207035,19.800300352739846,17.275276778542242,220.6978573673733,140.64980092899802,1.2266720076782849,23.97387505687252,17.719938437322966,96.91026088778682,17.3345907168636,1,frame,30
adulterated/ratio_90_10/IMG (15).MOV#f00040,IMG (15).MOV,train,1,90_10,yellow_dye_90_10_d1,cycling,SVI_colored,142.03021958809748,90.86826462463722,20.08450470296164,17.332476660023076,220.5170023427393,142.03021958809748,1.2523574144830365,23.82996317866147,17.84125066462106,98.03686317703416,17.48515715969344,1,frame,40
adulterated/ratio_90_10/IMG (15).MOV#f00050,IMG (15).MOV,train,1,90_10,yellow_dye_90_10_d1,cycling,SVI_colored,142.81442785199692,91.27984017626076,20.104506190109813,17.3156606281038,220.655198643072,142.81442785199692,1.2665819394836966,23.63529498206733,17.88836254792673,98.51556270546268,17.539157297324444,1,frame,50
adulterated/ratio_90_10/IMG (15).MOV#f00060,IMG (15).MOV,train,1,90_10,yellow_dye_90_10_d1,cycling,SVI_colored,141.71275638168646,90.6069615219918,19.79975355897544,17.342247157626126,220.95819241625813,141.71275638168646,1.2403295878627527,23.812286426544105,17.81300739573436,97.75776245532164,17.44534035218251,1,frame,60
adulterated/ratio_90_10/IMG (15).MOV#f00070,IMG (15).MOV,train,1,90_10,yellow_dye_90_10_d1,cycling,SVI_colored,141.72660023231643,90.62305347644956,19.82070585769308,17.34061432850942,220.9221565253845,141.72660023231643,1.242590564892642,23.78453515490057,17.90804512718561,97.77380588476755,17.509765058559648,1,frame,70
adulterated/ratio_90_10/IMG (15).MOV#f00080,IMG (15).MOV,train,1,90_10,yellow_dye_90_10_d1,cycling,SVI_colored,141.88853355701767,90.75130846592748,19.86615638679913,17.345024334408066,220.89200241159665,141.88853355701767,1.2507043603672594,23.89681515968522,17.972782219275906,97.9033351682438,17.581337385590427,1,frame,80
adulterated/ratio_90_10/IMG (15).MOV#f00090,IMG (15).MOV,train,1,90_10,yellow_dye_90_10_d1,cycling,SVI_colored,142.10749700766212,90.84701945674873,19.914371084842607,17.33114040835583,220.8443984308792,142.10749700766212,1.2421504690258944,23.87790908174308,17.921239956643735,98.03014179749954,17.522718100461447,1,frame,90
adulterated/ratio_90_10/IMG (15).MOV#f00100,IMG (15).MOV,train,1,90_10,yellow_dye_90_10_d1,cycling,SVI_colored,144.50336709170733,91.19778384145808,20.414239736929563,17.021986671564253,220.516030854804,144.50336709170733,1.29393364321274,23.356745572959767,17.989337349522064,99.00888562383028,17.675809236000244,1,frame,100
adulterated/ratio_90_10/IMG (15).MOV#f00110,IMG (15).MOV,train,1,90_10,yellow_dye_90_10_d1,cycling,SVI_colored,143.56354656591128,82.74663397352553,17.901013080165093,15.368138148881773,224.7621224945681,143.56354656591128,1.3241674463529192,22.836582878246777,17.998300659872545,93.46395755708936,17.360499584092683,1,frame,110
adulterated/ratio_90_10/IMG (15).MOV#f00120,IMG (15).MOV,train,1,90_10,yellow_dye_90_10_d1,cycling,SVI_colored,142.81514013795513,83.84880817253122,18.249297127390204,15.691242469222038,223.96896882912773,142.81514013795513,1.3020670661940217,22.824128328931668,17.929590102150282,93.9353095258884,17.27877386971972,1,frame,120
adulterated/ratio_90_10/IMG (15).MOV#f00130,IMG (15).MOV,train,1,90_10,yellow_dye_90_10_d1,cycling,SVI_colored,160.21006761177753,99.14177535441658,19.96410032715376,16.81179498364231,224.51394547437292,160.21006761177753,1.5165674758794048,22.142511347976814,18.58179941866663,108.29763140676118,18.851472728986117,1,frame,130
adulterated/ratio_90_10/IMG (15).MOV#f00140,IMG (15).MOV,train,1,90_10,yellow_dye_90_10_d1,cycling,SVI_colored,165.94695479626117,105.02436859236566,19.770648030495558,17.356181789699047,225.78075229325864,165.94695479626117,1.6421862100593108,21.34949203981553,18.74826332420877,113.44349967798644,19.258581872829133,1,frame,140
adulterated/ratio_90_10/IMG (15).MOV#f00150,IMG (15).MOV,train,1,90_10,yellow_dye_90_10_d1,cycling,SVI_colored,167.19996700501002,103.29399404353602,19.06394950029956,16.921089876616104,226.9746372721826,167.19996700501002,1.6052992521165157,20.957246970620663,18.913080516106984,112.71886531966068,18.92048716724232,1,frame,150
adulterated/ratio_90_10/IMG (15).MOV#f00160,IMG (15).MOV,train,1,90_10,yellow_dye_90_10_d1,cycling,SVI_colored,167.32276091880212,102.15396096739762,18.620477797929485,16.710986922602984,227.71153362201375,167.32276091880212,1.6113350460109648,20.553425555614677,19.99841520973329,112.03467636262658,19.547716557294564,1,frame,160
adulterated/ratio_90_10/IMG (15).MOV#f00170,IMG (15).MOV,train,1,90_10,yellow_dye_90_10_d1,cycling,SVI_colored,152.90563210725514,89.33371729471779,16.376778708330807,15.885383196348611,228.9025575292518,152.90563210725514,1.4180761493520029,20.83491744172406,20.414949166308265,99.94825182092964,18.61613612409121,1,frame,170
adulterated/ratio_90_10/IMG (15).MOV#f00180,IMG (15).MOV,train,1,90_10,yellow_dye_90_10_d1,cycling,SVI_colored,152.713260871451,88.91395657491825,16.68911944066135,15.783351694584445,228.311305615073,152.713260871451,1.4289264373594912,20.567175567556824,19.85357244986156,99.67802461853417,18.246299798671853,1,frame,180
adulterated/ratio_90_10/IMG (15).MOV#f00190,IMG (15).MOV,train,1,90_10,yellow_dye_90_10_d1,cycling,SVI_colored,156.4631914598641,92.03912207126022,17.10728025786774,15.98791244974352,228.31256065437404,156.4631914598641,1.4674188639846262,20.68649411284605,20.32849969744603,102.68114862054624,18.85034241644438,1,frame,190
adulterated/ratio_90_10/IMG (15).MOV#f00200,IMG (15).MOV,train,1,90_10,yellow_dye_90_10_d1,cycling,SVI_colored,158.66421417998944,93.347185555142,17.402210700343637,15.98184871331008,228.2058271083451,158.66421417998944,1.5014842802277104,20.677824045340135,20.561859776675107,104.14097759004233,19.14976477577617,1,frame,200
adulterated/ratio_90_10/IMG (15).MOV#f00210,IMG (15).MOV,train,1,90_10,yellow_dye_90_10_d1,cycling,SVI_colored,160.43340696129354,94.13394536575264,17.36620131494935,15.945296726431865,228.50637629639857,160.43340696129354,1.5781569902271584,20.8647372436214,20.350764665040813,105.12731884933304,19.170652792242795,1,frame,210
adulterated/ratio_90_10/IMG (15).MOV#f00220,IMG (15).MOV,train,1,90_10,yellow_dye_90_10_d1,cycling,SVI_colored,156.77074169770395,91.86362890054528,16.67113142817639,15.94124661902334,229.09047623162607,156.77074169770395,1.5639139711722343,21.03882393815891,20.937850478136724,102.62140838741456,19.43108728535669,1,frame,220
adulterated/ratio_90_10/IMG (15).MOV#f00230,IMG (15).MOV,train,1,90_10,yellow_dye_90_10_d1,cycling,SVI_colored,122.20659705365732,117.4996778265206,20.598713071416597,28.46395629032685,214.56638097675935,122.90130016858942,1.7561885404909665,19.840895755844983,22.643811180191214,107.80510711164855,22.06605447934679,1,frame,230
adulterated/ratio_90_10/IMG (15).MOV#f00240,IMG (15).MOV,train,1,90_10,yellow_dye_90_10_d1,cycling,SVI_colored,81.43421311545536,53.47912050305856,33.651597724258885,20.946152200881208,159.3967232750139,82.48622149976472,32.66149933475397,31.675562959970023,18.15843706232436,59.50922701800916,15.564427503278802,1,frame,240
adulterated/ratio_90_10/IMG (15).MOV#f00250,IMG (15).MOV,train,1,90_10,yellow_dye_90_10_d1,cycling,SVI_colored,62.90597574459263,50.17267293207104,42.10865696911063,26.452888535692075,102.44526985004492,65.36119653099303,40.46791858553871,20.978010876730472,21.05932065001645,52.98289682813904,14.88659540040059,1,frame,250
adulterated/ratio_90_10/IMG (15).MOV#f00260,IMG (15).MOV,train,1,90_10,yellow_dye_90_10_d1,cycling,SVI_colored,60.85822688538192,48.39863965567905,40.69955749917895,25.585397472905463,103.75669368917774,63.36632499611083,39.1408613054037,22.972228940929018,20.73556503807687,51.167242839610736,14.449917048445396,1,frame,260
adulterated/ratio_90_10/IMG (15).MOV#f00270,IMG (15).MOV,train,1,90_10,yellow_dye_90_10_d1,cycling,SVI_colored,102.47122823562285,99.52847487818934,22.136480326924083,29.306788215364733,204.8640610537713,103.4071794065769,5.898631206877558,33.893679191965724,20.03465628209872,91.5216377639231,20.097411454424,1,frame,270
adulterated/ratio_90_10/IMG (15).MOV#f00280,IMG (15).MOV,train,1,90_10,yellow_dye_90_10_d1,cycling,SVI_colored,138.13637427111078,125.51882513857892,21.655901303001944,26.5908411921388,216.95220826434385,138.40047512778057,1.743042976311257,17.953927826164406,22.09233248162671,117.37869843783744,22.104940221144844,1,frame,280
adulterated/ratio_90_10/IMG (15).MOV#f00290,IMG (15).MOV,train,1,90_10,yellow_dye_90_10_d1,cycling,SVI_colored,89.00386592427236,53.30102891745568,34.2315791274301,20.90400191585628,168.06342852744208,90.13218553015336,35.89817693216156,29.751334396247312,19.9139026550402,61.73179722714016,16.311650537951515,1,frame,290
adulterated/ratio_90_10/IMG (15).MOV#f00300,IMG (15).MOV,train,1,90_10,yellow_dye_90_10_d1,cycling,SVI_colored,107.23501065457086,132.73993120949274,28.29389815821817,37.75972837475795,204.21384298434089,132.74581995985747,5.031798809173375,29.89491295743901,22.85458840511641,113.1483858988302,20.64126372364824,1,frame,300
adulterated/ratio_90_10/IMG (15).MOV#f00310,IMG (15).MOV,train,1,90_10,yellow_dye_90_10_d1,cycling,SVI_colored,190.6081468012624,164.57046418793237,27.68789056785169,25.11826237799653,218.87554078625615,190.61152214349903,1.4490483423192968,12.383613154268632,18.413337257016423,156.682111731143,19.784473607798887,1,frame,310
adulterated/ratio_90_10/IMG (15).MOV#f00320,IMG (15).MOV,train,1,90_10,yellow_dye_90_10_d1,cycling,SVI_colored,142.3194090897324,72.60233499296741,16.231851167927932,15.27631613009,228.0360517391642,142.3194090897324,17.504907347064112,27.8722843591305,16.77327405050756,86.95814960867727,15.740062882967436,1,frame,320
adulterated/ratio_90_10/IMG (15).MOV#f00330,IMG (15).MOV,train,1,90_10,yellow_dye_90_10_d1,cycling,SVI_colored,86.62983376536056,113.4374563180664,36.592986119097965,41.40974759583485,178.31828757973335,113.6043633275238,8.100651160308923,28.67548714358374,20.141803331669987,96.60873373262676,18.066292614330653,1,frame,330
adulterated/ratio_90_10/IMG (15).MOV#f00340,IMG (15).MOV,train,1,90_10,yellow_dye_90_10_d1,cycling,SVI_colored,175.1519123505976,143.08842629482072,23.9898406374502,23.55458167330677,220.939780876494,175.1546812749004,1.4222019164444393,12.26863973990282,17.219308917596244,139.03441235059762,18.01362645612713,1,frame,340
adulterated/ratio_90_10/IMG (15).MOV#f00350,IMG (15).MOV,train,1,90_10,yellow_dye_90_10_d1,cycling,SVI_colored,153.57874996552707,81.83427252921007,13.51458434836966,14.537805315266452,233.49127145365455,153.57874996552707,1.2706979556236448,13.572687994257574,17.246555514021033,95.41626754672232,15.463684318520457,1,frame,350
adulterated/ratio_90_10/IMG (15).MOV#f00360,IMG (15).MOV,train,1,90_10,yellow_dye_90_10_d1,cycling,SVI_colored,48.39651549106637,58.42214354851368,47.9270223842203,54.51151474986702,67.86200612143462,60.915154474664064,16.344005190867197,19.97967061360001,24.89569140173655,54.13249156340743,14.95313412250103,1,frame,360
adulterated/ratio_90_10/IMG (15).MOV#f00370,IMG (15).MOV,train,1,90_10,yellow_dye_90_10_d1,cycling,SVI_colored,168.3272022678897,123.78386323937882,20.937757118176524,20.88777954890376,224.1099964683536,168.3272022678897,1.4676170605321712,12.817163182264704,15.878714301908992,125.3210743841095,16.491079660840573,1,frame,370
adulterated/ratio_90_10/IMG (15).MOV#f00380,IMG (15).MOV,train,1,90_10,yellow_dye_90_10_d1,cycling,SVI_colored,157.67611260973146,87.16673619029079,14.64484551850719,15.130537556661752,232.1701104035151,157.67611260973146,1.3986381648244213,13.211707370322864,16.468803172342113,99.89558478637709,15.4246045129781,1,frame,380
adulterated/ratio_90_10/IMG (15).MOV#f00390,IMG (15).MOV,train,1,90_10,yellow_dye_90_10_d1,cycling,SVI_colored,32.889737175812535,34.4942501780534,50.54747511595185,117.98897806034708,83.77111887018604,50.54747511595185,3.996953489601194,28.562159480623368,27.26465741484625,35.80372435596783,13.455700933080434,1,frame,390
adulterated/ratio_90_10/IMG (15).MOV#f00400,IMG (15).MOV,train,1,90_10,yellow_dye_90_10_d1,cycling,SVI_colored,154.92487226119337,90.95623971594354,18.004962327877372,16.042227418377067,226.7729540140296,154.92487226119337,5.266780864997089,24.492362765896843,15.31532974111056,101.69319303715253,15.472153278097526,1,frame,400
adulterated/ratio_90_10/IMG (15).MOV#f00410,IMG (15).MOV,train,1,90_10,yellow_dye_90_10_d1,cycling,SVI_colored,126.40814431745385,90.97312152413492,16.448605940189587,20.257791972666585,223.18549397903573,126.41531191101784,1.523459087537366,16.30847062240148,15.94383445903634,93.01032430575545,15.573269730681526,1,frame,410
adulterated/ratio_90_10/IMG (15).MOV#f00420,IMG (15).MOV,train,1,90_10,yellow_dye_90_10_d1,cycling,SVI_colored,25.021033387019543,28.60991598833413,51.841666303922,116.01963174160971,130.1108866930745,51.841666303922,2.276014944870744,21.5717975843013,26.58974702078332,30.09602576938145,13.185135995499332,1,frame,420
adulterated/ratio_90_10/IMG (15).MOV#f00430,IMG (15).MOV,train,1,90_10,yellow_dye_90_10_d1,cycling,SVI_colored,144.10293427841768,73.9206754573409,17.659734889942843,16.531375410434148,226.10362050694047,144.10548809089488,21.830085293684693,27.798543644909326,14.425727788049516,88.42875384374837,13.445675633726756,1,frame,430
adulterated/ratio_90_10/IMG (15).MOV#f00440,IMG (15).MOV,train,1,90_10,yellow_dye_90_10_d1,cycling,SVI_colored,91.02979904253462,105.91303788512252,18.92803388802617,34.98516020545994,211.8387010815132,105.91312977239522,1.469551270435945,19.723901366956262,18.934718429375348,91.49262604636633,16.594644790754188,1,frame,440
adulterated/ratio_90_10/IMG (15).MOV#f00450,IMG (15).MOV,train,1,90_10,yellow_dye_90_10_d1,cycling,SVI_colored,88.10262201362177,74.34158520662032,40.04125348484314,25.26543035607157,148.463025373187,89.30607509616402,20.03824867632788,31.665286232464176,18.895902807049676,74.49103645410594,15.887153523471564,1,frame,450
adulterated/ratio_90_10/IMG (15).MOV#f00460,IMG (15).MOV,train,1,90_10,yellow_dye_90_10_d1,cycling,SVI_colored,133.4141862550326,108.89996307951968,24.24776279470455,23.90570333515005,211.79037078710948,133.54383867508218,7.412402988595064,36.16639225673401,16.783273057118908,106.51180576311116,18.188129731338552,1,frame,460
adulterated/ratio_90_10/IMG (15).MOV#f00470,IMG (15).MOV,train,1,90_10,yellow_dye_90_10_d1,cycling,SVI_colored,144.285214293942,122.07587343499412,24.21079399959241,24.49271214524318,214.5786335161573,144.36361300383663,2.0774117254511246,27.310334259327146,18.422702482677984,117.48802488060323,19.769468249477548,1,frame,470
adulterated/ratio_90_10/IMG (15).MOV#f00480,IMG (15).MOV,train,1,90_10,yellow_dye_90_10_d1,cycling,SVI_colored,146.51000542275244,122.681391069349,24.16616735858617,24.152059312466108,215.15603303434116,146.56895340877776,1.940761494459165,25.921792571899,17.8916746983726,118.5067428815262,19.56370000393828,1,frame,480
adulterated/ratio_90_10/IMG (15).MOV#f00490,IMG (15).MOV,train,1,90_10,yellow_dye_90_10_d1,cycling,SVI_colored,152.78486236492196,124.94179748299015,24.60692844754747,23.470476275181216,216.06521101080625,152.81335882954596,1.8447955829998264,25.63934499312904,18.34033229828869,121.76238715702408,20.147274700585964,1,frame,490
adulterated/ratio_90_10/IMG (15).MOV#f00500,IMG (15).MOV,train,1,90_10,yellow_dye_90_10_d1,cycling,SVI_colored,155.03728364551202,125.08286143534036,24.868556036590245,23.097316182026688,216.2099049684858,155.05562321649228,1.8367913849581756,26.12171604171053,18.37319310106292,122.54196410315676,20.30549167127251,1,frame,500
adulterated/ratio_90_10/IMG (15).MOV#f00510,IMG (15).MOV,train,1,90_10,yellow_dye_90_10_d1,cycling,SVI_colored,156.377414468995,124.2827868852459,24.49893977191732,22.68136136849608,217.07516928011404,156.38765146115466,1.7822184594077068,25.99712324344741,18.24434692245565,122.4300338560228,20.16836972899848,1,frame,510
adulterated/ratio_90_10/IMG (15).MOV#f00520,IMG (15).MOV,train,1,90_10,yellow_dye_90_10_d1,cycling,SVI_colored,157.8243984878808,123.82698688014231,24.815912830776075,22.326911274182788,216.93308427840785,157.83205692684012,1.799335310624984,26.60342070612081,18.271192578653945,122.63343562374916,20.2934492597882,1,frame,520
adulterated/ratio_90_10/IMG (15).MOV#f00530,IMG (15).MOV,train,1,90_10,yellow_dye_90_10_d1,cycling,SVI_colored,159.0892303868041,122.98913361919728,25.07155476247548,21.90996173684537,216.85761845154076,159.0934473237986,1.7473899432202271,27.24389563854419,18.25001929050817,122.5589705347076,20.345893569610908,1,frame,530
adulterated/ratio_90_10/IMG (15).MOV#f00540,IMG (15).MOV,train,1,90_10,yellow_dye_90_10_d1,cycling,SVI_colored,160.09736135081758,121.8649449317652,24.971807554756865,21.470428624806505,217.2141789584186,160.0990338594025,1.71029344979208,27.15206244412764,18.143380718385792,122.19724036083484,20.20513053220633,1,frame,540
adulterated/ratio_90_10/IMG (15).MOV#f00550,IMG (15).MOV,train,1,90_10,yellow_dye_90_10_d1,cycling,SVI_colored,161.21261640719413,120.6997316414303,25.08328001706121,21.017096751261818,217.3391625790858,161.21341615127605,1.704823157094617,27.91787641733517,18.16191291965625,121.86141323665316,20.33392212018405,1,frame,550
adulterated/ratio_90_10/IMG (15).MOV#f00560,IMG (15).MOV,train,1,90_10,yellow_dye_90_10_d1,cycling,SVI_colored,162.2667377493447,119.73498600559776,25.292842862854855,20.61978764049936,217.2636367675152,162.26703096539163,1.6875891412957282,28.002263865353576,18.16336142946828,121.63076991425652,20.36128253144565,1,frame,560
adulterated/ratio_90_10/IMG (15).MOV#f00570,IMG (15).MOV,train,1,90_10,yellow_dye_90_10_d1,cycling,SVI_colored,161.88601721231478,119.09198828852809,24.984038683346643,20.554724514240085,217.69795049241412,161.8862478928223,1.715389224522604,28.360224968690225,18.301384293520645,121.10502173720168,20.5331155837428,1,frame,570
adulterated/ratio_90_10/IMG (15).MOV#f00580,IMG (15).MOV,train,1,90_10,yellow_dye_90_10_d1,cycling,SVI_colored,161.65431407573294,118.64984403743102,24.640601811120888,20.512819145627272,218.1414504963253,161.65450958436642,1.7122307776907977,27.945083683617565,18.210436965584208,120.73557457321354,20.385081501406283,1,frame,580
adulterated/ratio_90_10/IMG (15).MOV#f00590,IMG (15).MOV,train,1,90_10,yellow_dye_90_10_d1,cycling,SVI_colored,160.119997519248,116.5002082059733,24.272563768616717,20.295023434246783,218.3480583685512,160.1201569961637,1.6576371159636525,28.502557776353623,17.71216467451711,118.97062080819356,19.982010572431346,1,frame,590
adulterated/ratio_90_10/IMG (15).MOV#f00600,IMG (15).MOV,train,1,90_10,yellow_dye_90_10_d1,cycling,SVI_colored,132.0373569271821,80.83824871848887,29.543334386630157,17.807992767361842,201.89309037286708,132.16639456498842,19.901634916309224,34.57090126663638,17.709212843224968,90.24309212836177,18.824614094598488,1,frame,600
adulterated/ratio_90_10/IMG (15).MOV#f00610,IMG (15).MOV,train,1,90_10,yellow_dye_90_10_d1,cycling,SVI_colored,146.7924630113142,75.16355091383812,18.03477806788512,13.804160139251524,226.04324630113143,146.7924630113142,10.803640721589929,28.442957146182597,23.34551747153284,89.99822454308094,21.12274617323945,1,frame,610
adulterated/ratio_90_10/IMG (15).MOV#f00620,IMG (15).MOV,train,1,90_10,yellow_dye_90_10_d1,cycling,SVI_colored,115.470119178094,77.01492099381241,16.81034200056957,18.117486645322195,220.6637641637253,115.47127557668908,1.914444512571522,30.218772426344437,22.363257624185398,81.58867592360865,20.891287349255187,1,frame,620
adulterated/ratio_90_10/IMG (15).MOV#f00630,IMG (15).MOV,train,1,90_10,yellow_dye_90_10_d1,cycling,SVI_colored,104.66104011538204,62.06682263366204,20.86913027436775,18.370245522237877,208.5011236331925,104.77153350774805,23.194112311926126,39.02080315035346,19.89958718544696,70.04240457503187,18.386266005412544,1,frame,630
adulterated/ratio_90_10/IMG (15).MOV#f00640,IMG (15).MOV,train,1,90_10,yellow_dye_90_10_d1,cycling,SVI_colored,121.77212385639152,82.10213417212047,19.70262797422759,18.44352561175655,216.79311044594388,121.77871070299156,7.594263185989555,35.95503506112216,22.35824320389069,86.7899649941657,21.65188777175697,1,frame,640
adulterated/ratio_90_10/IMG (15).MOV#f00650,IMG (15).MOV,train,1,90_10,yellow_dye_90_10_d1,cycling,SVI_colored,144.83048752418867,100.44623083021472,20.57416010979737,19.11542363200832,220.9035863162471,144.83048752418867,1.972850506836553,27.460724634555,23.79299607836688,104.5534367088068,23.534549643284272,1,frame,650
adulterated/ratio_90_10/IMG (15).MOV#f00660,IMG (15).MOV,train,1,90_10,yellow_dye_90_10_d1,cycling,SVI_colored,124.56840142685655,76.49200160053124,23.111620027072817,17.240564953473918,210.15374464715947,124.58801644801254,16.008160031531233,34.30573390162624,20.99947546108189,84.71597381258461,19.40614415912329,1,frame,660
adulterated/ratio_90_10/IMG (15).MOV#f00670,IMG (15).MOV,train,1,90_10,yellow_dye_90_10_d1,cycling,SVI_colored,128.20288474858015,96.46288440227178,21.616619337858427,20.938677448400057,214.6177361822967,128.20933474165398,3.058969103431728,31.82930345346363,23.10770033984035,97.36015202936694,22.789612118680267,1,frame,670
adulterated/ratio_90_10/IMG (15).MOV#f00680,IMG (15).MOV,train,1,90_10,yellow_dye_90_10_d1,cycling,SVI_colored,157.52496764498954,108.58975583910222,20.533540637024554,19.07450772611592,223.46701526114185,157.52496764498954,2.158441222346924,23.082974100822604,24.54525826673239,113.1245646188189,24.735951259000014,1,frame,680
adulterated/ratio_90_10/IMG (15).MOV#f00690,IMG (15).MOV,train,1,90_10,yellow_dye_90_10_d1,cycling,SVI_colored,140.4795906873576,83.65977836118981,19.239548404425843,15.895462382920469,221.92835295850557,140.4795906873576,6.560251528780714,27.88182172480087,24.116976625702424,93.2413159696048,21.781572918303542,1,frame,690
adulterated/ratio_90_10/IMG (15).MOV#f00700,IMG (15).MOV,train,1,90_10,yellow_dye_90_10_d1,cycling,SVI_colored,122.17518538708477,90.12582093814083,21.65816957834713,20.47742906834878,212.47690989798303,122.19264681705302,6.078041048835392,34.10448544658425,22.72225907506676,91.84085697721709,21.92081361232455,1,frame,700
adulterated/ratio_90_10/IMG (15).MOV#f00710,IMG (15).MOV,train,1,90_10,yellow_dye_90_10_d1,cycling,SVI_colored,164.1672083155446,113.5504169099004,21.173725527780924,19.167278018349265,223.65247924163347,164.1672083155446,2.133882077940155,22.02727150476827,24.578085818536493,118.09747065947566,24.96076619529628,1,frame,710
adulterated/ratio_90_10/IMG (15).MOV#f00720,IMG (15).MOV,train,1,90_10,yellow_dye_90_10_d1,cycling,SVI_colored,156.10007205048743,93.84937975815342,19.922966743925624,16.01888070001823,224.05187635094663,156.10007205048743,2.210982294512026,25.43198724472259,24.186232613031823,103.96175247619296,22.843236698481142,1,frame,720
adulterated/ratio_90_10/IMG (15).MOV#f00730,IMG (15).MOV,train,1,90_10,yellow_dye_90_10_d1,cycling,SVI_colored,104.15888981385328,68.35251156443903,22.83617545335176,18.72318294556346,203.3610164691343,104.2709039572266,17.459423173639706,38.31901736447902,21.298736041481902,73.80697041734966,19.57566393167854,1,frame,730
adulterated/ratio_90_10/IMG (15).MOV#f00740,IMG (15).MOV,train,1,90_10,yellow_dye_90_10_d1,cycling,SVI_colored,159.15402691547294,84.88116957441643,15.629652110575424,14.23850195969616,231.3503867364989,159.15402691547294,1.9299564996252312,20.92283746477839,23.516984663997537,99.12716346987618,21.773711617455184,1,frame,740
adulterated/ratio_90_10/IMG (15).MOV#f00750,IMG (15).MOV,train,1,90_10,yellow_dye_90_10_d1,cycling,SVI_colored,160.37011809773534,79.6283250197171,13.993485675656297,13.25478587743647,233.90453851747907,160.37011809773534,1.788201523733132,17.09604551780098,22.82388514703424,96.22252153516811,20.43539273391661,1,frame,750
adulterated/ratio_90_10/IMG (15).MOV#f00760,IMG (15).MOV,train,1,90_10,yellow_dye_90_10_d1,cycling,SVI_colored,52.959063441566094,36.2803363126799,33.98215758555101,28.86540759817536,118.0656129542662,55.79758117456951,51.889302547669566,23.14631053767337,21.71836145677034,40.9370465754347,14.340888075142187,1,frame,760
adulterated/ratio_90_10/IMG (15).MOV#f00770,IMG (15).MOV,train,1,90_10,yellow_dye_90_10_d1,cycling,SVI_colored,167.91082980977143,89.63362834957236,16.437945916607575,14.325533349090875,231.43595871523493,167.91082980977143,2.48187786516038,21.41481614525689,21.38680306884437,104.63079199166602,20.503878786405416,1,frame,770
adulterated/ratio_90_10/IMG (15).MOV#f00780,IMG (15).MOV,train,1,90_10,yellow_dye_90_10_d1,cycling,SVI_colored,152.19261445707468,95.68938014193306,16.514870672253075,17.386915602766887,228.19951373126025,152.19261445707468,1.7366105189575256,12.940734259900688,18.530848855423372,103.49588645355774,17.725387217377897,1,frame,780
adulterated/ratio_90_10/IMG (15).MOV#f00790,IMG (15).MOV,train,1,90_10,yellow_dye_90_10_d1,cycling,SVI_colored,39.02599292814274,30.404842424294312,35.82325493788581,106.4142430287412,76.32827629900429,43.35688050616005,78.30873758341737,29.52840459404761,26.36858090602568,33.55189595979486,14.57608792560272,1,frame,790
adulterated/ratio_90_10/IMG (15).MOV#f00800,IMG (15).MOV,train,1,90_10,yellow_dye_90_10_d1,cycling,SVI_colored,159.5701509030008,78.46396629717877,16.848984771573605,14.159078352153044,229.76721399219585,159.5701509030008,14.584795794681831,25.870286591982044,17.543538986158534,95.61656134535032,16.444654083385043,1,frame,800
adulterated/ratio_90_10/IMG (15).MOV#f00810,IMG (15).MOV,train,1,90_10,yellow_dye_90_10_d1,cycling,SVI_colored,103.27226970895734,96.59356456626166,17.0773700197796,27.521289559197516,215.2783448714326,103.8668144249788,1.7529913048995611,18.811250623378683,18.779661045708448,89.4659420033908,17.93380516240272,1,frame,810
adulterated/ratio_90_10/IMG (15).MOV#f00820,IMG (15).MOV,train,1,90_10,yellow_dye_90_10_d1,cycling,SVI_colored,44.88522815158546,29.86846266219816,34.593881584600844,104.3799518776317,102.13581679126922,48.13118501331959,80.89207338512782,22.046917796040187,23.51492431695074,34.84012202457678,13.765851665724488,1,frame,820
adulterated/ratio_90_10/IMG (15).MOV#f00830,IMG (15).MOV,train,1,90_10,yellow_dye_90_10_d1,cycling,SVI_colored,96.92206831918972,68.51778482808429,21.97381928860688,21.729371404988523,203.54394834360787,97.31307659900092,19.884935085004035,40.1999362456259,17.331864745959695,71.64552434505232,17.295306194882706,1,frame,830
adulterated/ratio_90_10/IMG (15).MOV#f00840,IMG (15).MOV,train,1,90_10,yellow_dye_90_10_d1,cycling,SVI_colored,101.89775122042307,100.61386614026196,17.668951903326487,29.376806181698544,213.45154320164323,102.9321275820062,1.623650960574338,19.547199358768157,19.9508008803007,91.48024648544828,18.58326978674699,1,frame,840
adulterated/ratio_90_10/IMG (15).MOV#f00850,IMG (15).MOV,train,1,90_10,yellow_dye_90_10_d1,cycling,SVI_colored,59.044776888461406,32.20908763010546,32.826440177252586,42.69758854041427,137.44903988183162,60.996624987118274,69.44106577952007,19.36235430774697,20.460531070221094,40.23443028408505,13.535721173014874,1,frame,850
adulterated/ratio_90_10/IMG (15).MOV#f00860,IMG (15).MOV,train,1,90_10,yellow_dye_90_10_d1,cycling,SVI_colored,74.99602925809822,95.72280564263323,29.84311215604319,40.52257053291536,183.78908916753744,95.93436084987808,9.223251542195518,31.499934833866757,20.785405101641512,81.95990073145245,18.461548511673417,1,frame,860
adulterated/ratio_90_10/IMG (17).MOV#f00000,IMG (17).MOV,train,1,90_10,yellow_dye_90_10_d1,cycling,SVI_colored,82.19346099877525,43.06620921235127,19.796951926742423,25.390182576181555,208.16879577584737,82.9437347413842,41.70599763049324,39.019313614884,20.342492660230857,52.051650161001206,16.279067748165282,1,frame,0
adulterated/ratio_90_10/IMG (17).MOV#f00010,IMG (17).MOV,train,1,90_10,yellow_dye_90_10_d1,cycling,SVI_colored,83.48402249543699,44.24946957834953,21.27786682478945,27.39964607673279,205.44434973548405,84.2644047696256,44.295077257180736,40.660638128830506,19.659827084303817,53.29772173477991,15.859423807445236,1,frame,10
adulterated/ratio_90_10/IMG (17).MOV#f00020,IMG (17).MOV,train,1,90_10,yellow_dye_90_10_d1,cycling,SVI_colored,83.51087412440754,44.51623254058135,19.37016064762384,23.896680088922444,207.82826852900465,84.16282874040519,38.96892943076836,38.2909746426071,20.208420646860706,53.24571116983348,16.046308091090133,1,frame,20
adulterated/ratio_90_10/IMG (17).MOV#f00030,IMG (17).MOV,train,1,90_10,yellow_dye_90_10_d1,cycling,SVI_colored,84.91341216576116,46.339778416959625,20.56840311068499,23.07828912325557,203.4451475444764,85.45313731756684,37.35512673341866,35.38254968555905,19.939841170654805,54.8644614892937,15.416201151628188,1,frame,30
adulterated/ratio_90_10/IMG (17).MOV#f00040,IMG (17).MOV,train,1,90_10,yellow_dye_90_10_d1,cycling,SVI_colored,86.6351983555041,47.21998676842379,14.955166221676157,14.535819767029748,211.53372870543205,86.63582449259268,13.845827210898513,18.67687955683968,18.98395737941225,55.260721120903526,13.54516892056633,1,frame,40
adulterated/ratio_90_10/IMG (17).MOV#f00050,IMG (17).MOV,train,1,90_10,yellow_dye_90_10_d1,cycling,SVI_colored,94.78394965967928,53.44006088929395,25.780119839438424,24.4168880529,196.69821986076903,95.5077275107138,39.03026534909824,36.36322063325158,22.98183318386613,62.58030987608835,17.71658545310815,1,frame,50
adulterated/ratio_90_10/IMG (17).MOV#f00060,IMG (17).MOV,train,1,90_10,yellow_dye_90_10_d1,cycling,SVI_colored,97.72607439313428,55.72713498771658,25.714570188634323,23.41878334650058,197.73861754742916,98.36568868302292,36.8993945201776,36.30268245342784,23.44331604093058,64.7958030757243,18.22032582242484,1,frame,60
adulterated/ratio_90_10/IMG (17).MOV#f00070,IMG (17).MOV,train,1,90_10,yellow_dye_90_10_d1,cycling,SVI_colored,101.2463964691318,57.24666559018247,25.570235211798263,23.289229775553043,198.6979600624361,101.70492491522688,36.92178756289218,34.81321420590256,22.301316879478765,66.72508746434146,16.9792847777287,1,frame,70
adulterated/ratio_90_10/IMG (17).MOV#f00080,IMG (17).MOV,train,1,90_10,yellow_dye_90_10_d1,cycling,SVI_colored,120.31500944447136,80.3009084681967,76.11206055532108,49.40067391319389,178.62498875658173,136.75903105951056,54.93852968527489,58.71971593727277,59.41142742834646,91.72339115333254,44.75846485414574,1,frame,80
adulterated/ratio_90_10/IMG (17).MOV#f00090,IMG (17).MOV,train,1,90_10,yellow_dye_90_10_d1,cycling,SVI_colored,182.42789614304309,158.38179077892718,233.2870909547624,129.62101801740084,81.9101641889886,233.2870909547624,0.9741282878731106,2.700753457117581,6.332884461407211,174.01086981343198,5.610484566694362,1,frame,90
adulterated/ratio_90_10/IMG (17).MOV#f00100,IMG (17).MOV,train,1,90_10,yellow_dye_90_10_d1,cycling,SVI_colored,188.9078081823295,165.054557014648,237.24241312694105,129.79800943926833,77.63086591837234,237.24241312694105,0.932064501083924,2.370696525483577,5.280362508556106,180.39720734600053,4.804003806542463,1,frame,100
adulterated/ratio_90_10/IMG (17).MOV#f00110,IMG (17).MOV,train,1,90_10,yellow_dye_90_10_d1,cycling,SVI_colored,146.73923084754662,97.81588352864895,96.39178870545116,54.90333885254071,161.56432019976316,162.15688480931942,58.51337070311023,62.80319624241197,55.884302497453376,112.22456743881986,49.84388623832668,1,frame,110
adulterated/ratio_90_10/IMG (17).MOV#f00120,IMG (17).MOV,train,1,90_10,yellow_dye_90_10_d1,cycling,SVI_colored,191.43221490014588,165.09054781427636,239.93616379093515,130.55035464560592,79.58335429347552,239.93616379093515,0.8873732071685893,2.58217363901672,5.104565796811458,181.38643794959503,4.898930113495688,1,frame,120
adulterated/ratio_90_10/IMG (17).MOV#f00130,IMG (17).MOV,train,1,90_10,yellow_dye_90_10_d1,cycling,SVI_colored,194.0103295114141,167.2064869331681,241.5722291085632,130.86597458940193,78.53145336225596,241.5722291085632,0.8096746143180397,2.4569040871681045,4.697581324705799,183.59609027992977,4.627598079215563,1,frame,130
adulterated/ratio_90_10/IMG (17).MOV#f00140,IMG (17).MOV,train,1,90_10,yellow_dye_90_10_d1,cycling,SVI_colored,151.404978729599,97.86316850794472,101.56122047350232,57.17579218090355,157.1830171079803,166.7927524276294,60.88111238437313,58.51033870533356,54.06304959678118,114.20357040799271,48.51015623166781,1,frame,140
adulterated/ratio_90_10/IMG (17).MOV#f00150,IMG (17).MOV,train,1,90_10,yellow_dye_90_10_d1,cycling,SVI_colored,152.3215051978995,95.3057218382902,97.74537404724931,51.54555422529368,156.17047569374475,166.1509761619706,59.92242787428477,52.816503365402205,51.65071762377782,112.55210346012969,47.01514374299759,1,frame,150
adulterated/ratio_90_10/IMG (17).MOV#f00160,IMG (17).MOV,train,1,90_10,yellow_dye_90_10_d1,cycling,SVI_colored,189.42673010901643,157.96135236603826,237.79148346684332,131.87711056234818,85.69071854484129,237.79148346684332,1.1446488190502202,2.8819817158959737,6.974357180385642,176.43144813186373,6.14071082296472,1,frame,160
adulterated/ratio_90_10/IMG (17).MOV#f00170,IMG (17).MOV,train,1,90_10,yellow_dye_90_10_d1,cycling,SVI_colored,187.10474519531328,155.5151753483776,235.31766390384576,131.92608949926392,86.54143223022163,235.31766390384576,1.1814959860001233,2.6211490299753324,6.685768545376228,174.03079436142536,5.762632827159256,1,frame,170
adulterated/ratio_90_10/IMG (17).MOV#f00180,IMG (17).MOV,train,1,90_10,yellow_dye_90_10_d1,cycling,SVI_colored,145.65541149091788,90.72717381448908,95.07511711548342,51.55344395079639,159.11324689455074,160.48658989935623,59.43256348258468,52.41866154081976,52.16019176168992,107.59493456644604,45.78092102398392,1,frame,180
adulterated/ratio_90_10/IMG (17).MOV#f00190,IMG (17).MOV,train,1,90_10,yellow_dye_90_10_d1,cycling,SVI_colored,127.355642362722,61.34268005270288,31.547330524987476,15.390789986453134,194.62415796017592,127.38900848070963,29.705484602772568,23.186955070254893,21.0010179387225,77.61234620594949,15.422146666131145,1,frame,190
adulterated/ratio_90_10/IMG (17).MOV#f00200,IMG (17).MOV,train,1,90_10,yellow_dye_90_10_d1,cycling,SVI_colored,147.46243644033157,94.86784493893369,105.97320275329857,63.44424461411856,152.00993520047524,163.95631890740043,63.4457339761091,55.84133164433664,52.30444874066922,111.8169427050123,46.05477639923864,1,frame,200
adulterated/ratio_90_10/IMG (17).MOV#f00210,IMG (17).MOV,train,1,90_10,yellow_dye_90_10_d1,cycling,SVI_colored,184.87775858760315,153.0784451694066,231.9503827373718,132.1117507835988,86.71926906757074,231.9503827373718,1.1371288349683804,1.8844863667229492,6.364142022871782,171.52896650248405,4.970900629399618,1,frame,210
adulterated/ratio_90_10/IMG (17).MOV#f00220,IMG (17).MOV,train,1,90_10,yellow_dye_90_10_d1,cycling,SVI_colored,66.76237510169173,49.0636955297357,36.95770666889172,21.857454264794843,127.95024927512048,68.61797284048478,32.11386081753081,23.622090887191806,15.170167219869702,52.911898454285655,11.410490019562182,1,frame,220
adulterated/ratio_90_10/IMG (17).MOV#f00230,IMG (17).MOV,train,1,90_10,yellow_dye_90_10_d1,cycling,SVI_colored,185.61562738812407,96.87885945672348,26.43745968102105,12.960152442957948,220.40574043013527,185.61562738812407,2.4153161166470216,26.360895628678957,25.351011269743083,115.30519358072232,25.704705501434628,1,frame,230
adulterated/ratio_90_10/IMG (17).MOV#f00240,IMG (17).MOV,train,1,90_10,yellow_dye_90_10_d1,cycling,SVI_colored,154.1313188568602,105.1911966278818,17.41390895693129,19.112799002380683,226.57181725427955,154.1313188568602,2.004576842358195,8.01385296372289,20.990458842568327,109.75468664653565,19.86018878612482,1,frame,240
adulterated/ratio_90_10/IMG (17).MOV#f00250,IMG (17).MOV,train,1,90_10,yellow_dye_90_10_d1,cycling,SVI_colored,121.28844487762616,53.24898202295863,21.616146848602988,15.688780593458956,212.64667533030104,121.28889971843188,30.47039349171074,24.622251257303027,25.298481554528504,69.92439896036387,17.143452268953318,1,frame,250
adulterated/ratio_90_10/IMG (17).MOV#f00260,IMG (17).MOV,train,1,90_10,yellow_dye_90_10_d1,cycling,SVI_colored,152.20255396264585,87.99438072025119,90.39513370373751,58.8256197011948,165.12157311736567,159.5928831821981,65.09121621662403,61.00473974813535,46.31810144099788,107.40664620312292,45.84166839834908,1,frame,260
adulterated/ratio_90_10/IMG (17).MOV#f00270,IMG (17).MOV,train,1,90_10,yellow_dye_90_10_d1,cycling,SVI_colored,168.49149139852543,98.35473938389438,99.55013716637136,62.11634851688861,157.14851831742584,173.51160913299424,67.3115389909808,63.93920889581203,43.08203160499183,119.38130108018515,48.78821262574133,1,frame,270
adulterated/ratio_90_10/IMG (17).MOV#f00280,IMG (17).MOV,train,1,90_10,yellow_dye_90_10_d1,cycling,SVI_colored,99.49129166096748,55.5396776546756,44.701682396389,24.84643003693065,155.22068344503717,101.06620161400627,46.92637981270029,24.610395143614458,20.32735771168048,67.38325810422651,16.55630721624991,1,frame,280
adulterated/ratio_90_10/IMG (17).MOV#f00290,IMG (17).MOV,train,1,90_10,yellow_dye_90_10_d1,cycling,SVI_colored,142.60038237028903,93.12767710049424,23.59797221713751,17.233906888766857,214.32618422925947,142.60038237028903,5.025518005610819,30.615213529508917,23.26740260920956,99.9323530009966,22.522878272607613,1,frame,290
adulterated/ratio_90_10/IMG (17).MOV#f00300,IMG (17).MOV,train,1,90_10,yellow_dye_90_10_d1,cycling,SVI_colored,136.0713765998306,113.32461800875508,19.170509440938964,23.959993797487986,219.99599222300412,136.35509381299426,2.0977343190199544,10.867204004434294,24.813299989208204,109.32329401099751,23.66986587234503,1,frame,300
adulterated/ratio_90_10/IMG (17).MOV#f00310,IMG (17).MOV,train,1,90_10,yellow_dye_90_10_d1,cycling,SVI_colored,75.19400109513477,36.29709586485226,25.18584842523677,23.580979131598696,182.8357297856375,75.76860208075605,45.86267787396885,27.51720488621837,17.75249968887597,46.59302561398528,13.48974502134162,1,frame,310
adulterated/ratio_90_10/IMG (17).MOV#f00320,IMG (17).MOV,train,1,90_10,yellow_dye_90_10_d1,cycling,SVI_colored,62.389682276098746,60.45905291708181,12.892975755562937,28.464781910771617,206.32672561718144,63.704327189195176,4.218709694343813,28.28387552381236,17.01512122365982,55.55329763090889,16.582266394762584,1,frame,320
adulterated/ratio_90_10/IMG (17).MOV#f00330,IMG (17).MOV,train,1,90_10,yellow_dye_90_10_d1,cycling,SVI_colored,146.83561379693333,105.06850646345602,17.158177274550336,20.159812420942213,225.5720852744269,146.83561379693333,1.7823887411332402,6.709806126063085,22.142880489304105,107.47066763335698,20.43699603279676,1,frame,330
adulterated/ratio_90_10/IMG (17).MOV#f00340,IMG (17).MOV,train,1,90_10,yellow_dye_90_10_d1,cycling,SVI_colored,102.08383999768655,40.21100612334897,17.410495723776958,17.97458123377891,215.94140526159785,102.08383999768655,38.2296915036146,26.16529991168701,20.28570942972248,56.03998611944507,13.71216856830179,1,frame,340
adulterated/ratio_90_10/IMG (17).MOV#f00350,IMG (17).MOV,train,1,90_10,yellow_dye_90_10_d1,cycling,SVI_colored,82.61461988304093,93.05691740767443,24.674373147480573,35.36523271649443,193.7070415765441,93.06574541376273,7.4877882958830835,39.47482326695708,24.698598333756536,82.08630136986301,21.88233506649527,1,frame,350
adulterated/ratio_90_10/IMG (17).MOV#f00360,IMG (17).MOV,train,1,90_10,yellow_dye_90_10_d1,cycling,SVI_colored,159.62284177105158,107.2306960316952,17.931970610571778,18.5821156362372,227.53557932492157,159.62284177105158,2.455842565246899,13.003628267319124,27.649825107649686,112.6538873283253,27.408167798599507,1,frame,360
adulterated/ratio_90_10/IMG (17).MOV#f00370,IMG (17).MOV,train,1,90_10,yellow_dye_90_10_d1,cycling,SVI_colored,134.64825090470447,56.30571256246769,10.430036188178528,10.923772186799932,236.73205238669647,134.64825090470447,1.203320598596745,16.654542959249007,25.27616417156208,74.43609339996553,18.272634913129316,1,frame,370
adulterated/ratio_90_10/IMG (17).MOV#f00380,IMG (17).MOV,train,1,90_10,yellow_dye_90_10_d1,cycling,SVI_colored,51.991842652273405,57.605102272528775,29.539406801865532,38.26558542507293,146.1645094237454,59.45144893360583,18.7608318058506,36.422145051899584,25.5185869414099,52.66529546367622,19.459656951910592,1,frame,380
adulterated/ratio_90_10/IMG (17).MOV#f00390,IMG (17).MOV,train,1,90_10,yellow_dye_90_10_d1,cycling,SVI_colored,151.9339506534607,99.0504112211608,18.17574088183008,17.79711461446795,226.12631620074623,151.9339506534607,2.4310027241910808,16.420924005315314,28.91722391403229,105.58023208111118,27.838744180104563,1,frame,390
adulterated/ratio_90_10/IMG (17).MOV#f00400,IMG (17).MOV,train,1,90_10,yellow_dye_90_10_d1,cycling,SVI_colored,140.18386956439502,62.81997957215003,11.922185023359624,11.686527076358546,234.72693828141252,140.18386956439502,1.541833219967379,14.923574396712343,26.633356364946977,80.08033062853468,20.869445825139064,1,frame,400
adulterated/ratio_90_10/IMG (17).MOV#f00410,IMG (17).MOV,train,1,90_10,yellow_dye_90_10_d1,cycling,SVI_colored,28.966940129167394,27.401658230057603,29.831654739046957,63.34987781462733,76.244754756502,35.57710769767848,62.69287619004815,30.736847834171524,27.45976408013104,28.070614417873976,14.144778436395027,1,frame,410
adulterated/ratio_90_10/IMG (17).MOV#f00420,IMG (17).MOV,train,1,90_10,yellow_dye_90_10_d1,cycling,SVI_colored,140.96302182570142,77.77671323177505,15.923858372237923,14.612293549814432,228.39658301803303,140.96302182570142,1.7448129458204726,21.606626874905903,27.73378932559964,89.54527230203809,24.50250452612892,1,frame,420
adulterated/ratio_90_10/IMG (17).MOV#f00430,IMG (17).MOV,train,1,90_10,yellow_dye_90_10_d1,cycling,SVI_colored,135.39387578828098,68.7289242228641,13.739010504221191,13.303062105859516,230.4812716516053,135.39387578828098,1.854261799777128,15.01432168359162,27.048333209767865,82.32237092624754,22.21397145834756,1,frame,430
adulterated/ratio_90_10/IMG (17).MOV#f00440,IMG (17).MOV,train,1,90_10,yellow_dye_90_10_d1,cycling,SVI_colored,21.92487213120527,19.24416997526256,30.252128212125747,126.68848432561866,85.01625100138213,30.78703793367549,35.19720056875441,43.97476473647591,28.933632064390757,21.22070021920365,13.072316209783772,1,frame,440
adulterated/ratio_90_10/IMG (17).MOV#f00450,IMG (17).MOV,train,1,90_10,yellow_dye_90_10_d1,cycling,SVI_colored,130.60763208525805,59.71379680282302,17.346928280741576,13.128622979598711,224.14191351840196,130.60763208525805,18.630593632327876,29.6633312638282,26.0911468153738,76.01129562804223,20.53088732928142,1,frame,450
adulterated/ratio_90_10/IMG (17).MOV#f00460,IMG (17).MOV,train,1,90_10,yellow_dye_90_10_d1,cycling,SVI_colored,102.27964272422776,76.79769259397096,13.387486043915146,21.17406959434313,223.5826014142166,102.3005303312244,1.9602495890645053,17.991858314754598,23.41092311069304,77.12316710085598,21.197373704582017,1,frame,460
adulterated/ratio_90_10/IMG (17).MOV#f00470,IMG (17).MOV,train,1,90_10,yellow_dye_90_10_d1,cycling,SVI_colored,24.328915991306108,19.63123113610165,32.48037274623162,135.25003739781596,94.18280052444938,32.981890657585595,29.745037933062942,43.39064795914293,28.1232541370135,22.44117103561152,13.087090710671664,1,frame,470
adulterated/ratio_90_10/IMG (17).MOV#f00480,IMG (17).MOV,train,1,90_10,yellow_dye_90_10_d1,cycling,SVI_colored,114.73455428262584,56.06769268936675,20.469507278736167,17.460398890690485,214.1526629630614,114.73458972382446,30.540721914705728,33.33437585760797,24.348364431576783,69.48627096568406,19.641953461793666,1,frame,480
adulterated/ratio_90_10/IMG (17).MOV#f00490,IMG (17).MOV,train,1,90_10,yellow_dye_90_10_d1,cycling,SVI_colored,79.74602022725811,87.52528407264177,15.192471271230811,32.851382012253936,213.6829593158373,87.56831062895566,2.140835824441208,21.368250938826545,25.760431383868045,76.90219817568871,22.060149795837408,1,frame,490
adulterated/ratio_90_10/IMG (17).MOV#f00500,IMG (17).MOV,train,1,90_10,yellow_dye_90_10_d1,cycling,SVI_colored,32.46489683825083,20.322873389197945,30.190655587634676,134.10847827617772,119.13932117456515,37.88374938384621,60.74299569989789,26.609457428441115,26.174522748952217,25.01630166889656,12.96743978138106,1,frame,500
adulterated/ratio_90_10/IMG (17).MOV#f00510,IMG (17).MOV,train,1,90_10,yellow_dye_90_10_d1,cycling,SVI_colored,117.27870042492918,55.653293201133145,17.113712818696882,16.502717776203966,221.89017351274788,117.27870042492918,27.86139579701937,31.57773546719559,24.72972957963032,69.61873229461756,19.126809002389454,1,frame,510
adulterated/ratio_90_10/IMG (17).MOV#f00520,IMG (17).MOV,train,1,90_10,yellow_dye_90_10_d1,cycling,SVI_colored,92.36939304150128,92.06082629842902,16.012094444755036,29.62302230670319,214.5123553418684,94.07757962020834,2.061073065364253,20.569761641459944,25.427128158489943,83.41842306330481,23.344163832421465,1,frame,520
adulterated/ratio_90_10/IMG (17).MOV#f00530,IMG (17).MOV,train,1,90_10,yellow_dye_90_10_d1,cycling,SVI_colored,43.13485209407077,24.388609294469227,32.74043050803413,115.88893412447486,130.42194118411365,47.53786651652302,75.19604843783769,19.72052642732322,26.04836696274809,30.889133353544977,14.535111046716754,1,frame,530
adulterated/ratio_90_10/IMG (17).MOV#f00540,IMG (17).MOV,train,1,90_10,yellow_dye_90_10_d1,cycling,SVI_colored,57.91053089958994,81.84653627027616,33.17852995609101,46.13643538846754,159.58500562470516,82.24344994012411,10.83762453514442,33.77002059908498,26.85456990633911,69.08291904053416,22.08057195035413,1,frame,540
adulterated/ratio_90_10/IMG (17).MOV#f00550,IMG (17).MOV,train,1,90_10,yellow_dye_90_10_d1,cycling,SVI_colored,108.86089065050128,92.82501282350198,17.0258148752623,24.557080904639776,217.4838890184192,109.0983539286547,1.9456376977853869,19.758905525630784,26.24635315519115,88.91391932851481,24.37607491883404,1,frame,550
adulterated/ratio_90_10/IMG (18).MOV#f00000,IMG (18).MOV,train,1,90_10,yellow_dye_90_10_d1,cycling,SVI_colored,24.2181414649909,18.98423442575554,25.069125325260632,94.67443323866053,97.67209476351638,30.189799146243985,73.21509164772827,35.424046414693315,26.3634480369432,21.18436538036361,12.463360057344692,1,frame,0
adulterated/ratio_90_10/IMG (18).MOV#f00010,IMG (18).MOV,train,1,90_10,yellow_dye_90_10_d1,cycling,SVI_colored,137.25754826503848,61.69591090854367,18.605744507030145,13.479468547104098,223.7678548394032,137.25754826503848,21.2401928040363,30.10684392877029,26.721079934885346,79.3071849335684,21.82471774320492,1,frame,10
adulterated/ratio_90_10/IMG (18).MOV#f00020,IMG (18).MOV,train,1,90_10,yellow_dye_90_10_d1,cycling,SVI_colored,90.96791157290512,85.05616610052496,15.369502824653503,27.29654320539137,214.65944306188808,91.82043922907847,2.3359041594273218,18.49871686445359,23.0464136612361,78.83124738878494,21.94455142897184,1,frame,20
adulterated/ratio_90_10/IMG (18).MOV#f00030,IMG (18).MOV,train,1,90_10,yellow_dye_90_10_d1,cycling,SVI_colored,36.34684750796433,21.1589066641342,26.79857375959389,90.8988595256801,136.98704987524712,41.01387390031857,80.02470492304693,23.648302956647715,24.734327722779696,26.282908425351163,13.677528816069463,1,frame,30
adulterated/ratio_90_10/IMG (18).MOV#f00040,IMG (18).MOV,train,1,90_10,yellow_dye_90_10_d1,cycling,SVI_colored,88.97652379357159,61.77153234479962,21.81965724562301,21.911181832607507,199.70177371863812,89.17219704850397,24.3377467686648,46.36770731295595,21.70079486392156,65.28271065112753,20.93421512351673,1,frame,40
adulterated/ratio_90_10/IMG (18).MOV#f00050,IMG (18).MOV,train,1,90_10,yellow_dye_90_10_d1,cycling,SVI_colored,95.08926275886012,90.55431488275642,15.56087376727689,27.97434622277688,215.9010631210532,95.9709776397399,2.0652967245400595,18.62589629355328,24.55352022090857,83.29743931389751,23.07387462386442,1,frame,50
adulterated/ratio_90_10/IMG (18).MOV#f00060,IMG (18).MOV,train,1,90_10,yellow_dye_90_10_d1,cycling,SVI_colored,47.68503339669695,24.46279276608361,26.269588950314784,47.92537625782599,156.05679182434906,50.60624160722694,70.16552052148708,23.020028371801327,21.998745121225618,31.550469995291326,14.0653981984431,1,frame,60
adulterated/ratio_90_10/IMG (18).MOV#f00070,IMG (18).MOV,train,1,90_10,yellow_dye_90_10_d1,cycling,SVI_colored,67.13868567103935,82.36211618855413,26.19627540723656,39.31373432319447,184.2516938157705,82.49552219979819,10.616876285099137,40.16338091217339,27.0210339931854,71.345736629667,23.51720650019565,1,frame,70
adulterated/ratio_90_10/IMG (18).MOV#f00080,IMG (18).MOV,train,1,90_10,yellow_dye_90_10_d1,cycling,SVI_colored,119.22451320554386,96.76884136283488,17.843912936313824,23.103862123883737,218.6128396185276,119.35517509432532,2.049369074939766,16.769606179885155,26.493776769552756,94.41331551106308,24.850067984942743,1,frame,80
adulterated/ratio_90_10/IMG (18).MOV#f00090,IMG (18).MOV,train,1,90_10,yellow_dye_90_10_d1,cycling,SVI_colored,75.93533759860861,33.452556946749134,20.742220013665445,24.16779214325646,197.04711916445564,76.0849476010045,47.51135440997229,30.55569911602703,20.0349113179996,44.63919675578785,14.945530597715251,1,frame,90
adulterated/ratio_90_10/IMG (18).MOV#f00100,IMG (18).MOV,train,1,90_10,yellow_dye_90_10_d1,cycling,SVI_colored,67.79493734696817,87.84783234912862,31.01393489845888,41.982824427480914,174.1318954342503,88.0770110182918,11.003079530521122,37.9720485557331,28.041622041360636,75.30372317442028,24.068905383497984,1,frame,100
adulterated/ratio_90_10/IMG (18).MOV#f00110,IMG (18).MOV,train,1,90_10,yellow_dye_90_10_d1,cycling,SVI_colored,138.59283746556474,100.99126190130974,18.355835870668407,20.35974095017157,223.0795321637427,138.59403605432314,2.112921874647447,17.47330464812115,27.845522578009017,102.75286839688754,26.38521300531198,1,frame,110
adulterated/ratio_90_10/IMG (18).MOV#f00120,IMG (18).MOV,train,1,90_10,yellow_dye_90_10_d1,cycling,SVI_colored,112.7270604529756,52.0602132589916,12.667220086475544,11.61537027336571,228.48865785338225,112.7270604529756,1.506345935179518,22.58742270852208,25.46789589834183,65.64412738717783,18.258305851949903,1,frame,120
adulterated/ratio_80_20/IMG (21).MOV#f00000,IMG (21).MOV,train,1,80_20,yellow_dye_80_20_d1,cycling,SVI_colored,120.0094127806563,99.45251583189408,18.613373632700057,23.783955094991363,217.98092112838228,120.15171560161195,1.9931019251681648,21.37895903235148,23.605901318944365,96.31871042026482,22.74479147815534,1,frame,0
adulterated/ratio_80_20/IMG (21).MOV#f00010,IMG (21).MOV,train,1,80_20,yellow_dye_80_20_d1,cycling,SVI_colored,77.27199270168121,36.10311244860964,10.887889056076206,12.21947087188844,220.8119794320107,77.27220596424297,12.622863251933122,19.674292616990968,16.355655987054224,45.474704690591565,11.987929658689252,1,frame,10
adulterated/ratio_80_20/IMG (21).MOV#f00020,IMG (21).MOV,train,1,80_20,yellow_dye_80_20_d1,cycling,SVI_colored,57.18804133564304,79.23472910817753,27.212765067797623,43.12176094618004,168.17470282539873,79.25697986978078,5.00331174289486,28.63107735807965,19.102714928341666,66.64807956513948,15.977983031199438,1,frame,20
adulterated/ratio_80_20/IMG (21).MOV#f00030,IMG (21).MOV,train,1,80_20,yellow_dye_80_20_d1,cycling,SVI_colored,139.9684582372347,106.52302572037486,20.48590196479141,21.420547105363035,219.64989927889528,139.98128631068812,2.038460511021033,19.63478978360884,24.82867568372872,106.65114880448428,24.428800525937277,1,frame,30
adulterated/ratio_80_20/IMG (21).MOV#f00040,IMG (21).MOV,train,1,80_20,yellow_dye_80_20_d1,cycling,SVI_colored,120.88772386913652,59.6259545218653,13.256272572257702,12.810377148667111,229.18682150838285,120.88772386913652,4.287104711234541,22.802831106050466,23.535492331397148,72.59027843972082,18.861596368951112,1,frame,40
adulterated/ratio_80_20/IMG (21).MOV#f00050,IMG (21).MOV,train,1,80_20,yellow_dye_80_20_d1,cycling,SVI_colored,34.078435648816715,43.37870973446111,34.41320326545047,63.55079425893725,65.55717780200996,44.05172850785417,17.468276383035988,23.28020365993595,11.917668213997478,39.49485131590581,9.543755266235356,1,frame,50
adulterated/ratio_80_20/IMG (21).MOV#f00060,IMG (21).MOV,train,1,80_20,yellow_dye_80_20_d1,cycling,SVI_colored,135.01495809650137,94.30666016235207,18.377537093777235,19.39822848780167,222.2177556825968,135.01519378655252,1.7959756574231205,20.498656168691934,23.23235924736473,97.75945363757448,22.002076687903138,1,frame,60
adulterated/ratio_80_20/IMG (21).MOV#f00070,IMG (21).MOV,train,1,80_20,yellow_dye_80_20_d1,cycling,SVI_colored,123.4294985187296,62.33607363876358,13.530536752173516,13.150137911381856,228.87865411395296,123.4294985187296,1.4404232725696695,19.942995549746968,22.991991095957665,74.97277795998689,18.632598916891062,1,frame,70
adulterated/ratio_80_20/IMG (21).MOV#f00080,IMG (21).MOV,train,1,80_20,yellow_dye_80_20_d1,cycling,SVI_colored,20.40140655691703,21.3018777476382,32.70222032550743,118.05898653072678,100.75159596857168,32.70527195772145,6.774696912097052,24.315635243535755,8.638829463964585,22.27557057337948,5.818395081219409,1,frame,80
adulterated/ratio_80_20/IMG (21).MOV#f00090,IMG (21).MOV,train,1,80_20,yellow_dye_80_20_d1,cycling,SVI_colored,125.52439129544402,73.97086086291078,17.577425926125525,15.81716767803059,221.6691923818968,125.52439129544402,7.55152498831809,27.87000618920479,22.14104188866093,82.89498162299658,19.16418760739794,1,frame,90
adulterated/ratio_80_20/IMG (21).MOV#f00100,IMG (21).MOV,train,1,80_20,yellow_dye_80_20_d1,cycling,SVI_colored,111.76683041286542,72.18979916537651,15.113692003578487,17.563713699503403,222.56069234107065,111.76683041286542,1.6226772868606705,21.7667079973664,21.418203104616417,77.45536264336721,19.110118760908254,1,frame,100
adulterated/ratio_80_20/IMG (21).MOV#f00110,IMG (21).MOV,train,1,80_20,yellow_dye_80_20_d1,cycling,SVI_colored,17.14959788015434,17.60301706103854,34.21568034958858,119.29035725907676,134.37092650271953,34.21573845939287,4.533594249493926,23.51871787602471,8.364619360019152,19.32122518711357,5.689435058912421,1,frame,110
adulterated/ratio_80_20/IMG (21).MOV#f00120,IMG (21).MOV,train,1,80_20,yellow_dye_80_20_d1,cycling,SVI_colored,116.4939889812658,58.623462041692825,15.424074584743924,13.061453792310354,222.17842369907945,116.4939889812658,8.121584080870706,17.973886067372757,18.536883562697763,70.93960231639844,14.320157742964096,1,frame,120
adulterated/ratio_80_20/IMG (21).MOV#f00130,IMG (21).MOV,train,1,80_20,yellow_dye_80_20_d1,cycling,SVI_colored,82.5736810854793,81.84497943834803,15.040612011523322,29.42069469795263,212.5753524069228,84.19137730081587,2.615952842203798,22.537855011439117,19.821230060403987,74.38471180700635,18.713810163079785,1,frame,130
adulterated/ratio_80_20/IMG (21).MOV#f00140,IMG (21).MOV,train,1,80_20,yellow_dye_80_20_d1,cycling,SVI_colored,22.308988992241765,19.0262108824195,30.74369389495918,128.7629473171128,98.40765842873972,30.75791055688696,8.929933743520218,34.990472526136195,8.711779968155724,21.28635258482125,6.257961487013892,1,frame,140
adulterated/ratio_80_20/IMG (21).MOV#f00150,IMG (21).MOV,train,1,80_20,yellow_dye_80_20_d1,cycling,SVI_colored,92.51330536744936,59.65750813383617,18.721613941365774,16.88263153869235,204.8789367472892,92.51521748083474,9.131601427444114,23.28615663982657,16.329289978986978,64.74712447563968,14.490913530434655,1,frame,150
adulterated/ratio_80_20/IMG (21).MOV#f00160,IMG (21).MOV,train,1,80_20,yellow_dye_80_20_d1,cycling,SVI_colored,73.00390614403906,88.64239793842398,16.52279397802794,36.24215922962159,210.51809575478092,88.64417740404177,2.4010949405944064,22.2078485217332,23.86013743649716,75.68269632442696,20.240880200796777,1,frame,160
adulterated/ratio_80_20/IMG (21).MOV#f00170,IMG (21).MOV,train,1,80_20,yellow_dye_80_20_d1,cycling,SVI_colored,30.720378387962047,18.662670792178304,25.81700572500529,153.92805138206546,107.33231339399588,31.518241662710828,36.67586798179001,23.81603438227412,8.54399322522216,23.03161049374596,6.610369311971473,1,frame,170
adulterated/ratio_80_20/IMG (21).MOV#f00180,IMG (21).MOV,train,1,80_20,yellow_dye_80_20_d1,cycling,SVI_colored,55.1000226295542,69.36620421141807,26.994876436831632,40.26752194776635,156.45281737949762,69.41052912539675,5.485211115652057,29.62878135293457,18.022008720222388,60.20455376259857,15.320132097541778,1,frame,180
adulterated/ratio_80_20/IMG (21).MOV#f00190,IMG (21).MOV,train,1,80_20,yellow_dye_80_20_d1,cycling,SVI_colored,94.57546330454409,94.8895881255154,17.274179723102296,29.93666724534525,212.16882947788724,96.48337745757564,2.1742690565340306,21.597400605569465,22.109279238443783,85.88387548283495,20.542508566123587,1,frame,190
adulterated/ratio_80_20/IMG (21).MOV#f00200,IMG (21).MOV,train,1,80_20,yellow_dye_80_20_d1,cycling,SVI_colored,47.23046229265234,25.79859203100952,23.720304394915352,47.0920880123126,137.2376902468221,47.394288320127686,72.65100455030311,19.033777850578318,10.35797206165318,31.905666077637804,8.682540664243632,1,frame,200
adulterated/ratio_80_20/IMG (23).MOV#f00000,IMG (23).MOV,train,1,80_20,yellow_dye_80_20_d1,cycling,SVI_colored,77.54896967381846,55.924223453095934,46.09393547109215,28.870616780911558,132.81435028967977,82.1909269044941,42.32399652774226,24.70347934581767,28.73631432287025,61.202337245248046,19.77127682682247,1,frame,0
adulterated/ratio_80_20/IMG (23).MOV#f00010,IMG (23).MOV,train,1,80_20,yellow_dye_80_20_d1,cycling,SVI_colored,77.37878392392294,55.47958039096726,45.46096323835458,28.827422734231156,135.4700778125022,82.1596602493104,42.14099918362464,24.67889212085302,29.18506718760313,60.82948268442551,19.86559756790992,1,frame,10
adulterated/ratio_80_20/IMG (23).MOV#f00020,IMG (23).MOV,train,1,80_20,yellow_dye_80_20_d1,cycling,SVI_colored,78.36546555000352,56.18222253501302,46.33347878105426,29.09491871349145,135.10689703708917,83.28582588500247,42.58935677014135,24.88367268247698,29.800582991997096,61.63095925117883,20.451309157119688,1,frame,20
adulterated/ratio_80_20/IMG (23).MOV#f00030,IMG (23).MOV,train,1,80_20,yellow_dye_80_20_d1,cycling,SVI_colored,78.08102814142582,55.9928131561518,45.747755872778775,28.84992179022871,135.82970703042432,82.84897059030763,42.11615045371557,25.189280385172985,29.53734558275036,61.369467187125686,20.335571913158,1,frame,30
adulterated/ratio_80_20/IMG (23).MOV#f00040,IMG (23).MOV,train,1,80_20,yellow_dye_80_20_d1,cycling,SVI_colored,106.80185610478806,96.4203620925734,36.01240301091784,28.559903210148445,177.12267534104657,107.86651549289653,13.938629357186208,44.63947386976662,18.52738794496584,92.59075135295694,19.194037081738838,1,frame,40
adulterated/ratio_80_20/IMG (23).MOV#f00050,IMG (23).MOV,train,1,80_20,yellow_dye_80_20_d1,cycling,SVI_colored,233.07094328703704,221.67107060185185,67.17739583333334,28.142878086419756,182.39414158950615,233.74503665123456,2.9487721425565128,25.37058241696355,8.070666350557486,207.3775385802469,19.488219062115903,0,frame,50
adulterated/ratio_80_20/IMG (23).MOV#f00060,IMG (23).MOV,train,1,80_20,yellow_dye_80_20_d1,cycling,SVI_colored,205.2833928675997,109.92727791766704,16.397215553083093,14.84375914973356,234.93099636938567,205.2833928675997,0.6600338778271438,12.591724279860754,6.269757762523934,127.70956549745272,9.284663143845153,1,frame,60
adulterated/ratio_80_20/IMG (23).MOV#f00070,IMG (23).MOV,train,1,80_20,yellow_dye_80_20_d1,cycling,SVI_colored,71.40452874639871,49.31255588197726,40.55693929975448,28.255843658193893,140.1437745703297,75.67877265437617,42.73497093679122,24.04498127419042,25.588936076755925,54.8469720838478,16.423702063675048,1,frame,70
adulterated/ratio_80_20/IMG (23).MOV#f00080,IMG (23).MOV,train,1,80_20,yellow_dye_80_20_d1,cycling,SVI_colored,78.13234257353149,53.73821945235611,39.53986069202786,28.27579594484081,151.77167874566425,81.89861397027721,41.00892354153221,30.621939718994845,25.420201027600022,59.33063788387242,18.070635249163555,1,frame,80
adulterated/ratio_80_20/IMG (23).MOV#f00090,IMG (23).MOV,train,1,80_20,yellow_dye_80_20_d1,cycling,SVI_colored,80.08968196437495,54.97374921705104,40.03229620454498,28.79429379763673,153.2765199766347,83.85341084234751,41.51431990226248,31.88849548878632,25.69352789843828,60.6845824154943,18.76019734334564,1,frame,90
adulterated/ratio_80_20/IMG (23).MOV#f00100,IMG (23).MOV,train,1,80_20,yellow_dye_80_20_d1,cycling,SVI_colored,69.66570766963721,53.23848151006947,37.85742754894393,30.16764437583328,148.6546908988843,74.34436881622342,37.6270979083591,33.479335410216066,28.501871922389768,56.34126026243772,19.63599822835111,1,frame,100
adulterated/ratio_80_20/IMG (23).MOV#f00110,IMG (23).MOV,train,1,80_20,yellow_dye_80_20_d1,cycling,SVI_colored,210.3010649454234,144.13675169490273,22.77317105593548,19.43431605689556,227.70208114854583,210.3010649454234,0.7756909381621154,14.931280869686544,6.351675899594486,149.97920328493566,9.662389306157667,1,frame,110
adulterated/ratio_80_20/IMG (23).MOV#f00120,IMG (23).MOV,train,1,80_20,yellow_dye_80_20_d1,cycling,SVI_colored,192.67772992717187,111.00898138335852,16.906165212358985,16.062163198124058,232.82322833757976,192.67772992717187,1.0506937859876049,8.008595493999255,6.177513073080981,124.62874192990763,8.774915979777985,1,frame,120
adulterated/ratio_80_20/IMG (23).MOV#f00130,IMG (23).MOV,train,1,80_20,yellow_dye_80_20_d1,cycling,SVI_colored,52.8704415205306,39.17543483082559,33.73814276617514,29.3199396137858,132.67447251497134,57.8482832142065,41.48111337403557,23.430729202423045,25.570805989206537,42.57257435589231,14.306693832614286,1,frame,130
adulterated/ratio_80_20/IMG (23).MOV#f00140,IMG (23).MOV,train,1,80_20,yellow_dye_80_20_d1,cycling,SVI_colored,190.65564850458983,106.79741634586912,18.79341131181522,15.236963281018657,230.41633846609415,190.65564850458983,1.269339707250808,23.19811460080367,7.168567407631312,121.76173378738524,9.988000055747603,1,frame,140
adulterated/ratio_80_20/IMG (23).MOV#f00150,IMG (23).MOV,train,1,80_20,yellow_dye_80_20_d1,cycling,SVI_colored,156.887839977403,112.7725877307089,19.174264667623078,20.399491566999423,224.23030379615108,156.91291969880547,1.793486792731653,9.466138304377472,7.893618555088677,115.2295456065888,11.008519036394004,1,frame,150
adulterated/ratio_80_20/IMG (23).MOV#f00160,IMG (23).MOV,train,1,80_20,yellow_dye_80_20_d1,cycling,SVI_colored,55.35930779594101,39.25887048550824,34.625757368356595,27.94469860161524,132.45861400690185,59.93683133649849,42.50728611034217,20.417204070511,24.81503866486918,43.48088297803361,14.188554789522511,1,frame,160
adulterated/ratio_80_20/IMG (23).MOV#f00170,IMG (23).MOV,train,1,80_20,yellow_dye_80_20_d1,cycling,SVI_colored,167.9217798422178,94.84949494949495,20.604770331047703,15.486323084863232,224.6253188822532,167.9217798422178,9.37559479961202,29.543819804077145,8.00017748565656,108.12519354125192,11.316098053566268,1,frame,170
adulterated/ratio_80_20/IMG (23).MOV#f00180,IMG (23).MOV,train,1,80_20,yellow_dye_80_20_d1,cycling,SVI_colored,132.0841031348544,118.19048785012058,20.48450380263402,26.250409942496752,216.4642255611204,132.85849749582638,1.9586523837724827,10.02587017740943,12.373407620519094,111.13248747913188,12.58523993297115,1,frame,180
adulterated/ratio_80_20/IMG (23).MOV#f00190,IMG (23).MOV,train,1,80_20,yellow_dye_80_20_d1,cycling,SVI_colored,69.28845742328488,40.08605218482959,31.407720729845785,27.48890109419804,165.93088862576144,72.38110047505599,45.712677465351724,26.097315382604865,20.423322245843032,47.76000399446481,13.107409323312142,1,frame,190
adulterated/ratio_80_20/IMG (23).MOV#f00200,IMG (23).MOV,train,1,80_20,yellow_dye_80_20_d1,cycling,SVI_colored,110.03844119202962,93.36549991183212,23.541732792570382,25.333259860106978,204.29361370716512,110.34179010168694,7.495834380344428,42.2804347875229,12.389306286540377,90.28789014283196,14.984477509008808,1,frame,200
adulterated/ratio_80_20/IMG (23).MOV#f00210,IMG (23).MOV,train,1,80_20,yellow_dye_80_20_d1,cycling,SVI_colored,156.4639567525708,130.0450940825186,22.197696151068158,24.102206303938285,219.42549721885075,156.7511560198664,1.8105197482708597,9.539493414787534,9.715209053911156,125.5952255076435,11.821695830182664,1,frame,210
adulterated/ratio_80_20/IMG (23).MOV#f00220,IMG (23).MOV,train,1,80_20,yellow_dye_80_20_d1,cycling,SVI_colored,86.2293796988377,43.75027110428599,26.32718102488337,24.317887060501743,189.79698837708605,87.21982372762935,43.16973420417647,29.676306168748003,12.429520651771025,54.39490251162656,10.48011173819044,1,frame,220
adulterated/ratio_80_20/IMG (23).MOV#f00230,IMG (23).MOV,train,1,80_20,yellow_dye_80_20_d1,cycling,SVI_colored,98.46709784216924,106.35483351156556,25.546284224250325,33.98112447445908,199.9705404098853,106.35620321403982,7.514577855306048,38.02391827132492,17.13975359637365,94.75951833350425,16.903250611589286,1,frame,230
adulterated/ratio_80_20/IMG (23).MOV#f00240,IMG (23).MOV,train,1,80_20,yellow_dye_80_20_d1,cycling,SVI_colored,185.96076349689352,149.10555277264808,24.864167532690857,23.131077433777183,221.2243837521401,185.98186208907464,1.3515417860788312,9.159862907828252,7.800318930696005,145.890305264181,10.749095655823664,1,frame,240
adulterated/ratio_80_20/IMG (23).MOV#f00250,IMG (23).MOV,train,1,80_20,yellow_dye_80_20_d1,cycling,SVI_colored,143.91266301876274,65.5604324673229,15.70452711722681,13.972875438261916,228.2145539630613,143.91266301876274,19.809797915603017,26.962421068629983,7.393714687115878,83.23388883183945,8.61104065572849,1,frame,250
adulterated/ratio_80_20/IMG (23).MOV#f00260,IMG (23).MOV,train,1,80_20,yellow_dye_80_20_d1,cycling,SVI_colored,95.65531593164602,106.17889335838863,29.56468377473721,35.76572317810793,191.50149744553408,106.2513506371484,9.779804100467931,40.03148220233008,17.70031061136386,94.21350343531624,17.464012567985396,1,frame,260
adulterated/ratio_80_20/IMG (23).MOV#f00270,IMG (23).MOV,train,1,80_20,yellow_dye_80_20_d1,cycling,SVI_colored,202.96009326316104,163.90847615191998,27.343874169702968,23.34050799934026,220.89573118618145,202.9602581980118,1.1038657928198312,8.221919285490427,7.209304939077978,159.97280074370624,9.647804841186726,1,frame,270
adulterated/ratio_80_20/IMG (23).MOV#f00280,IMG (23).MOV,train,1,80_20,yellow_dye_80_20_d1,cycling,SVI_colored,180.622540446799,92.53578563013588,14.61331323493901,14.067495481519966,234.74159416366044,180.622540446799,0.5965353516411273,12.837652667002876,7.423437210152796,109.92952634621436,9.215052425902211,1,frame,280
adulterated/ratio_80_20/IMG (23).MOV#f00290,IMG (23).MOV,train,1,80_20,yellow_dye_80_20_d1,cycling,SVI_colored,60.84479583783942,61.064573407768975,36.46649665331891,35.29982024376699,129.25118376055886,64.82004647356268,21.60509174137164,25.854404980717625,23.937285814257507,58.09340747669015,15.44534078943312,1,frame,290
adulterated/ratio_80_20/IMG (23).MOV#f00300,IMG (23).MOV,train,1,80_20,yellow_dye_80_20_d1,cycling,SVI_colored,196.4700165810352,149.00096660743097,24.738688834197085,21.748659761619734,223.20281654534503,196.4700165810352,1.08297916759709,11.028262231775804,7.562095119595966,148.99424496806478,10.409943362102156,1,frame,300
adulterated/ratio_80_20/IMG (23).MOV#f00310,IMG (23).MOV,train,1,80_20,yellow_dye_80_20_d1,cycling,SVI_colored,185.1993145131569,101.40852804599396,16.029136876243825,15.151249355052702,233.25445566448,185.1993145131569,0.7986885913893276,11.609458912414564,7.30534191282341,116.67354610451832,9.469406755981684,1,frame,310
adulterated/ratio_80_20/IMG (23).MOV#f00320,IMG (23).MOV,train,1,80_20,yellow_dye_80_20_d1,cycling,SVI_colored,44.59171653635027,38.32457519765868,40.627724631983575,32.025247892368846,73.01391254968767,50.485759839252175,48.53877522099422,23.491639383063443,27.22304304739946,40.43099055024098,13.348567651893646,1,frame,320
adulterated/ratio_80_20/IMG (23).MOV#f00330,IMG (23).MOV,train,1,80_20,yellow_dye_80_20_d1,cycling,SVI_colored,182.07545455211684,111.03242874836025,20.68000703538948,16.75879606897613,226.69931038526087,182.07545455211684,0.7416944772544352,22.405987889310158,8.019200208498981,121.90384967717824,11.345863603124709,1,frame,330
adulterated/ratio_80_20/IMG (23).MOV#f00340,IMG (23).MOV,train,1,80_20,yellow_dye_80_20_d1,cycling,SVI_colored,167.97183088109432,102.79087871277918,17.381209672017683,17.02170919943141,228.96809484471635,167.97183088109432,1.1543320521031846,10.753116933537974,7.104338224117883,112.45866916728066,9.624878355203442,1,frame,340
adulterated/ratio_80_20/IMG (24).MOV#f00000,IMG (24).MOV,train,1,80_20,yellow_dye_80_20_d1,cycling,SVI_colored,62.79672958657709,53.89113078098895,35.22727951370374,31.1295225907362,142.61577618996836,67.10658703920942,30.97060731317676,33.57796483817106,25.74839471531408,54.3746898439444,17.00089245981823,1,frame,0
adulterated/ratio_80_20/IMG (24).MOV#f00010,IMG (24).MOV,train,1,80_20,yellow_dye_80_20_d1,cycling,SVI_colored,202.4266978188496,142.2184733439828,22.499686487616263,19.94803905468552,226.95101742233103,202.4266978188496,0.8969377953587464,11.319233014055955,6.737543002435377,146.48323455205053,9.573130840964891,1,frame,10
adulterated/ratio_80_20/IMG (24).MOV#f00020,IMG (24).MOV,train,1,80_20,yellow_dye_80_20_d1,cycling,SVI_colored,194.9787325297641,108.5163351327368,16.14590697330474,15.508267396287806,234.12981586925977,194.9787325297641,0.9586675824374332,9.283359268973255,6.735938481340216,123.74249796642756,9.33545475874986,1,frame,20
adulterated/ratio_80_20/IMG (24).MOV#f00030,IMG (24).MOV,train,1,80_20,yellow_dye_80_20_d1,cycling,SVI_colored,50.84211954968856,39.25830761757815,34.92748157037545,29.819511114920854,124.51117921024058,56.303174467112406,40.93417114607655,20.63166149188172,27.28568315557616,42.15910909194811,14.974368543279,1,frame,30
adulterated/ratio_80_20/IMG (24).MOV#f00040,IMG (24).MOV,train,1,80_20,yellow_dye_80_20_d1,cycling,SVI_colored,189.6633143888938,109.56455169759938,19.17975757037563,15.84460379480804,229.7651333510937,189.6633143888938,0.8891838520108729,21.19926655390545,7.460802867265946,123.11419944942725,10.341533172884365,1,frame,40
adulterated/ratio_80_20/IMG (24).MOV#f00050,IMG (24).MOV,train,1,80_20,yellow_dye_80_20_d1,cycling,SVI_colored,168.8751884750317,109.71204747331493,18.45255654250952,18.19958946032694,227.49077405389264,168.8751884750317,1.4590736283527734,9.947151948083476,7.320842189339133,116.9290064939912,10.32606490813452,1,frame,50
adulterated/ratio_80_20/IMG (24).MOV#f00060,IMG (24).MOV,train,1,80_20,yellow_dye_80_20_d1,cycling,SVI_colored,50.88963605050844,37.31853619843215,36.00719609538578,29.360683736252746,120.55467817660804,56.440376740962,45.12424218876669,19.72859284218688,27.175536911655325,41.15206128472098,14.723225580773263,1,frame,60
adulterated/ratio_80_20/IMG (24).MOV#f00070,IMG (24).MOV,train,1,80_20,yellow_dye_80_20_d1,cycling,SVI_colored,175.9623562602935,95.8150235227214,20.033810680866463,14.90270382050354,226.716405344126,175.9623562602935,9.185960740642788,27.61352487187625,7.73306093249796,111.09361083005297,10.665763614143566,1,frame,70
adulterated/ratio_80_20/IMG (24).MOV#f00080,IMG (24).MOV,train,1,80_20,yellow_dye_80_20_d1,cycling,SVI_colored,130.98478704064885,116.86134642418176,20.467921778746017,26.13025590449765,216.32329930595927,131.81945374656843,2.077979350743263,10.92246442542111,12.769292235954364,110.02333095362512,13.154599019421116,1,frame,80
adulterated/ratio_80_20/IMG (24).MOV#f00090,IMG (24).MOV,train,1,80_20,yellow_dye_80_20_d1,cycling,SVI_colored,61.185767838491365,38.92423917242564,34.685760684494426,27.275693580003143,144.3447654204404,65.33766150148088,45.18459327698211,20.836852155624385,23.56969108963107,45.05882016282497,13.754415519833456,1,frame,90
adulterated/ratio_80_20/IMG (24).MOV#f00100,IMG (24).MOV,train,1,80_20,yellow_dye_80_20_d1,cycling,SVI_colored,181.37648224998705,99.04080394724188,19.851431023131607,14.884682245548628,227.74606274457588,181.37648224998705,7.680908982248771,26.150990328373517,7.4736088157726845,114.56815575923008,10.000184857671751,1,frame,100
adulterated/ratio_80_20/IMG (24).MOV#f00110,IMG (24).MOV,train,1,80_20,yellow_dye_80_20_d1,cycling,SVI_colored,142.48723523843333,125.31904508342208,21.768023015027808,25.737849071115843,216.95865134303637,143.12756626434742,1.933695126733658,10.299151405320034,11.798602520159896,118.58471630576264,12.67056671840481,1,frame,110
adulterated/ratio_80_20/IMG (24).MOV#f00120,IMG (24).MOV,train,1,80_20,yellow_dye_80_20_d1,cycling,SVI_colored,72.26994777881107,40.35676371700408,32.45385220688175,27.053344302167535,165.6258316045497,75.10419915587667,46.61907367145489,24.514924352384178,19.70698043505101,48.93323556763717,12.836834443574704,1,frame,120
adulterated/ratio_80_20/IMG (24).MOV#f00130,IMG (24).MOV,train,1,80_20,yellow_dye_80_20_d1,cycling,SVI_colored,98.9203916966185,107.55492554830192,26.839815154404757,34.52791021785374,198.00613951441355,107.5703806939045,8.541234720005157,39.426555536318666,17.196262508736048,95.73729186532678,17.08842732179893,1,frame,130
adulterated/ratio_80_20/IMG (24).MOV#f00140,IMG (24).MOV,train,1,80_20,yellow_dye_80_20_d1,cycling,SVI_colored,171.9634365738771,139.47399577482662,23.728178024619474,23.42779507162639,220.26720115856344,172.0580625415239,1.582318346405165,9.84627845405652,8.70991918666941,135.94262423577362,11.411412212418416,1,frame,140
adulterated/ratio_80_20/IMG (24).MOV#f00150,IMG (24).MOV,train,1,80_20,yellow_dye_80_20_d1,cycling,SVI_colored,117.19948350918617,54.82277724489043,18.10582158931602,18.99983029587545,218.87798273444997,117.20545266730612,33.65037216198113,30.39473808575592,7.525231014793363,69.23127720799823,8.561768836171542,1,frame,150
adulterated/ratio_80_20/IMG (24).MOV#f00160,IMG (24).MOV,train,1,80_20,yellow_dye_80_20_d1,cycling,SVI_colored,99.6276811722129,114.11714773295672,29.830596992967894,36.52244976020243,194.78071027157443,114.14622502721627,8.669180760311852,38.81291870597842,17.444782393562008,100.12934357254244,17.476998073650275,1,frame,160
adulterated/ratio_80_20/IMG (24).MOV#f00170,IMG (24).MOV,train,1,80_20,yellow_dye_80_20_d1,cycling,SVI_colored,199.2321514314867,162.1960716643659,27.15033611427885,23.512791849228737,220.49427555368823,199.23449972990815,1.1245182827740985,8.859593933101008,7.165675580259844,157.8339385391033,9.712153663475988,1,frame,170
adulterated/ratio_80_20/IMG (24).MOV#f00180,IMG (24).MOV,train,1,80_20,yellow_dye_80_20_d1,cycling,SVI_colored,171.8232682124722,86.9028185235891,15.939138434346727,13.633019681132335,231.92263004252047,171.8232682124722,0.7039473097303358,18.96233614981401,7.423144300976686,104.15935415172652,9.646992878298832,1,frame,180
adulterated/ratio_80_20/IMG (24).MOV#f00190,IMG (24).MOV,train,1,80_20,yellow_dye_80_20_d1,cycling,SVI_colored,71.28979391128203,77.91685259665913,37.93303584534539,38.19955670375481,145.87384405366527,79.05611660746264,16.493936378933206,28.836496169400025,21.16495303227287,71.3143293309456,15.980610072890864,1,frame,190
adulterated/ratio_80_20/IMG (24).MOV#f00200,IMG (24).MOV,train,1,80_20,yellow_dye_80_20_d1,cycling,SVI_colored,196.64427959288977,154.09664006939718,25.430098038482534,22.55774997569603,222.26807654629343,196.64427959288977,1.107938792056116,9.27041092798197,7.272277414787152,152.10066331147223,9.815795554584836,1,frame,200
adulterated/ratio_80_20/IMG (24).MOV#f00210,IMG (24).MOV,train,1,80_20,yellow_dye_80_20_d1,cycling,SVI_colored,179.36359151818584,95.70015461640406,15.454579590634664,14.690943896333382,233.38091591812693,179.36359151818584,0.7125991393798674,12.14962276528296,7.267527905808813,111.5142247091739,9.207861397426862,1,frame,210
adulterated/ratio_70_30/IMG (30).MOV#f00000,IMG (30).MOV,train,1,70_30,yellow_dye_70_30_d1,cycling,SVI_colored,11.697510886195127,7.1665882076026834,28.751012121925385,126.40671413440036,194.60825585500768,28.751012121925385,2.6940474827500367,29.230377663106808,6.208069693208127,10.908261739437448,4.259833310262478,1,frame,0
adulterated/ratio_70_30/IMG (30).MOV#f00010,IMG (30).MOV,train,1,70_30,yellow_dye_70_30_d1,cycling,SVI_colored,66.46349422934789,34.326573426573425,9.92924555119677,13.468275626812211,221.00031269543464,66.46432997896413,13.56544193304465,29.74082419719739,22.810667688298132,41.09202910910228,17.840501755793326,1,frame,10
adulterated/ratio_70_30/IMG (30).MOV#f00020,IMG (30).MOV,train,1,70_30,yellow_dye_70_30_d1,cycling,SVI_colored,57.05073648788263,36.327307612834666,8.411860554358414,16.62256398146235,221.15669628361425,57.053239661127016,2.980894541821662,25.198615467738,18.074900966677426,39.28271688756384,16.09482432817779,1,frame,20
adulterated/ratio_70_30/IMG (30).MOV#f00030,IMG (30).MOV,train,1,70_30,yellow_dye_70_30_d1,cycling,SVI_colored,11.286366328115395,6.595822299690499,28.792478128247243,126.9602956457614,202.04762064380608,28.79255634141164,2.849242825542221,29.19106968349485,14.835124664820482,10.475290226706443,6.849947213525104,1,frame,30
adulterated/ratio_70_30/IMG (30).MOV#f00040,IMG (30).MOV,train,1,70_30,yellow_dye_70_30_d1,cycling,SVI_colored,64.64296957268746,29.729246799312754,12.457024884996953,14.355888710303164,211.08712520090893,64.68289641412181,27.203443059564933,29.75402480107529,21.63281958795532,38.13136950617968,16.591573933875395,1,frame,40
adulterated/ratio_70_30/IMG (30).MOV#f00050,IMG (30).MOV,train,1,70_30,yellow_dye_70_30_d1,cycling,SVI_colored,42.13241846577859,43.37188217730822,8.46418810289389,30.14672714745062,210.12145153881488,44.514044556729445,4.011992912444123,23.63118626452725,17.35834783584296,38.95571313734497,15.396698422746908,1,frame,50
adulterated/ratio_70_30/IMG (30).MOV#f00060,IMG (30).MOV,train,1,70_30,yellow_dye_70_30_d1,cycling,SVI_colored,13.440109114212635,6.275547414208667,23.72701030460106,132.81266269303404,191.9462141791764,23.72777024766204,3.064300858790294,36.30072693064963,6.52505347296916,10.32548247877547,4.767202690535993,1,frame,60
adulterated/ratio_70_30/IMG (30).MOV#f00070,IMG (30).MOV,train,1,70_30,yellow_dye_70_30_d1,cycling,SVI_colored,46.38284419650732,29.524403554418768,19.01465205503616,26.825955856412065,159.16277672429,46.861753616158055,46.89593502073537,32.1228362952196,16.61439142091362,33.30600083789028,14.700257969897947,1,frame,70
adulterated/ratio_70_30/IMG (30).MOV#f00080,IMG (30).MOV,train,1,70_30,yellow_dye_70_30_d1,cycling,SVI_colored,40.558110667190135,45.898137456409785,9.0540403223944,33.69362139442507,209.50809450128173,45.94769751275952,3.207713490699167,27.34360577735918,19.682028012653703,40.04242396249509,16.812440344103283,1,frame,80
adulterated/ratio_70_30/IMG (30).MOV#f00090,IMG (30).MOV,train,1,70_30,yellow_dye_70_30_d1,cycling,SVI_colored,18.365192033817845,7.196204534665552,19.529432375613176,147.96201708976648,176.45424079390554,20.770819675836968,10.589858505967642,38.89122364114448,7.681760458167016,11.857347921423242,6.210413514852051,1,frame,90
adulterated/ratio_70_30/IMG (30).MOV#f00100,IMG (30).MOV,train,1,70_30,yellow_dye_70_30_d1,cycling,SVI_colored,32.08230110293111,39.76990065409562,28.513763376118668,60.276800131366485,80.13412518131312,40.89116834067708,25.01089964287869,41.46744498590603,20.04914691358855,36.109275021210216,15.850978967097504,1,frame,100
adulterated/ratio_70_30/IMG (30).MOV#f00110,IMG (30).MOV,train,1,70_30,yellow_dye_70_30_d1,cycling,SVI_colored,55.98407352635349,50.456963283037176,9.915249439656169,25.910633823971164,214.8367204288652,56.46849943387943,3.057653891642423,25.35842764664236,20.47971419943937,47.42511611248469,19.20587199527436,1,frame,110
adulterated/ratio_70_30/IMG (30).MOV#f00120,IMG (30).MOV,train,1,70_30,yellow_dye_70_30_d1,cycling,SVI_colored,36.995629510398565,15.278101715150676,14.686049610386842,62.881666329108526,178.51078764750403,37.64926287961966,79.530132273304,25.105660851430667,15.935922866156956,21.64122011277995,11.420651030353048,1,frame,120
adulterated/ratio_70_30/IMG (30).MOV#f00130,IMG (30).MOV,train,1,70_30,yellow_dye_70_30_d1,cycling,SVI_colored,35.43102427790453,48.55453919331927,32.45997266583444,60.39996663940425,91.6011364125522,49.17362575868452,16.206011557344855,34.55219620861159,22.29727369454756,42.714567818862726,17.892586268048518,1,frame,130
adulterated/ratio_70_30/IMG (30).MOV#f00140,IMG (30).MOV,train,1,70_30,yellow_dye_70_30_d1,cycling,SVI_colored,72.03233445252218,57.091437919338325,12.062901463715974,22.16833591681014,215.75172883217317,72.13163147990322,2.4148031826247123,23.9557632826618,23.92387401902416,56.36886900914608,21.395575482215406,1,frame,140
adulterated/ratio_70_30/IMG (30).MOV#f00150,IMG (30).MOV,train,1,70_30,yellow_dye_70_30_d1,cycling,SVI_colored,56.81542056074766,26.613727933541018,8.969922118380062,13.314932502596054,219.59508307372792,56.81660955347871,21.03314244895172,29.747523849906955,22.975297749479772,33.57408618899273,16.66574341121447,1,frame,150
adulterated/ratio_70_30/IMG (32).MOV#f00000,IMG (32).MOV,train,1,70_30,yellow_dye_70_30_d1,cycling,SVI_colored,30.13772094987865,37.45573127340154,54.49328827829125,109.77443603639722,107.68200399481675,54.49333123331019,2.8525601168700336,21.20067818768404,28.60011030082186,37.16486136267638,13.267907978447743,1,frame,0
adulterated/ratio_70_30/IMG (32).MOV#f00010,IMG (32).MOV,train,1,70_30,yellow_dye_70_30_d1,cycling,SVI_colored,161.9938575289962,105.1882213291764,20.60077513836649,17.965154527122692,223.32688099766887,161.9938575289962,0.7761718061940253,22.900146984192325,8.430713226117504,112.47229094861493,11.190834988870868,1,frame,10
adulterated/ratio_70_30/IMG (32).MOV#f00020,IMG (32).MOV,train,1,70_30,yellow_dye_70_30_d1,cycling,SVI_colored,160.71108879238398,97.10542062156084,17.679459069497685,16.681085821792824,227.5760046963632,160.71108879238398,1.116614957176023,15.52974427960524,8.688500348123707,106.99163990777022,11.421547925846728,1,frame,20
adulterated/ratio_70_30/IMG (32).MOV#f00030,IMG (32).MOV,train,1,70_30,yellow_dye_70_30_d1,cycling,SVI_colored,26.29520070931114,29.92357029473594,50.151036080483934,114.92715260199924,115.2191428203698,50.15105038111173,2.2515295768857166,20.07069742427029,28.623405478298277,31.102835814492256,13.025262543311475,1,frame,30
adulterated/ratio_70_30/IMG (32).MOV#f00040,IMG (32).MOV,train,1,70_30,yellow_dye_70_30_d1,cycling,SVI_colored,157.71725239616617,83.07444815567818,17.901720882950915,15.179182399070578,226.71571304095264,157.71725239616617,14.345376082816244,23.03375763274084,6.823680708855063,97.88189805402266,7.657707781592307,1,frame,40
adulterated/ratio_70_30/IMG (32).MOV#f00050,IMG (32).MOV,train,1,70_30,yellow_dye_70_30_d1,cycling,SVI_colored,127.31714415643474,109.56648476580264,20.27112323783538,25.061164165529785,215.47945278156735,127.99396695467637,2.491724069240085,13.582213159058297,9.78994063728126,104.64080642716388,12.160604524303665,1,frame,50
adulterated/ratio_70_30/IMG (32).MOV#f00060,IMG (32).MOV,train,1,70_30,yellow_dye_70_30_d1,cycling,SVI_colored,31.24803519017557,30.24281821662075,52.91808225553413,122.42349814966332,100.1979447376125,52.91808225553413,2.4003059325304257,23.13680642089046,29.606743104964792,33.01436731997688,10.701184545195057,1,frame,60
adulterated/ratio_70_30/IMG (32).MOV#f00070,IMG (32).MOV,train,1,70_30,yellow_dye_70_30_d1,cycling,SVI_colored,135.95037617006386,78.24630391041903,24.792909631703264,18.76967602717756,210.5627606217012,135.9964278424168,24.930958107376668,29.78195905905176,8.25232323200056,89.35018808503193,9.014714157136348,1,frame,70
adulterated/ratio_70_30/IMG (32).MOV#f00080,IMG (32).MOV,train,1,70_30,yellow_dye_70_30_d1,cycling,SVI_colored,96.48481625467616,111.76286950781191,19.49042763881757,34.831893200322746,211.5336242939925,111.76286950781191,1.6302163304236723,11.23421502482105,13.102788945840318,96.62551162620112,10.990483827629184,1,frame,80
adulterated/ratio_70_30/IMG (32).MOV#f00090,IMG (32).MOV,train,1,70_30,yellow_dye_70_30_d1,cycling,SVI_colored,42.62918171264147,31.372798302030585,43.94558520829328,157.7213236184412,80.31827667499982,48.0938441486293,12.940732431029716,21.2648449219286,27.1466879871485,36.06981332307714,12.06159383726222,1,frame,90
adulterated/ratio_70_30/IMG (32).MOV#f00100,IMG (32).MOV,train,1,70_30,yellow_dye_70_30_d1,cycling,SVI_colored,147.0215657504794,77.86174385495961,21.10433494101924,15.848967110233016,219.51783223894475,147.02272066941717,19.04970670547325,25.14632640901821,8.582913389058131,91.99998547271775,8.790994386949073,1,frame,100
adulterated/ratio_70_30/IMG (32).MOV#f00110,IMG (32).MOV,train,1,70_30,yellow_dye_70_30_d1,cycling,SVI_colored,122.1246896376099,125.11327254592656,23.576138702809,30.82952174128333,209.04051865003856,125.58471213225152,2.285873700073166,16.275220237716965,17.050081931752658,112.57501397072868,14.818742887429366,1,frame,110
adulterated/ratio_70_30/IMG (32).MOV#f00120,IMG (32).MOV,train,1,70_30,yellow_dye_70_30_d1,cycling,SVI_colored,55.96131972189442,34.14081583325039,42.38023402954517,145.12639159427297,107.59682510343652,59.87055151920151,61.89030853225961,12.929410205405537,23.99126878994053,41.554611633230486,12.071848924005508,1,frame,120
adulterated/ratio_70_30/IMG (32).MOV#f00130,IMG (32).MOV,train,1,70_30,yellow_dye_70_30_d1,cycling,SVI_colored,73.21146341286163,106.26108442403144,45.91833026896216,47.542357361394735,152.89521304041335,106.6258947842707,9.710973983358471,19.881775615173297,14.726351069087317,89.44453245932138,12.79665203395954,1,frame,130
adulterated/ratio_70_30/IMG (32).MOV#f00140,IMG (32).MOV,train,1,70_30,yellow_dye_70_30_d1,cycling,SVI_colored,151.84709601508342,131.9821380473767,24.387207439645028,25.38869593569697,215.19974199401767,152.38095575622688,2.078543584689005,15.987956651042763,11.385478982168737,125.5844969592152,13.354551645154908,1,frame,140
adulterated/ratio_70_30/IMG (32).MOV#f00150,IMG (32).MOV,train,1,70_30,yellow_dye_70_30_d1,cycling,SVI_colored,108.78858082301927,52.77043189845792,17.77431582574735,18.27527065445252,216.98526117795709,108.80448266950005,30.897667935932684,27.78733253565719,8.077837988396952,65.4515837234012,8.396008189149558,1,frame,150
adulterated/ratio_70_30/IMG (32).MOV#f00160,IMG (32).MOV,train,1,70_30,yellow_dye_70_30_d1,cycling,SVI_colored,71.03588254509818,100.52437298101702,47.72572320423941,47.84561721897572,142.95700337555806,101.03804580595984,10.435435669053854,17.700493045051548,15.547364550265913,85.63109868970274,12.885097976696448,1,frame,160
adulterated/ratio_70_30/IMG (32).MOV#f00170,IMG (32).MOV,train,1,70_30,yellow_dye_70_30_d1,cycling,SVI_colored,176.85861345425357,146.40945768965372,26.477369703285408,23.9842418780189,217.52615087803295,176.94819816648126,1.736274972961093,15.90193964574896,9.936496869936914,141.78141414710396,13.559671772330576,1,frame,170
adulterated/ratio_70_30/IMG (32).MOV#f00180,IMG (32).MOV,train,1,70_30,yellow_dye_70_30_d1,cycling,SVI_colored,155.54519508619094,81.6386599479011,14.594931033010209,14.22272992555266,231.68991188737527,155.54519508619094,0.787123465121957,16.44528059952646,8.268282570796014,96.0134873524932,9.41097576393901,1,frame,180
adulterated/ratio_70_30/IMG (32).MOV#f00190,IMG (32).MOV,train,1,70_30,yellow_dye_70_30_d1,cycling,SVI_colored,42.14848487022912,55.732120177094025,52.302100300658005,74.1458657730642,66.76794799118835,59.53197092443367,11.685357364208038,22.88518598356824,26.21207154502998,51.23910563213525,13.330149575134284,1,frame,190
adulterated/ratio_70_30/IMG (32).MOV#f00200,IMG (32).MOV,train,1,70_30,yellow_dye_70_30_d1,cycling,SVI_colored,167.22529266944682,124.1947947545596,22.115302072192996,21.17217074238629,221.78037768893415,167.22532138012215,1.438037551192239,14.765564393717458,8.64379809165229,125.36816416764164,11.468495095948144,1,frame,200
adulterated/ratio_70_30/IMG (32).MOV#f00210,IMG (32).MOV,train,1,70_30,yellow_dye_70_30_d1,cycling,SVI_colored,162.8336889123563,87.18686093887133,14.633370675076884,14.670139210971335,232.49691395463336,162.8336889123563,0.8749013988229009,11.421683810913326,8.329191108798257,101.44870742862852,9.53834366176054,1,frame,210
adulterated/ratio_70_30/IMG (32).MOV#f00220,IMG (32).MOV,train,1,70_30,yellow_dye_70_30_d1,cycling,SVI_colored,24.63004811823337,29.398464799220942,48.63842584636536,113.33283210173568,120.1878974050524,48.63842584636536,2.0906609946803405,19.17258060795976,26.88076155771201,30.11450277825514,11.949653670633742,1,frame,220
adulterated/ratio_50_50/IMG (37).MOV#f00000,IMG (37).MOV,train,1,50_50,yellow_dye_50_50_d1,cycling,SVI_colored,185.50331151477596,138.71755683798753,26.31733994345249,21.248088616910028,219.497532824664,185.50613114373132,1.1917758703440753,24.71845116170918,8.186423924772598,139.8116735737248,12.464147867038148,1,frame,0
adulterated/ratio_50_50/IMG (37).MOV#f00010,IMG (37).MOV,train,1,50_50,yellow_dye_50_50_d1,cycling,SVI_colored,185.65111723625327,138.77020393626412,26.35740720667709,21.242849842828164,219.4865900679788,185.65303736508773,1.1899483652603255,24.817641832347608,8.376758032106473,139.8888260889763,12.652041823195283,1,frame,10
adulterated/ratio_50_50/IMG (37).MOV#f00020,IMG (37).MOV,train,1,50_50,yellow_dye_50_50_d1,cycling,SVI_colored,188.25718935255145,140.62368166143594,26.82005501956682,21.223325196636832,219.30522685884767,188.25915765818127,1.1894410338224533,24.881849792627957,8.160744138776895,141.82836994846758,12.526231684015135,1,frame,20
adulterated/ratio_50_50/IMG (37).MOV#f00030,IMG (37).MOV,train,1,50_50,yellow_dye_50_50_d1,cycling,SVI_colored,102.81789483678024,105.46352674968747,21.062241878570184,31.054432963590045,207.54641834264285,105.78156399829106,4.013523570537434,23.531114004522625,15.617642486723664,94.99193790844502,14.09535924943358,1,frame,30
adulterated/ratio_50_50/IMG (37).MOV#f00040,IMG (37).MOV,train,1,50_50,yellow_dye_50_50_d1,cycling,SVI_colored,39.15314513295069,27.285041583694507,58.04908047323416,133.33355979852408,134.9992347038382,58.04908047323416,4.112843806996472,13.332249943783513,27.77396149016233,34.304088087150056,15.055649847240856,1,frame,40
adulterated/ratio_50_50/IMG (37).MOV#f00050,IMG (37).MOV,train,1,50_50,yellow_dye_50_50_d1,cycling,SVI_colored,106.89566676693634,70.3675807038931,48.691330367461966,20.63344837958932,146.5235660117474,108.20164495036651,33.54459642380926,23.66121052197302,13.44385919945536,78.75067682029037,10.579414007270646,1,frame,50
adulterated/ratio_50_50/IMG (37).MOV#f00060,IMG (37).MOV,train,1,50_50,yellow_dye_50_50_d1,cycling,SVI_colored,103.69376667583296,105.0336006421357,22.56736107498272,30.65428722194558,206.2009944184733,107.38589828392207,5.05199373190691,27.88139941883623,19.080022755420057,95.16844170611888,17.066530180509176,1,frame,60
adulterated/ratio_50_50/IMG (37).MOV#f00070,IMG (37).MOV,train,1,50_50,yellow_dye_50_50_d1,cycling,SVI_colored,49.46554030271032,26.2359576049122,46.14079549454417,157.6159490007431,129.10342993468657,53.59296804724471,9.212712837624036,13.032004919550534,23.77828913377517,35.39981227267394,12.165456904971206,1,frame,70
adulterated/ratio_50_50/IMG (37).MOV#f00080,IMG (37).MOV,train,1,50_50,yellow_dye_50_50_d1,cycling,SVI_colored,39.519734484316814,44.822607787836766,24.67877121086994,40.49018339903704,138.8585474546956,46.52305343035667,17.796566128122063,27.80432762557219,17.799040313605516,40.88484971251383,10.336192414839742,1,frame,80
adulterated/ratio_50_50/IMG (37).MOV#f00090,IMG (37).MOV,train,1,50_50,yellow_dye_50_50_d1,cycling,SVI_colored,146.16311293992956,120.75561894074004,23.18315720564856,23.962685869260262,215.8827426041959,146.5453411889398,2.5076884486665083,22.17204888474284,9.926198726365213,117.16713426228998,12.637877528642374,1,frame,90
adulterated/ratio_50_50/IMG (37).MOV#f00100,IMG (37).MOV,train,1,50_50,yellow_dye_50_50_d1,cycling,SVI_colored,90.082973819054,39.9365567617238,37.30578441602941,23.02273895369664,163.6637983397449,91.26413007927484,51.37977204710161,14.229721149386544,14.212211035367842,54.546786175962126,10.387304985099856,1,frame,100
adulterated/ratio_50_50/IMG (37).MOV#f00110,IMG (37).MOV,train,1,50_50,yellow_dye_50_50_d1,cycling,SVI_colored,71.71262042774336,96.85922046771935,55.86836697981212,49.44756346192285,117.8597961223266,97.6607955226864,11.501273633063889,13.287093999751564,15.91570361353389,84.60661203278033,11.91309766254104,1,frame,110
adulterated/ratio_50_50/IMG (37).MOV#f00120,IMG (37).MOV,train,1,50_50,yellow_dye_50_50_d1,cycling,SVI_colored,175.7451483138464,134.86525809240948,26.17168314598293,22.00876724688898,217.82108349937968,175.84530997405918,2.137264460727836,24.101325588499947,8.137769400527914,134.64046768675513,13.383815339755897,1,frame,120
adulterated/ratio_50_50/IMG (37).MOV#f00130,IMG (37).MOV,train,1,50_50,yellow_dye_50_50_d1,cycling,SVI_colored,147.4548020472678,71.55856540719554,17.36953183802499,15.32620051181695,226.1655803101009,147.4548020472678,21.477502030075375,29.502909431123644,6.427752227066817,87.9979376787596,8.760368551885538,1,frame,130
adulterated/ratio_50_50/IMG (37).MOV#f00140,IMG (37).MOV,train,1,50_50,yellow_dye_50_50_d1,cycling,SVI_colored,49.9745914793704,66.13881400551809,56.920303890333855,66.71995288276821,66.20087277556861,69.08491378969588,12.48154626261988,19.749051950831728,23.614595956182605,60.15943174721131,13.317567002064086,1,frame,140
adulterated/ratio_50_50/IMG (37).MOV#f00150,IMG (37).MOV,train,1,50_50,yellow_dye_50_50_d1,cycling,SVI_colored,179.0664414329109,132.97987288938043,24.87600275734598,21.193029368764723,220.1665694525456,179.0804629917204,1.7507174081433672,21.13425860915691,7.429459255063127,134.37156752088842,12.31206718499414,1,frame,150
adulterated/ratio_50_50/IMG (37).MOV#f00160,IMG (37).MOV,train,1,50_50,yellow_dye_50_50_d1,cycling,SVI_colored,168.9149908522349,90.13995697871135,15.113753798810407,14.662481914983196,232.59746771489597,168.9149908522349,0.6409096644804326,14.489259703688326,6.286201699802487,105.06607824975312,8.29905839708154,1,frame,160
adulterated/ratio_50_50/IMG (37).MOV#f00170,IMG (37).MOV,train,1,50_50,yellow_dye_50_50_d1,cycling,SVI_colored,25.799739564947952,32.4099890962433,55.94326124302826,113.02628668251242,134.70521419214143,55.94326124302826,1.4274334632178023,13.46740670730294,26.68291105339892,32.92688207469465,13.198808575857791,1,frame,170
adulterated/ratio_50_50/IMG (37).MOV#f00180,IMG (37).MOV,train,1,50_50,yellow_dye_50_50_d1,cycling,SVI_colored,170.6502285520003,105.99920667900722,22.18423935627668,16.89327943787541,222.4988024630728,170.6502285520003,0.7267927221098648,29.082074721005142,6.590147613196617,115.681485399116,11.242943254967493,1,frame,180
adulterated/ratio_50_50/IMG (37).MOV#f00190,IMG (37).MOV,train,1,50_50,yellow_dye_50_50_d1,cycling,SVI_colored,169.83048613268082,97.2585965257839,17.087347823122553,15.763804819660455,229.82840281513015,169.83048613268082,0.8453311709054822,16.420998775349684,6.586441293509578,109.70258558647284,9.77510569378184,1,frame,190
adulterated/ratio_50_50/IMG (37).MOV#f00200,IMG (37).MOV,train,1,50_50,yellow_dye_50_50_d1,cycling,SVI_colored,18.4690972685138,20.54118403613749,52.36844870719064,118.11059264545575,165.54770886105732,52.36844870719064,0.8846501408275954,10.080699068011558,25.91552469162417,23.444613490389216,12.937454115839104,1,frame,200
adulterated/ratio_50_50/IMG (37).MOV#f00210,IMG (37).MOV,train,1,50_50,yellow_dye_50_50_d1,cycling,SVI_colored,164.756426006426,83.78721728721729,18.959782334782336,15.418753543753544,226.35378472878472,164.7566228816229,17.958249428011378,24.79124955446774,5.276928662437932,100.51111163611164,7.149434288534796,1,frame,210
adulterated/ratio_50_50/IMG (37).MOV#f00220,IMG (37).MOV,train,1,50_50,yellow_dye_50_50_d1,cycling,SVI_colored,136.9062382080811,102.28843222193711,19.646242434304863,21.32434002988544,219.57907566449825,137.1603851901046,2.611132813439476,20.880609032212664,8.958188832721364,103.1467329781293,12.816835756743782,1,frame,220
adulterated/ratio_50_50/IMG (37).MOV#f00230,IMG (37).MOV,train,1,50_50,yellow_dye_50_50_d1,cycling,SVI_colored,21.69356385822562,21.19512060886247,52.320258200459165,120.66066767305092,152.72903890304116,52.320258200459165,1.2160014766944636,12.139728085298891,25.57062211669468,24.74190961411454,12.921845872033154,1,frame,230
adulterated/ratio_50_50/IMG (37).MOV#f00240,IMG (37).MOV,train,1,50_50,yellow_dye_50_50_d1,cycling,SVI_colored,151.95535452361509,77.87918526564495,25.004812609512637,16.802849508828402,214.50686213102665,151.9808526326639,25.28251145538158,26.16352248510521,5.464263968324722,93.93370967358298,7.036206367146736,1,frame,240
adulterated/ratio_50_50/IMG (37).MOV#f00250,IMG (37).MOV,train,1,50_50,yellow_dye_50_50_d1,cycling,SVI_colored,100.6225466051732,112.2420036119942,22.01561963611397,33.70206271735399,208.1600023880953,112.2420036119942,3.37658448434642,19.478048558656027,19.636146129040792,98.44704398573111,16.33863008419845,1,frame,250
adulterated/ratio_50_50/IMG (37).MOV#f00260,IMG (37).MOV,train,1,50_50,yellow_dye_50_50_d1,cycling,SVI_colored,37.368994555638245,24.99315342133093,46.92955230895774,140.86499549567193,115.01283145979396,46.94100505268106,6.267695146304174,18.71521616185688,25.24553425453166,31.133586620187224,11.862349095080203,1,frame,260
adulterated/ratio_50_50/IMG (37).MOV#f00270,IMG (37).MOV,train,1,50_50,yellow_dye_50_50_d1,cycling,SVI_colored,168.84357015634276,87.1656520878686,20.668300019790223,15.808058579061944,224.57282406491197,168.84434593310905,19.163542923238428,24.821642227254543,5.426078721468306,103.90553730457154,7.121382789125545,1,frame,270
adulterated/ratio_50_50/IMG (37).MOV#f00280,IMG (37).MOV,train,1,50_50,yellow_dye_50_50_d1,cycling,SVI_colored,125.2219781789611,122.88962697094696,22.56036499348226,29.365663113158693,211.1753807967715,126.9229478045035,2.333732400244972,15.295835704831209,13.231430011958723,112.1036499348226,12.235167525145464,1,frame,280
adulterated/ratio_50_50/IMG (37).MOV#f00290,IMG (37).MOV,train,1,50_50,yellow_dye_50_50_d1,cycling,SVI_colored,51.95517225113603,29.22461044984984,44.63093759335839,162.4221685875564,119.51035393638264,55.61397191779745,11.109504900974336,13.175815546493634,22.087506956684688,37.70766049780657,11.327321624682687,1,frame,290
adulterated/ratio_50_50/IMG (37).MOV#f00300,IMG (37).MOV,train,1,50_50,yellow_dye_50_50_d1,cycling,SVI_colored,73.66053835886353,102.07966535307952,49.18479469904023,47.31146316659251,140.7931338587682,102.56867730248524,10.573631116603933,18.60451434977217,15.218870350889285,87.48507913303249,12.620761602367324,1,frame,300
adulterated/ratio_50_50/IMG (37).MOV#f00310,IMG (37).MOV,train,1,50_50,yellow_dye_50_50_d1,cycling,SVI_colored,157.49413997889133,132.3749625872308,23.92307934657614,24.41599061136403,217.07870071359932,157.87271782108033,2.000587601061741,14.658479774649388,8.91935973177624,127.45311983113058,11.053461449370484,1,frame,310
adulterated/ratio_50_50/IMG (37).MOV#f00320,IMG (37).MOV,train,1,50_50,yellow_dye_50_50_d1,cycling,SVI_colored,111.89974617300972,53.3179731444777,21.344750325117904,18.994743274368176,210.7856493740501,112.02467762405402,33.99812982622539,27.32610066656277,7.10021924595842,67.11577331056202,7.701656067449821,1,frame,320
adulterated/ratio_50_50/IMG (37).MOV#f00330,IMG (37).MOV,train,1,50_50,yellow_dye_50_50_d1,cycling,SVI_colored,74.34537527250077,103.85076140510584,48.99274129794217,47.37468158333933,142.44774772616566,104.2753435705787,10.187968425150691,18.611358189998764,14.0892528587663,88.70692092087296,11.783407676947682,1,frame,330
adulterated/ratio_50_50/IMG (37).MOV#f00340,IMG (37).MOV,train,1,50_50,yellow_dye_50_50_d1,cycling,SVI_colored,182.06321289892003,147.69232344375683,26.777909234316223,23.471931501031428,218.1194712413542,182.17152044654776,1.7900981001120566,18.159505714893196,7.914128192759223,144.12587216357238,12.08392588782448,1,frame,340
adulterated/ratio_50_50/IMG (37).MOV#f00350,IMG (37).MOV,train,1,50_50,yellow_dye_50_50_d1,cycling,SVI_colored,164.67785528432384,89.78492057020438,18.0836403531531,14.580916092780525,227.74570604674608,164.67785528432384,1.137418051069621,24.44176117629292,7.02165815021341,103.91232700020016,9.982222796106058,1,frame,350
adulterated/ratio_50_50/IMG (39).MOV#f00000,IMG (39).MOV,train,1,50_50,yellow_dye_50_50_d1,cycling,SVI_colored,13.277100935701627,4.9707941017117925,20.281691584542617,137.5178207962982,199.62151674451977,20.30255817018348,5.474911277716175,41.908759474002586,8.92075061448246,9.131935394122213,5.433015390854646,1,frame,0
adulterated/ratio_50_50/IMG (39).MOV#f00010,IMG (39).MOV,train,1,50_50,yellow_dye_50_50_d1,cycling,SVI_colored,42.092320443528166,42.30897921658216,24.130230679222155,33.227538028639884,132.63782247729426,45.39072686242826,23.49530123422128,40.08540403228898,22.19995949245028,40.11314565108375,17.31804831330198,1,frame,10
adulterated/ratio_50_50/IMG (39).MOV#f00020,IMG (39).MOV,train,1,50_50,yellow_dye_50_50_d1,cycling,SVI_colored,62.78400296981639,63.74782974956453,13.079949456009595,29.998136725777435,208.62586024729436,65.02021045718038,3.405402388131793,26.89510785639782,24.497673861340516,57.62403980696193,22.194666020267917,1,frame,20
adulterated/ratio_50_50/IMG (39).MOV#f00030,IMG (39).MOV,train,1,50_50,yellow_dye_50_50_d1,cycling,SVI_colored,22.829966057863263,9.14419530687512,20.252641168432344,154.83203050384236,168.71282895220182,24.23024082754162,15.79411677120326,35.69139738289117,10.646071098029855,14.437971112449858,7.282480414701505,1,frame,30
adulterated/ratio_50_50/IMG (39).MOV#f00040,IMG (39).MOV,train,1,50_50,yellow_dye_50_50_d1,cycling,SVI_colored,37.97549594055029,55.93735044594301,30.927484263930893,54.22817124772818,126.8060165465556,56.866125874518445,13.281812373139989,32.81393951111024,25.451025645963703,47.64551215028034,19.95914401801422,1,frame,40
adulterated/ratio_50_50/IMG (39).MOV#f00050,IMG (39).MOV,train,1,50_50,yellow_dye_50_50_d1,cycling,SVI_colored,84.58164946228824,70.2248390461461,13.82209833471208,23.630018343344243,217.26662590367943,85.08032946084955,3.070507554420361,23.89620858508293,26.196454555465284,68.02780275509836,23.75409751629828,1,frame,50
adulterated/ratio_50_50/IMG (39).MOV#f00060,IMG (39).MOV,train,1,50_50,yellow_dye_50_50_d1,cycling,SVI_colored,52.5232366966471,23.388027168373988,8.052119832466653,14.67288593300154,219.53314586262564,52.5358314549066,27.77243221376303,27.55621031914256,19.46945226639756,30.28989518006859,13.927751431912403,1,frame,60
adulterated/ratio_50_50/IMG (39).MOV#f00070,IMG (39).MOV,train,1,50_50,yellow_dye_50_50_d1,cycling,SVI_colored,36.60692766844046,52.87061125658136,32.313110623081904,56.55703606723541,115.5239181237154,54.07000168933187,14.840123392417857,31.481886397497117,25.417633202269005,45.59299068051919,19.41366296119584,1,frame,70
adulterated/ratio_50_50/IMG (39).MOV#f00080,IMG (39).MOV,train,1,50_50,yellow_dye_50_50_d1,cycling,SVI_colored,104.13094649172676,76.65513855150365,15.732340497796024,20.459276268671044,219.44922731602148,104.2106735973183,2.3796110861530364,23.032465657621252,28.3349051898462,77.86214992948752,24.9499176192657,1,frame,80
adulterated/ratio_50_50/IMG (39).MOV#f00090,IMG (39).MOV,train,1,50_50,yellow_dye_50_50_d1,cycling,SVI_colored,86.75510886104752,41.30847281673516,9.996046587693227,11.91864218774442,229.01968884654215,86.75510886104752,4.618564894236922,25.389730932979603,27.380469111556867,51.26955730314709,19.95831722767872,1,frame,90
adulterated/ratio_50_50/IMG (39).MOV#f00100,IMG (39).MOV,train,1,50_50,yellow_dye_50_50_d1,cycling,SVI_colored,18.18392202810511,23.57814727195385,30.70026194616297,104.66379844324872,109.5273028500638,31.100688821391525,12.913390131086016,35.14308730908582,10.98595901027453,22.720031045471167,9.74996408338954,1,frame,100
adulterated/ratio_50_50/IMG (40).MOV#f00000,IMG (40).MOV,train,1,50_50,yellow_dye_50_50_d1,cycling,SVI_colored,13.282751603174138,4.975981669643642,20.295540394131944,137.51595121665545,199.61817369915963,20.31640361922052,5.476457183197744,41.90700334360044,9.01005038260389,9.13821703610436,5.463949403428646,1,frame,0
adulterated/ratio_50_50/IMG (40).MOV#f00010,IMG (40).MOV,train,1,50_50,yellow_dye_50_50_d1,cycling,SVI_colored,42.083776271517046,42.29467289914942,24.099526990783637,33.21297954008736,132.63695323548058,45.36402204125421,23.47351184098645,40.08851612484862,22.11426456162576,40.09869800555908,17.285292002040297,1,frame,10
adulterated/ratio_50_50/IMG (40).MOV#f00020,IMG (40).MOV,train,1,50_50,yellow_dye_50_50_d1,cycling,SVI_colored,62.78400296981639,63.74782974956453,13.079949456009595,29.998136725777435,208.62586024729436,65.02021045718038,3.405402388131793,26.89510785639782,24.497673861340516,57.62403980696193,22.194666020267917,1,frame,20
adulterated/ratio_50_50/IMG (40).MOV#f00030,IMG (40).MOV,train,1,50_50,yellow_dye_50_50_d1,cycling,SVI_colored,22.829265425477203,9.143248644438891,20.24940854921899,154.83372518478245,168.7128267673725,24.22724200255683,15.793027488101256,35.692372036071696,10.638937506046869,14.436835995474116,7.281151064465837,1,frame,30
adulterated/ratio_50_50/IMG (40).MOV#f00040,IMG (40).MOV,train,1,50_50,yellow_dye_50_50_d1,cycling,SVI_colored,37.99074444421054,55.9572518226919,30.952634570448183,54.22720670273456,126.80025121220416,56.89277870169603,13.280879499076129,32.81412094967153,25.546686805430287,47.66457557066571,20.014696018981407,1,frame,40
adulterated/ratio_50_50/IMG (40).MOV#f00050,IMG (40).MOV,train,1,50_50,yellow_dye_50_50_d1,cycling,SVI_colored,84.62627902966199,70.26521183030582,13.824341802713269,23.63130892159117,217.27443808921592,85.12512934007817,3.069779951974445,23.884564718259263,26.22003279628785,68.06508680156358,23.771248020175666,1,frame,50
adulterated/ratio_50_50/IMG (40).MOV#f00060,IMG (40).MOV,train,1,50_50,yellow_dye_50_50_d1,cycling,SVI_colored,52.5232366966471,23.388027168373988,8.052119832466653,14.67288593300154,219.53314586262564,52.5358314549066,27.77243221376303,27.55621031914256,19.46945226639756,30.28989518006859,13.927751431912403,1,frame,60
extra_new_pure_jpg/vids_good/Img 4949.mp4#f00050,Img 4949.mp4,train,0,100_0,pure_new_01,ambient,ambient,152.3004565189631,119.94686183118375,47.22004692887243,20.4481228451028,178.46668688545523,152.3004565189631,2.4602879595808727,36.11614571469105,24.78962645016558,121.32237262163196,26.742116154895484,1,frame,50
extra_new_pure_jpg/vids_good/Img 4949.mp4#f00100,Img 4949.mp4,train,0,100_0,pure_new_01,ambient,ambient,153.86433571051242,122.51839012150026,51.708193013734814,20.48395404120444,171.39220978605388,153.86453380876915,2.2083641193123555,33.95024315909838,24.161228495971415,123.78939679080824,25.97052466240785,1,frame,100
extra_new_pure_jpg/vids_good/Img 4949.mp4#f00150,Img 4949.mp4,train,0,100_0,pure_new_01,ambient,ambient,153.89581962358514,122.11985884443274,51.65461305606738,20.392850092129507,171.1236180573835,153.89581962358514,2.2975050438094686,30.94672372583143,22.96797621312704,123.56372565148725,24.50457017727635,1,frame,150
extra_new_pure_jpg/vids_good/Img 4949.mp4#f00300,Img 4949.mp4,train,0,100_0,pure_new_01,ambient,ambient,157.42678220069624,125.5170652338429,51.511786741334944,20.73654835780233,173.30584985621311,157.42678220069624,2.0371829065743605,30.33909707118451,21.8302409270463,126.6039049492962,23.83490072766171,1,frame,300
extra_new_pure_jpg/vids_good/Img 4949.mp4#f00400,Img 4949.mp4,train,0,100_0,pure_new_01,ambient,ambient,153.8641005095332,120.79449169953978,46.77340154503616,20.59517792570677,178.93437705456935,153.86414160092045,1.8225605147106323,25.772555436886275,20.25839619055142,122.2352892833662,21.72564631541023,1,frame,400
extra_new_pure_jpg/vids_good/Img 4949.mp4#f00550,Img 4949.mp4,train,0,100_0,pure_new_01,ambient,ambient,156.5893806807194,124.61539112357376,50.89536598336879,20.888851286018177,174.5704530071553,156.5893806807194,1.5306996564131348,31.20890439002073,17.85621079745234,125.7686496809128,21.409525472000997,1,frame,550
extra_new_pure_jpg/vids_good/Img 4949.mp4#f00700,Img 4949.mp4,train,0,100_0,pure_new_01,ambient,ambient,153.69634016973126,121.0666675085876,45.82065821378056,20.90710244493837,180.64435997171145,153.69634016973126,1.3343799618604717,24.739779730545795,16.038243083409437,122.24119771671045,18.431695500691603,1,frame,700
extra_new_pure_jpg/vids_good/Img 4949.mp4#f00750,Img 4949.mp4,train,0,100_0,pure_new_01,ambient,ambient,152.89062190532778,120.18964151317093,44.43756189344425,20.937561893444247,182.58433600713013,152.89062190532778,1.311207262573122,25.223153735958405,16.23317170872467,121.3204099821747,18.517938564356168,1,frame,750
extra_new_pure_jpg/vids_good/Img 4949.mp4#f00850,Img 4949.mp4,train,0,100_0,pure_new_01,ambient,ambient,147.21467911877394,113.3566157262278,42.67610370950888,20.23876698014629,182.80510928248,147.21467911877394,1.4804631848735168,24.27566434192485,19.036874519528418,115.41569792755138,20.373308480826164,1,frame,850
extra_new_pure_jpg/vids_good/Img 4949.mp4#f01000,Img 4949.mp4,train,0,100_0,pure_new_01,ambient,ambient,142.47707764048948,108.29441160746109,43.96923636687656,19.52548413924201,178.46385291671618,142.47707764048948,1.637713557694829,27.52757131959025,21.25251720700924,111.17869341808245,22.535614419016586,1,frame,1000
extra_new_pure_jpg/vids_good/Img 4949.mp4#f01050,Img 4949.mp4,train,0,100_0,pure_new_01,ambient,ambient,138.91576643165794,102.47728564930634,33.27191835342279,19.479638105526494,194.67153741187167,138.91576643165794,1.621337704012196,19.23667198911984,20.36726339869036,105.48266573800318,19.31928688243221,1,frame,1050
extra_new_pure_jpg/vids_good/Img 4949.mp4#f01150,Img 4949.mp4,train,0,100_0,pure_new_01,ambient,ambient,132.14153682719547,95.63962464589235,28.267699480642115,19.310210103871576,201.96116619452317,132.14153682719547,1.4547850462962508,22.84313869251646,21.59076680955897,98.85588999055712,20.616422605059075,1,frame,1150
extra_new_pure_jpg/vids_good/Img 4949.mp4#f01200,Img 4949.mp4,train,0,100_0,pure_new_01,ambient,ambient,133.648287542341,98.99658135742064,36.24737329067871,19.17201417638941,188.13993695897628,133.648287542341,1.614737245544549,26.978808637330346,23.68091931379513,102.183524651863,23.413002311790372,1,frame,1200
extra_new_pure_jpg/vids_good/Img 4949.mp4#f01300,Img 4949.mp4,train,0,100_0,pure_new_01,ambient,ambient,143.91306511231164,108.96627096957634,42.147720002843336,19.64476116007961,182.74327374182545,143.91306511231164,1.4825588690572145,28.368459723966485,20.80302237368495,111.80210406596532,22.396596910030485,1,frame,1300
extra_new_pure_jpg/vids_good/Img 4949.mp4#f01350,Img 4949.mp4,train,0,100_0,pure_new_01,ambient,ambient,145.90694463042314,111.02524939742904,42.76597649973219,19.788957886984463,182.64983931440813,145.90694463042314,1.4750682870612355,28.40541224966238,20.376496579623648,113.67861207820032,22.04486785983177,1,frame,1350
extra_new_pure_jpg/vids_good/Img 4949.mp4#f01450,Img 4949.mp4,train,0,100_0,pure_new_01,ambient,ambient,145.28536172613173,110.70568326047102,40.84568467070935,20.05588069383726,185.5764084755324,145.28536172613173,1.2550339913438315,28.111391177058145,18.06107309993646,113.08856296714144,20.01223274699863,1,frame,1450
extra_new_pure_jpg/vids_good/Img 4949.mp4#f01600,Img 4949.mp4,train,0,100_0,pure_new_01,ambient,ambient,154.31696428571428,122.31895222100356,46.88777591170825,21.0429462571977,178.99946874143131,154.31696428571428,1.275429414987307,25.048695029792555,15.276753025788114,123.27449787496572,17.396557514785137,1,frame,1600
extra_new_pure_jpg/vids_good/Img 4949.mp4#f01800,Img 4949.mp4,train,0,100_0,pure_new_01,ambient,ambient,136.66151850663243,103.85284285408645,33.45852053915276,20.333059210526315,195.19284205177576,136.66151850663243,1.3942679228450632,31.788118340738908,21.927399957020416,105.61856814291828,22.306426942263297,1,frame,1800
extra_new_pure_jpg/vids_good/Img 4950.mp4#f00000,Img 4950.mp4,train,0,100_0,pure_new_01,cycling,SVI_colored,118.0948440842058,116.37825059101657,19.873459135427225,29.400153382866147,213.7909349318924,118.88241585050096,1.111751788829575,13.677425275940095,25.60579831583424,105.7801699876168,23.38182825850117,1,frame,0
extra_new_pure_jpg/vids_good/Img 4950.mp4#f00050,Img 4950.mp4,train,0,100_0,pure_new_01,cycling,SVI_colored,43.092256313921936,38.713499269463576,82.5708620329785,123.79132748904196,137.30426841995407,82.5708620329785,2.6598697422909363,20.666516722061665,29.370374902331918,45.043832185347526,16.647919190305856,1,frame,50
extra_new_pure_jpg/vids_good/Img 4950.mp4#f00200,Img 4950.mp4,train,0,100_0,pure_new_01,cycling,SVI_colored,133.6546019349943,82.43157170861262,17.74826103452637,16.57860123940812,222.68604559251293,133.6546019349943,1.506400464230075,17.072148121144203,23.037164956697158,90.30952004552928,20.86129034182717,1,frame,200
extra_new_pure_jpg/vids_good/Img 4950.mp4#f00300,Img 4950.mp4,train,0,100_0,pure_new_01,cycling,SVI_colored,70.41400210226502,47.45099518513495,71.00294147565441,151.3475179709752,93.1443611826936,74.22659534789095,8.695543741174658,19.206049418584577,21.369746791138247,56.87456767937068,16.04732447996052,1,frame,300
extra_new_pure_jpg/vids_good/Img 4950.mp4#f00450,Img 4950.mp4,train,0,100_0,pure_new_01,cycling,SVI_colored,124.94785046168606,128.73439561098454,25.86392253267778,31.01047787504497,207.4414722988368,129.08608646120638,1.6579945284282065,22.015242241978637,31.034563812934103,115.85157842666986,28.04887147296765,1,frame,450
extra_new_pure_jpg/vids_good/Img 4950.mp4#f00550,Img 4950.mp4,train,0,100_0,pure_new_01,cycling,SVI_colored,87.95045295613477,99.10890813731724,17.032173792116975,34.15810751748252,211.94101636999363,99.10890813731724,1.1449518242240988,13.359568292259633,17.28529916375104,86.39175739033693,15.422742266658844,1,frame,550
extra_new_pure_jpg/vids_good/Img 4950.mp4#f00700,Img 4950.mp4,train,0,100_0,pure_new_01,cycling,SVI_colored,118.2990050167224,64.37425585284281,36.06409698996656,15.00071906354515,180.8898411371237,118.30134615384615,27.65722853889824,27.531350578758055,23.499579122266336,77.23373745819399,21.409455618430847,1,frame,700
extra_new_pure_jpg/vids_good/Img 4950.mp4#f00750,Img 4950.mp4,train,0,100_0,pure_new_01,cycling,SVI_colored,51.80448156330946,39.76977944537559,87.76795101325614,127.9854868200518,141.68226230382447,87.76795101325614,2.382428681153896,25.06934988868476,24.36248959346871,48.72524950479964,17.466714326885526,1,frame,750
extra_new_pure_jpg/vids_good/Img 4950.mp4#f00800,Img 4950.mp4,train,0,100_0,pure_new_01,cycling,SVI_colored,134.11871818032515,123.4822836262112,21.892182624404665,27.09520241418952,215.12064788963704,134.39659632123502,1.3488771295707451,15.358225863229366,24.32703665692961,115.00273033338809,23.56716109791708,1,frame,800
extra_new_pure_jpg/vids_good/Img 4950.mp4#f00850,Img 4950.mp4,train,0,100_0,pure_new_01,cycling,SVI_colored,37.23907961246841,35.007108256107834,107.10795071609098,120.96137320977252,175.27358887952823,107.10795071609098,1.5405441553494523,21.95155839031897,22.77699672000417,43.826274220724514,16.480603418111112,1,frame,850
extra_new_pure_jpg/vids_good/Img 4950.mp4#f01050,Img 4950.mp4,train,0,100_0,pure_new_01,cycling,SVI_colored,121.7271369485294,64.80438460895722,55.46928267045455,31.16519050802139,144.42567680481284,121.74727398061498,60.714474754512864,19.86567923220283,22.098597920315022,80.71715198863636,20.469668891129977,1,frame,1050
extra_new_pure_jpg/vids_good/Img 4950.mp4#f01150,Img 4950.mp4,train,0,100_0,pure_new_01,cycling,SVI_colored,139.5526693455798,131.0169550598655,23.320977529932755,27.75401836969001,213.69120059045432,139.74206577005086,1.0600290000970929,14.566321706199394,22.51725138647936,121.2555765130392,21.62184691573908,1,frame,1150
extra_new_pure_jpg/vids_good/Img 4950.mp4#f01250,Img 4950.mp4,train,0,100_0,pure_new_01,cycling,SVI_colored,90.33659244011976,120.15882297904191,22.005902257984037,39.20647766966068,210.4771940494012,120.15882297904191,1.3291497480606989,17.94383383652693,24.64139903635573,100.03485996756488,21.93903856060696,1,frame,1250
extra_new_pure_jpg/vids_good/Img 4950.mp4#f01350,Img 4950.mp4,train,0,100_0,pure_new_01,cycling,SVI_colored,116.21184071109018,88.89099658582529,18.308350011773012,21.555524487873797,215.8323375323758,116.21184071109018,1.21174391603054,15.874989836039584,19.465970271256,88.9750044148811,17.864673108734575,1,frame,1350
extra_new_pure_jpg/vids_good/Img 4950.mp4#f01450,Img 4950.mp4,train,0,100_0,pure_new_01,cycling,SVI_colored,103.58088104814858,58.58105849994085,23.814585058559093,12.85987223470957,196.1995962971726,103.58088104814858,3.387578975049652,12.214671731309494,15.806858044070948,68.02078404116881,12.221675637048913,1,frame,1450
extra_new_pure_jpg/vids_good/Img 4950.mp4#f01500,Img 4950.mp4,train,0,100_0,pure_new_01,cycling,SVI_colored,120.83899162756464,68.29128714693164,23.453278820498667,13.63643159444291,205.9897759683504,120.83899162756464,3.625745300134988,13.883444168352288,17.826226659576548,78.86029073511823,14.828826279544062,1,frame,1500
extra_new_pure_jpg/vids_good/Img 4950.mp4#f01550,Img 4950.mp4,train,0,100_0,pure_new_01,cycling,SVI_colored,53.401147061003634,42.76288822177748,91.1117689570825,127.18393743977468,136.45390445482172,91.1117689570825,2.684501722006557,24.191562149191768,26.35040102174271,51.36325142687718,17.135208780614295,1,frame,1550
extra_new_pure_jpg/vids_good/Img 4950.mp4#f01600,Img 4950.mp4,train,0,100_0,pure_new_01,cycling,SVI_colored,152.21357622936873,141.15438361408883,25.7050844393398,27.261570529181554,213.7562425557257,152.7070678067041,1.6094816050288565,15.986211794509687,23.69231196833257,131.16627318359707,24.207573350603035,1,frame,1600
extra_new_pure_jpg/vids_good/Img 4950.mp4#f01700,Img 4950.mp4,train,0,100_0,pure_new_01,cycling,SVI_colored,94.84159617468124,122.463564672056,21.85897783148596,38.27355404617052,211.3004000333361,122.463564672056,1.197820166345654,15.023521944192067,24.964631738000666,102.69811025918828,21.80092357068591,1,frame,1700
extra_new_pure_jpg/vids_good/Img 4950.mp4#f01750,Img 4950.mp4,train,0,100_0,pure_new_01,cycling,SVI_colored,52.1412251430128,64.16024811586307,98.75145850358668,112.03507218741488,119.8033971215836,98.75145850358668,2.22624374373938,23.92395292398503,11.097988590334005,64.46581880504858,9.424918517894843,1,frame,1750
extra_new_pure_jpg/vids_good/Img 4973.mp4#f00050,Img 4973.mp4,train,0,100_0,pure_new_02,ambient,ambient,139.29233390339968,100.8300101057214,23.84283012023217,19.865846548507463,212.5491811774461,139.29233390339968,1.3356217151437073,17.938857420949773,20.183304506031757,103.500194340796,18.953727707572774,1,frame,50
extra_new_pure_jpg/vids_good/Img 4973.mp4#f00100,Img 4973.mp4,train,0,100_0,pure_new_02,ambient,ambient,140.48474388701518,102.16989881956157,24.34759037731872,19.968796110876895,212.0035571247892,140.48474388701518,1.3048040531246987,18.2681545191322,19.85674424785043,104.69647844645868,18.70425519355715,1,frame,100
extra_new_pure_jpg/vids_good/Img 4973.mp4#f00150,Img 4973.mp4,train,0,100_0,pure_new_02,ambient,ambient,142.81638340139057,104.31461759187728,24.753469539785897,20.09198074164,211.8557278446088,142.81638340139057,1.2888870000040034,17.670353156265154,18.716120501735336,106.70094360445869,17.81188995240077,1,frame,150
extra_new_pure_jpg/vids_good/Img 4973.mp4#f00300,Img 4973.mp4,train,0,100_0,pure_new_02,ambient,ambient,146.75135730383118,109.23166359352592,31.212943044458104,20.134379481663597,201.46359608686743,146.75135730383118,1.237782200256775,19.330346450349296,16.239402820169175,111.53679445810285,15.750690332251764,1,frame,300
extra_new_pure_jpg/vids_good/Img 4973.mp4#f00400,Img 4973.mp4,train,0,100_0,pure_new_02,ambient,ambient,148.94421882710972,114.02206880243462,40.3593210231946,20.06425810166146,187.52388345122557,148.94421882710972,1.6576500776909588,45.37023418692315,19.687340569870837,116.04058027636124,21.04409542924373,1,frame,400
extra_new_pure_jpg/vids_good/Img 4973.mp4#f00550,Img 4973.mp4,train,0,100_0,pure_new_02,ambient,ambient,147.27970753983678,108.72692382432956,29.173684657986787,20.06566993781578,205.5750340069957,147.27970753983678,1.2972648036281902,22.35576296998345,17.59717113843497,111.11778565876408,17.216884869085135,1,frame,550
extra_new_pure_jpg/vids_good/Img 4973.mp4#f00650,Img 4973.mp4,train,0,100_0,pure_new_02,ambient,ambient,148.4636703187251,109.42751494023904,28.119752241035854,20.127670567729083,207.70686005976097,148.4636703187251,1.3349253441083904,22.32965536492833,17.355984675570582,111.75408989043824,17.124177869610186,1,frame,650
extra_new_pure_jpg/vids_good/Img 4973.mp4#f00700,Img 4973.mp4,train,0,100_0,pure_new_02,ambient,ambient,149.5368020038568,112.36286891087448,35.859059277270056,19.90829630250692,196.0317976020793,149.5368020038568,1.7813229215359996,46.01567632876408,20.63989737288875,114.68486941393476,22.505864079367583,1,frame,700
extra_new_pure_jpg/vids_good/Img 4973.mp4#f00750,Img 4973.mp4,train,0,100_0,pure_new_02,ambient,ambient,147.82461552217453,108.08452764152872,26.56264050684652,20.014057071326384,210.40890047005928,147.82461552217453,1.494988862763877,22.945628804531424,19.27289990496558,110.59024371551196,18.91761055252048,1,frame,750
extra_new_pure_jpg/vids_good/Img 4973.mp4#f00850,Img 4973.mp4,train,0,100_0,pure_new_02,ambient,ambient,147.10267641664254,107.53898783666376,26.39253909643788,20.006425571966407,210.51479993242592,147.10267641664254,1.539054907559211,22.673689215513622,20.2891122443374,110.04343445313256,19.739693990651297,1,frame,850
extra_new_pure_jpg/vids_good/Img 4973.mp4#f01000,Img 4973.mp4,train,0,100_0,pure_new_02,ambient,ambient,145.81090502041573,108.1375800389755,35.39204018188567,19.487704157386787,196.03536794729027,145.81090502041573,1.8369719696158155,41.60563540101761,24.305598562385843,111.05319691907944,25.458922782497837,1,frame,1000
extra_new_pure_jpg/vids_good/Img 4973.mp4#f01050,Img 4973.mp4,train,0,100_0,pure_new_02,ambient,ambient,145.3663046345968,108.08477706446224,35.702686659044936,19.53508926215812,195.19300743118455,145.3663046345968,1.773345466946881,41.79017737493918,24.0750549076931,110.9210326708293,25.08860786567431,1,frame,1050
extra_new_pure_jpg/vids_good/Img 4973.mp4#f01150,Img 4973.mp4,train,0,100_0,pure_new_02,ambient,ambient,140.81364383757506,102.38640263082642,31.233990742064627,19.234897769516728,200.7950252001716,140.81364383757506,1.7515528804816087,35.05880575103614,23.94241411535731,105.71742743780383,24.13369709355897,1,frame,1150
extra_new_pure_jpg/vids_good/Img 4973.mp4#f01200,Img 4973.mp4,train,0,100_0,pure_new_02,ambient,ambient,140.31823043126374,102.31124985547464,32.07841947045901,19.21026997340733,199.0608957682969,140.31823043126374,1.8010844252571645,32.997334913528114,24.89954594939744,105.624783211932,24.677262140709704,1,frame,1200
extra_new_pure_jpg/vids_good/Img 4973.mp4#f01300,Img 4973.mp4,train,0,100_0,pure_new_02,ambient,ambient,140.37338222605695,102.45655483936456,31.37349642186469,19.33766114297315,200.46818060701412,140.37338222605695,1.7684361286591854,32.69454919377511,24.869385100914577,105.64564089224992,24.91907925781075,1,frame,1300
extra_new_pure_jpg/vids_good/Img 4973.mp4#f01350,Img 4973.mp4,train,0,100_0,pure_new_02,ambient,ambient,139.347638581767,101.8855318373706,32.597167428887325,19.236399386873053,198.36010214594432,139.347638581767,1.7526240228949077,34.530190607319945,26.12149089449248,105.1446753442557,26.17251151251801,1,frame,1350
extra_new_pure_jpg/vids_good/Img 4973.mp4#f01450,Img 4973.mp4,train,0,100_0,pure_new_02,ambient,ambient,141.17852062588904,103.58186640587957,32.18484397226174,19.46041888928402,199.52272626244667,141.17852062588904,1.6019990556694508,32.12830559556601,24.2107775586118,106.63401271337126,24.33859040907983,1,frame,1450
extra_new_pure_jpg/vids_good/Img 4973.mp4#f01600,Img 4973.mp4,train,0,100_0,pure_new_02,ambient,ambient,142.6231312967176,104.47501624959376,30.93420133246669,19.595198245043875,202.2444060773481,142.6231312967176,1.4472120895024752,31.25584266454802,22.42855046715757,107.44984156646083,22.64030467404877,1,frame,1600
extra_new_pure_jpg/vids_good/Img 4973.mp4#f01800,Img 4973.mp4,train,0,100_0,pure_new_02,ambient,ambient,149.86499788721574,111.17519303165336,32.394639290104486,19.96181622618316,202.2611401352182,149.86499788721574,1.4416375454912884,36.14399744596223,19.821754089717167,113.68713986631838,21.44154029514943,1,frame,1800
extra_new_pure_jpg/vids_good/Img 4974.mp4#f00000,Img 4974.mp4,train,0,100_0,pure_new_02,cycling,SVI_colored,36.738921469030906,39.33021256618643,101.3712019763576,118.8272226326807,162.17996936953577,101.3712019763576,0.9089470828755984,10.916249544227895,14.500970073967425,45.5975749599803,6.475076001252861,1,frame,0
extra_new_pure_jpg/vids_good/Img 4974.mp4#f00050,Img 4974.mp4,train,0,100_0,pure_new_02,cycling,SVI_colored,117.68681411787487,130.3192297140275,21.80168323542702,33.49113194758247,212.67902330385385,130.3192297140275,0.6334821049230256,8.168366494903028,18.48300549875561,114.09096410819186,16.296331625644328,1,frame,50
extra_new_pure_jpg/vids_good/Img 4974.mp4#f00200,Img 4974.mp4,train,0,100_0,pure_new_02,cycling,SVI_colored,72.92321004746836,115.84570883033106,110.27852285175268,86.03884189386562,98.03735850778968,118.46007409323272,7.27868013220593,10.02235342889957,13.036627082877516,102.34453733568648,11.97105519247774,1,frame,200
extra_new_pure_jpg/vids_good/Img 4974.mp4#f00300,Img 4974.mp4,train,0,100_0,pure_new_02,cycling,SVI_colored,68.5596934972983,98.3592711632818,94.63183187379666,85.90809577044904,82.2421976895845,101.2723045152475,9.40340671272262,13.34297506297347,12.042022641183957,88.99781845848084,11.390333999173022,1,frame,300
extra_new_pure_jpg/vids_good/Img 4974.mp4#f00450,Img 4974.mp4,train,0,100_0,pure_new_02,cycling,SVI_colored,51.31291605325482,42.16076857837803,95.57064504256545,125.18378352429112,142.04772610894196,95.57064504256545,1.2261959039218813,20.09429308108967,13.304773432579497,50.97938536132625,8.386034388456888,1,frame,450
extra_new_pure_jpg/vids_good/Img 4974.mp4#f00550,Img 4974.mp4,train,0,100_0,pure_new_02,cycling,SVI_colored,38.266202808026094,39.92422337073683,115.54588607594935,119.3599441711348,172.15669393621138,115.54588607594935,1.2170000555171203,13.455930464503083,17.85623181365565,48.00771792604057,10.363206835019708,1,frame,550
extra_new_pure_jpg/vids_good/Img 4974.mp4#f00700,Img 4974.mp4,train,0,100_0,pure_new_02,cycling,SVI_colored,99.2052020260829,137.5474470190964,24.953755239869587,40.24607883092688,210.463582906381,137.5474470190964,1.423537518126473,17.027312919340517,23.28708126831184,113.19597985561248,20.431597959529395,1,frame,700
extra_new_pure_jpg/vids_good/Img 4974.mp4#f00750,Img 4974.mp4,train,0,100_0,pure_new_02,cycling,SVI_colored,54.72815547128928,76.84344528710726,114.55356175514626,108.40878927410616,131.38875609425784,114.55356175514626,2.858536510643197,20.932407864551877,17.60574465615884,74.48057963163598,9.584226084685122,1,frame,750
extra_new_pure_jpg/vids_good/Img 4974.mp4#f00850,Img 4974.mp4,train,0,100_0,pure_new_02,cycling,SVI_colored,73.33245965037779,115.40769325345374,100.87656480529353,79.44223633030805,94.82281094916618,116.71462981177628,8.774655162778696,9.895468330055056,17.018926426123556,101.1503163142129,14.186821321772609,1,frame,850
extra_new_pure_jpg/vids_good/Img 4974.mp4#f00900,Img 4974.mp4,train,0,100_0,pure_new_02,cycling,SVI_colored,136.2472308847309,83.95290194040194,19.557718295218294,16.40444097944098,218.62261203511204,136.2472308847309,1.4764783651343116,12.734577127778293,15.534372246086397,92.18115904365904,13.63509838659506,1,frame,900
extra_new_pure_jpg/vids_good/Img 4974.mp4#f01000,Img 4974.mp4,train,0,100_0,pure_new_02,cycling,SVI_colored,79.17369518886319,55.44564231623816,79.16390060309254,152.28733052192445,86.67951072416452,83.93407926359225,12.879152611580238,17.356348709246678,21.36137611871666,65.14072915249626,15.004477553992478,1,frame,1000
extra_new_pure_jpg/vids_good/Img 4974.mp4#f01100,Img 4974.mp4,train,0,100_0,pure_new_02,cycling,SVI_colored,56.6684364766741,46.8385280717574,90.3148343695126,127.48514546058564,122.56131650135256,90.3148343695126,2.661628731010392,23.65543153551473,23.78200797622606,54.688238574343885,14.79703961086595,1,frame,1100
extra_new_pure_jpg/vids_good/Img 4974.mp4#f01150,Img 4974.mp4,train,0,100_0,pure_new_02,cycling,SVI_colored,159.0678070963161,151.68448490101076,27.9273609138752,28.256223373151784,212.0050904268649,159.75216930498706,1.5078882706943235,17.842674523438752,21.21518808099697,139.68695180018378,21.603775730992805,1,frame,1150
extra_new_pure_jpg/vids_good/Img 4974.mp4#f01400,Img 4974.mp4,train,0,100_0,pure_new_02,cycling,SVI_colored,43.51004956573144,53.85379246055204,96.2837865490428,113.87557409849484,139.16757707698605,96.2837865490428,1.8913256971937853,21.651137467844997,15.086677490773496,55.53279750807148,10.295830482033926,1,frame,1400
extra_new_pure_jpg/vids_good/Img 4974.mp4#f01500,Img 4974.mp4,train,0,100_0,pure_new_02,cycling,SVI_colored,76.20179096252755,117.6491366642175,91.7457751653196,71.27513776634828,91.18613611315207,117.95525349008082,9.05766625272494,7.297401146091933,18.43371143967632,102.26365723732548,16.112665925601895,1,frame,1500
extra_new_pure_jpg/vids_good/Img 4974.mp4#f01550,Img 4974.mp4,train,0,100_0,pure_new_02,cycling,SVI_colored,135.50252192982455,90.24658575317603,17.852440638233514,18.401364942528737,222.3182584694495,135.50252192982455,1.3117792972107372,14.092088567187696,18.081212290461707,95.51466462492438,16.925634596238215,1,frame,1550
extra_new_pure_jpg/vids_good/Img 4974.mp4#f01650,Img 4974.mp4,train,0,100_0,pure_new_02,cycling,SVI_colored,135.10281113537118,100.80703966521106,17.3875673216885,21.20467248908297,222.37921397379912,135.10281113537118,1.0525328163139722,6.967436963419367,14.402862381845685,101.55720160116448,12.888808835105236,1,frame,1650
extra_new_pure_jpg/vids_good/Img 4974.mp4#f01700,Img 4974.mp4,train,0,100_0,pure_new_02,cycling,SVI_colored,76.77449216506032,115.27224221293164,82.92693838960874,65.01336407736005,90.11694565009256,115.36779337141763,9.25178664186849,10.952207042307768,13.109845655009597,100.00316549115976,11.440573083093904,1,frame,1700
extra_new_pure_jpg/vids_good/Img 4974.mp4#f01750,Img 4974.mp4,train,0,100_0,pure_new_02,cycling,SVI_colored,144.00838448953863,90.84564021553147,18.174832272686334,17.206964998649177,223.15281384144328,144.00838448953863,1.295804624647196,10.915899286478323,14.141333619263143,98.38588163779906,13.281166363133089,1,frame,1750
extra_new_pure_jpg/vids_good/Img 4974.mp4#f01800,Img 4974.mp4,train,0,100_0,pure_new_02,cycling,SVI_colored,100.3371821571328,84.80360921702328,69.88889355412985,30.579305364280675,83.37622392596822,101.25847301064796,44.33453949948714,27.727456567469183,17.819679721056286,87.72367404521178,15.401857487059551,1,frame,1800
extra_new_pure_jpg/vids_good/Img 4995.mp4#f00050,Img 4995.mp4,train,0,100_0,pure_new_03,ambient,ambient,154.9264511458071,116.71875786955428,26.77002539242844,20.88922815411735,213.20019096785023,154.9264511458071,1.6377141351867155,35.84709958665768,20.914813539937064,117.81804016620498,22.962927570231923,1,frame,50
extra_new_pure_jpg/vids_good/Img 4995.mp4#f00100,Img 4995.mp4,train,0,100_0,pure_new_03,ambient,ambient,152.96347682871422,114.59139595638348,25.363221263062243,20.82481826442526,214.7852907769196,152.96347682871422,1.5689194014609793,34.08435601871875,20.32767970628995,115.81471490231714,22.13785057207297,1,frame,100
extra_new_pure_jpg/vids_good/Img 4995.mp4#f00150,Img 4995.mp4,train,0,100_0,pure_new_03,ambient,ambient,153.71378145727664,114.73243635388216,25.97434646898166,20.69933915333593,214.0500999804916,153.71378145727664,1.534391650556178,36.121967573715565,19.53283388242424,116.20955667186892,21.756160344655488,1,frame,150
extra_new_pure_jpg/vids_good/Img 4995.mp4#f00300,Img 4995.mp4,train,0,100_0,pure_new_03,ambient,ambient,153.33224642961235,114.85597614883902,26.26196201301856,20.76083867677062,213.5230253570388,153.33224642961235,1.58056489096092,36.339919672158274,20.47412686736485,116.18284878072475,22.370927819592914,1,frame,300
extra_new_pure_jpg/vids_good/Img 4995.mp4#f00400,Img 4995.mp4,train,0,100_0,pure_new_03,ambient,ambient,154.70165820064472,115.9469449057341,27.932823336915117,20.669843459998045,211.7047596952232,154.70165820064472,1.6494659858282266,38.86675303973184,21.283110668592744,117.43106500928006,23.70276515190403,1,frame,400
extra_new_pure_jpg/vids_good/Img 4995.mp4#f00550,Img 4995.mp4,train,0,100_0,pure_new_03,ambient,ambient,157.28792836744407,118.43792836744409,30.88309733460257,20.59108162779629,208.22201927653495,157.28792836744407,1.7290454005446514,43.84758945826912,22.03421017002557,120.01271418372204,25.312907065352555,1,frame,550
extra_new_pure_jpg/vids_good/Img 4995.mp4#f00650,Img 4995.mp4,train,0,100_0,pure_new_03,ambient,ambient,155.1578994721689,115.34904630518234,29.4572216890595,20.31439539347409,209.76350167946256,155.1578994721689,1.7444569655627704,41.77844880121044,22.47937718467341,117.4068018234165,25.161506609653483,1,frame,650
extra_new_pure_jpg/vids_good/Img 4995.mp4#f00700,Img 4995.mp4,train,0,100_0,pure_new_03,ambient,ambient,154.1244666503188,114.13219102501226,28.21540583619421,20.28778813143698,211.32927905836195,154.12451569396762,1.796460053036076,40.42381940274261,22.509652439092942,116.24046714075529,24.976043042667413,1,frame,700
extra_new_pure_jpg/vids_good/Img 4995.mp4#f00750,Img 4995.mp4,train,0,100_0,pure_new_03,ambient,ambient,151.57733348968105,111.0001237752762,26.55659135918282,20.098525119866583,213.31389410047947,151.57733348968105,1.699477507734665,37.36505873027175,22.98397046896468,113.45454190118824,24.834696982900866,1,frame,750
extra_new_pure_jpg/vids_good/Img 4995.mp4#f00850,Img 4995.mp4,train,0,100_0,pure_new_03,ambient,ambient,151.07307092155182,109.76833465916044,24.458894260188472,20.042360176233014,216.1738159344021,151.07307092155182,1.768124774018376,30.045998499186872,23.070280897230937,112.33984518418798,23.95431311228635,1,frame,850
extra_new_pure_jpg/vids_good/Img 4995.mp4#f01000,Img 4995.mp4,train,0,100_0,pure_new_03,ambient,ambient,147.6839480722086,107.39787162915088,27.124679630042344,19.75200579451749,212.08727295520396,147.6839480722086,1.910850566655505,38.86775545097492,26.77566435312345,110.24172609761531,28.2439852020946,1,frame,1000
extra_new_pure_jpg/vids_good/Img 4995.mp4#f01050,Img 4995.mp4,train,0,100_0,pure_new_03,ambient,ambient,146.71392781796263,106.3250138135423,27.764410036166364,19.585876280892105,211.19759016475788,146.71392781796263,1.90150704488731,41.720106405069,27.099163462103483,109.3985081374322,28.916725889195654,1,frame,1050
extra_new_pure_jpg/vids_good/Img 4995.mp4#f01150,Img 4995.mp4,train,0,100_0,pure_new_03,ambient,ambient,146.5079125974375,105.4853563748768,26.801518681121763,19.516928366633813,212.4323369321745,146.5079125974375,1.8063517632663904,39.05757632187108,26.43497125990376,108.74016105187708,28.055521551345468,1,frame,1150
extra_new_pure_jpg/vids_good/Img 4995.mp4#f01200,Img 4995.mp4,train,0,100_0,pure_new_03,ambient,ambient,145.35782882606023,103.63702366318375,22.18535428922645,19.627046931249453,218.34366493985425,145.35782882606023,1.8337667526698715,27.675806416711623,24.752915738983173,106.78587891825444,24.72843187959768,1,frame,1200
extra_new_pure_jpg/vids_good/Img 4995.mp4#f01300,Img 4995.mp4,train,0,100_0,pure_new_03,ambient,ambient,139.3846991630077,98.5662990532382,24.112762417672887,19.14154260428101,214.95270478869372,139.3846991630077,1.8509221474722288,36.50525351635862,27.742193553095365,102.24367110318332,28.19742083581292,1,frame,1300
extra_new_pure_jpg/vids_good/Img 4995.mp4#f01350,Img 4995.mp4,train,0,100_0,pure_new_03,ambient,ambient,142.05243666066733,100.44638654298768,23.490075107296136,19.29914855323273,215.99909577045548,142.05243666066733,1.636900338930421,34.04318998184721,24.58037808485128,104.07762962065624,25.24495425496349,1,frame,1350
extra_new_pure_jpg/vids_good/Img 4995.mp4#f01450,Img 4995.mp4,train,0,100_0,pure_new_03,ambient,ambient,155.365532527008,113.65670991858462,25.941673516517927,20.210603569751058,215.0610126037263,155.365532527008,1.5799915806427345,32.92762870383257,21.3200243890228,116.09141126506968,23.35390064493223,1,frame,1450
extra_new_pure_jpg/vids_good/Img 4995.mp4#f01600,Img 4995.mp4,train,0,100_0,pure_new_03,ambient,ambient,162.11347961283082,119.6922694753577,21.22755541008136,20.91504372019078,222.44221687085007,162.11347961283082,1.3857359756792302,15.232993753230843,15.83002548994409,121.12376087159824,16.515936161433835,1,frame,1600
extra_new_pure_jpg/vids_good/Img 4995.mp4#f01800,Img 4995.mp4,train,0,100_0,pure_new_03,ambient,ambient,169.68650837071888,130.97595469963892,33.89484626326732,21.257577415472152,207.2737101980523,169.68650837071888,1.7838311552789026,47.71789051302761,19.457926634277484,131.43489440857863,24.68749397591687,1,frame,1800
extra_new_pure_jpg/vids_good/Img 4996.mp4#f00000,Img 4996.mp4,train,0,100_0,pure_new_03,cycling,SVI_colored,69.98809336798811,56.79936164743516,40.89208342853879,20.91951330972238,107.40711398948932,70.213316148749,26.89017224199649,30.498101024297988,14.024638941834946,58.86532117559694,12.359136972456488,1,frame,0
extra_new_pure_jpg/vids_good/Img 4996.mp4#f00050,Img 4996.mp4,train,0,100_0,pure_new_03,cycling,SVI_colored,128.3642836191966,130.23051916308174,22.71013045421532,30.41323188446282,212.8164876529415,131.92928725068438,1.9804461838654417,17.789811375638557,23.78239444901732,117.36320464830438,21.626737211642467,1,frame,50
extra_new_pure_jpg/vids_good/Img 4996.mp4#f00200,Img 4996.mp4,train,0,100_0,pure_new_03,cycling,SVI_colored,151.7892951792024,92.32395780750464,15.70339054349655,16.752250546861855,229.524109246172,151.7892951792024,1.520287805792314,15.316708383726262,18.561197028229643,101.29660945650345,17.404512338837378,1,frame,200
extra_new_pure_jpg/vids_good/Img 4996.mp4#f00300,Img 4996.mp4,train,0,100_0,pure_new_03,cycling,SVI_colored,172.0061470874646,147.967770671034,24.45994157223796,25.00594236898017,219.2652653594193,172.03558228576486,1.5708974379280347,10.471552593779514,18.408563228234915,141.01277554001416,19.419320923414983,1,frame,300
extra_new_pure_jpg/vids_good/Img 4996.mp4#f00450,Img 4996.mp4,train,0,100_0,pure_new_03,cycling,SVI_colored,63.27678984903214,65.0785634898583,35.67059715661758,33.34427387237196,117.37068745947948,66.1920209317403,10.63532993145789,26.13937249670273,15.7597908445937,61.12792905436695,14.488870905111868,1,frame,450
extra_new_pure_jpg/vids_good/Img 4996.mp4#f00550,Img 4996.mp4,train,0,100_0,pure_new_03,cycling,SVI_colored,83.69523032723023,109.95251022594468,28.89525102259447,40.01059724386443,188.89197628554732,109.95779363069732,3.482506569269617,19.340908170536974,20.741594504288184,92.81001046941957,18.327954400311302,1,frame,550
extra_new_pure_jpg/vids_good/Img 4996.mp4#f00700,Img 4996.mp4,train,0,100_0,pure_new_03,cycling,SVI_colored,104.17377774089528,69.07746704286798,38.1823845314871,20.75340240895296,167.41645129931717,104.39293081373292,30.143256908758083,32.41101085585073,20.29949376546039,76.010687357739,19.486670897700847,1,frame,700
extra_new_pure_jpg/vids_good/Img 4996.mp4#f00750,Img 4996.mp4,train,0,100_0,pure_new_03,cycling,SVI_colored,152.25904350009128,117.17245412634654,25.992651086361143,21.62510270220924,214.172345718459,152.25904350009128,2.225305980451496,33.17530419813145,25.64032489578102,117.1812579879496,27.76763756487676,1,frame,750
extra_new_pure_jpg/vids_good/Img 4996.mp4#f00850,Img 4996.mp4,train,0,100_0,pure_new_03,cycling,SVI_colored,149.15432821536206,93.23800093671092,21.07981897043252,16.664428402704242,222.16124664005864,149.15432821536206,1.9541158881599228,32.51509811159268,25.98708143253876,101.66063574163068,26.722165880088475,1,frame,850
extra_new_pure_jpg/vids_good/Img 4996.mp4#f00900,Img 4996.mp4,train,0,100_0,pure_new_03,cycling,SVI_colored,148.99179937012065,84.81842729772889,13.244216864797728,15.660364176721078,233.18657403300213,148.99179937012065,1.6255866906470895,11.713189855629142,21.570764167960508,95.76573589425124,18.773893922263817,1,frame,900
extra_new_pure_jpg/vids_good/Img 4996.mp4#f01000,Img 4996.mp4,train,0,100_0,pure_new_03,cycling,SVI_colored,155.55220955953067,90.11722206193498,16.04874334807976,15.787655478617683,230.08708004744503,155.55220955953067,1.831553993527256,16.465481575332117,23.56381252875074,101.1493436237738,22.41762837949937,1,frame,1000
extra_new_pure_jpg/vids_good/Img 4996.mp4#f01100,Img 4996.mp4,train,0,100_0,pure_new_03,cycling,SVI_colored,159.00031959500922,92.10232153814688,16.761754704438534,15.753585856003273,229.95338067600736,159.00031959500922,1.8846804517172884,19.472607444708,23.990930974483344,103.42386288095724,23.6421195704663,1,frame,1100
extra_new_pure_jpg/vids_good/Img 4996.mp4#f01150,Img 4996.mp4,train,0,100_0,pure_new_03,cycling,SVI_colored,149.05368941054684,81.08906877968579,14.14072204968944,14.717159146267203,231.933873005724,149.05368941054684,2.453500636582421,14.98280385379268,20.90660027454128,93.67867038119596,19.00608002054601,1,frame,1150
extra_new_pure_jpg/vids_good/Img 4996.mp4#f01400,Img 4996.mp4,train,0,100_0,pure_new_03,cycling,SVI_colored,96.4592899897262,123.76031290481085,31.84586757939876,39.1902415464332,190.37489111984635,123.76498079242415,3.4196075181169703,19.22838517920884,20.17513879261169,105.07015511234198,18.078513760282885,1,frame,1400
extra_new_pure_jpg/vids_good/Img 4996.mp4#f01500,Img 4996.mp4,train,0,100_0,pure_new_03,cycling,SVI_colored,131.12305220198942,86.59792635969838,18.874042395315257,18.298544541151934,219.50914487405743,131.1241852839724,7.479610975575031,19.215111667730834,17.757435642543452,92.1467992940799,16.488451788406834,1,frame,1500
extra_new_pure_jpg/vids_good/Img 4996.mp4#f01550,Img 4996.mp4,train,0,100_0,pure_new_03,cycling,SVI_colored,147.85174506526585,87.848585243553,17.250391992995862,16.111437440305636,225.71517032792104,147.85174506526585,1.403447693429967,13.226676319264502,15.403953880351557,97.66801973893664,13.894515970244012,1,frame,1550
extra_new_pure_jpg/vids_good/Img 4996.mp4#f01650,Img 4996.mp4,train,0,100_0,pure_new_03,cycling,SVI_colored,86.6807757201646,64.9185452674897,49.40763991769548,24.124041152263374,119.33111111111111,88.18266049382716,37.54583520664525,23.361716757904222,21.58487790269002,69.64096502057613,16.282611886630114,1,frame,1650
extra_new_pure_jpg/vids_good/Img 4996.mp4#f01700,Img 4996.mp4,train,0,100_0,pure_new_03,cycling,SVI_colored,187.2619253669344,162.53091825902337,26.29188013477338,25.352510846487583,219.4492407458691,187.26571009877227,1.1214747203224449,5.642505183202409,12.99337496934589,154.44538678113173,14.08394112866563,1,frame,1700
extra_new_pure_jpg/vids_good/Img 4996.mp4#f01750,Img 4996.mp4,train,0,100_0,pure_new_03,cycling,SVI_colored,71.70730940314289,57.76021347577205,36.87922940897656,20.91426331716921,123.10190688008169,72.0256544645787,21.23316637806768,29.670414566955195,15.718377772023995,59.5008522623692,12.427469567736452,1,frame,1750
extra_new_pure_jpg/vids_good/Img 4996.mp4#f01800,Img 4996.mp4,train,0,100_0,pure_new_03,cycling,SVI_colored,138.3108206744806,139.14705602335718,22.459130241611305,30.12049094486523,215.0234153514154,140.9702375915034,1.496868435975555,9.30022947519944,20.425645292319757,125.54562211737824,18.384666912424112,1,frame,1800
extra_new_pure_jpg/vids_good/Img 5062.mp4#f00050,Img 5062.mp4,train,0,100_0,pure_new_04,ambient,ambient,150.81831901555609,117.3425237984676,30.36375377292779,21.489160088228463,206.0239726027397,150.81831901555609,1.8225408615239824,29.302587525158145,22.775303247992145,117.44263698630137,23.99604512704393,1,frame,50
extra_new_pure_jpg/vids_good/Img 5062.mp4#f00100,Img 5062.mp4,train,0,100_0,pure_new_04,ambient,ambient,152.56666557334034,119.008872343217,29.77512463920231,21.64740225662556,207.1624573602729,152.56666557334034,1.801069814035628,26.73807283855984,21.48167045448348,118.87659078981896,22.70675232284716,1,frame,100
extra_new_pure_jpg/vids_good/Img 5062.mp4#f00150,Img 5062.mp4,train,0,100_0,pure_new_04,ambient,ambient,156.16035467388036,122.3753381424707,31.49855350165314,21.698639915840097,205.5231439735497,156.16035467388036,1.8532620851792236,25.60998821196572,21.853853389266813,122.1298467087466,22.96115207094265,1,frame,150
extra_new_pure_jpg/vids_good/Img 5062.mp4#f00300,Img 5062.mp4,train,0,100_0,pure_new_04,ambient,ambient,162.26773245130468,130.19395442851894,36.4409683939728,22.22677783902977,201.74421168687985,162.26773245130468,1.820147503594555,42.36626914468644,22.86577070676638,129.07485758912165,26.829973173154407,1,frame,300
extra_new_pure_jpg/vids_good/Img 5062.mp4#f00400,Img 5062.mp4,train,0,100_0,pure_new_04,ambient,ambient,165.73114209827358,136.58884462151394,54.458333333333336,21.899601593625498,180.5960823373174,165.731208499336,2.051967565632836,71.09783299905757,26.79914771395247,135.8871845949535,35.63046777930045,1,frame,400
extra_new_pure_jpg/vids_good/Img 5062.mp4#f00550,Img 5062.mp4,train,0,100_0,pure_new_04,ambient,ambient,164.4142533774073,133.0091800804829,43.14400689853406,22.094423684966944,194.06810505892497,164.4142533774073,1.7182513504187826,55.736068075561256,22.503493202122485,132.08786648462203,29.06919989486695,1,frame,550
extra_new_pure_jpg/vids_good/Img 5062.mp4#f00650,Img 5062.mp4,train,0,100_0,pure_new_04,ambient,ambient,159.2746517595308,127.47567815249266,40.648955278592375,21.91931818181818,195.9266862170088,159.2746517595308,1.4472192381922515,54.31600521709216,21.401208334356205,127.0258431085044,27.89316835591462,1,frame,650
extra_new_pure_jpg/vids_good/Img 5062.mp4#f00700,Img 5062.mp4,train,0,100_0,pure_new_04,ambient,ambient,160.05311286951328,128.44285607644073,39.89954090773365,22.049455061212303,197.19462899372948,160.05311286951328,1.4365820519842305,53.054961729656085,21.211941328561768,127.73742161839355,27.347873672863415,1,frame,700
extra_new_pure_jpg/vids_good/Img 5062.mp4#f00750,Img 5062.mp4,train,0,100_0,pure_new_04,ambient,ambient,160.3648741945382,128.59446916231974,38.76173672905799,22.141301012580545,198.4152155569193,160.3648741945382,1.344266161841221,50.13926699517976,19.741199086805985,127.78697453206505,25.74164936715244,1,frame,750
extra_new_pure_jpg/vids_good/Img 5062.mp4#f00850,Img 5062.mp4,train,0,100_0,pure_new_04,ambient,ambient,161.97149982946794,130.0945387107776,36.06281974761255,22.39710521828104,202.12293229877216,161.97149982946794,1.266629887675716,43.86529731682637,17.742678158175295,128.83547919508868,23.04667667339121,1,frame,850
extra_new_pure_jpg/vids_good/Img 5062.mp4#f01000,Img 5062.mp4,train,0,100_0,pure_new_04,ambient,ambient,159.4878223495702,126.57664756446992,33.89199050859599,22.088355121776505,205.16515938395412,159.4878223495702,1.5753253172801744,43.31578873851639,20.766717779198423,125.78257073782235,25.536055850613145,1,frame,1000
extra_new_pure_jpg/vids_good/Img 5062.mp4#f01050,Img 5062.mp4,train,0,100_0,pure_new_04,ambient,ambient,154.34225220084772,120.90803309422888,33.97843984349527,21.640589338115426,203.9074013694164,154.34225220084772,1.5006932030197304,45.06001351597266,22.0353411977882,120.9349323443104,26.743928597036344,1,frame,1050
extra_new_pure_jpg/vids_good/Img 5062.mp4#f01150,Img 5062.mp4,train,0,100_0,pure_new_04,ambient,ambient,153.00407572531276,119.37338634548844,33.50971519829651,21.53965930263508,204.02967793452223,153.00407572531276,1.496399348377173,43.77823303909261,21.983260473388505,119.58327788128828,26.46225268170473,1,frame,1150
extra_new_pure_jpg/vids_good/Img 5062.mp4#f01200,Img 5062.mp4,train,0,100_0,pure_new_04,ambient,ambient,150.46991754702395,115.76803658850812,28.124259211543414,21.44782272610152,209.9232639783561,150.46991754702395,1.3456926524185966,29.413170308895403,19.00655400239673,116.11839732027828,21.22421345788296,1,frame,1200
extra_new_pure_jpg/vids_good/Img 5062.mp4#f01300,Img 5062.mp4,train,0,100_0,pure_new_04,ambient,ambient,149.59330973636492,115.42871216348166,33.41197342725624,21.17014227925792,202.0233732040731,149.59330973636492,1.320208866570175,38.81531145036595,20.483601154412916,116.26013914074488,24.128650744644595,1,frame,1300
extra_new_pure_jpg/vids_good/Img 5062.mp4#f01350,Img 5062.mp4,train,0,100_0,pure_new_04,ambient,ambient,150.2455906203541,115.71514731720502,31.9817120556832,21.232877753750508,204.40968374104608,150.2455906203541,1.2956386432599185,37.83437382464604,20.153935174212275,116.43542201648872,23.54176846928614,1,frame,1350
extra_new_pure_jpg/vids_good/Img 5062.mp4#f01450,Img 5062.mp4,train,0,100_0,pure_new_04,ambient,ambient,150.92738625703564,116.04515517510944,30.97671396185116,21.2484462945591,206.53536389931207,150.92738625703564,1.2783306574843296,39.18925373181134,19.6253800127114,116.69751602564102,23.434118446606515,1,frame,1450
extra_new_pure_jpg/vids_good/Img 5062.mp4#f01600,Img 5062.mp4,train,0,100_0,pure_new_04,ambient,ambient,141.97884012539186,104.85805827033008,31.433685229577726,19.96276276968468,203.8190692421169,141.97884012539186,1.3052676229594562,44.7474991456523,20.816672862360267,107.51955790153052,25.40781127172863,1,frame,1600
extra_new_pure_jpg/vids_good/Img 5062.mp4#f01800,Img 5062.mp4,train,0,100_0,pure_new_04,ambient,ambient,155.65795991893717,121.19556406214816,29.2558263904526,21.833103467687454,209.9234406665165,155.65795991893717,1.2034964520421507,34.81794731225038,16.530267191418748,120.9335735194776,20.182803695354973,1,frame,1800
extra_new_pure_jpg/vids_good/Img 5063.mp4#f00000,Img 5063.mp4,train,0,100_0,pure_new_04,cycling,SVI_colored,77.99278459949507,49.68239327518935,65.80131110856094,163.73717580904292,97.4340644365389,80.23027599265549,12.968493082007248,10.569572973236149,22.43711482807342,59.93236458572412,15.42674050561856,1,frame,0
extra_new_pure_jpg/vids_good/Img 5063.mp4#f00050,Img 5063.mp4,train,0,100_0,pure_new_04,cycling,SVI_colored,143.1779238861386,120.81975556930692,22.96704826732673,24.33139696782178,215.6782255569307,143.18058477722772,1.6085634842575676,19.648985686222872,19.518490944920572,116.276817759901,20.679842799869355,1,frame,50
extra_new_pure_jpg/vids_good/Img 5063.mp4#f00200,Img 5063.mp4,train,0,100_0,pure_new_04,cycling,SVI_colored,53.65045596533656,73.05059703748489,97.81097591696896,106.4155582426441,113.7382733776703,97.81097591696896,3.260169001031968,16.22237000175479,23.332527098082917,70.04213270858524,14.932788957191704,1,frame,200
extra_new_pure_jpg/vids_good/Img 5063.mp4#f00300,Img 5063.mp4,train,0,100_0,pure_new_04,cycling,SVI_colored,132.2534500091391,82.70080881008957,52.91523487479437,22.811163407055385,158.03661350758546,132.29622098336685,39.94489277286293,30.99905505707989,17.470842549862596,94.07892752696034,17.49624528541533,1,frame,300
extra_new_pure_jpg/vids_good/Img 5063.mp4#f00450,Img 5063.mp4,train,0,100_0,pure_new_04,cycling,SVI_colored,55.44549807404237,50.63520490049219,96.76798897924246,123.77428846565375,121.47960357372138,96.76798897924246,2.3530275974162524,16.94869071781262,30.055281183822117,57.3573320136957,16.605595517482584,1,frame,450
extra_new_pure_jpg/vids_good/Img 5063.mp4#f00550,Img 5063.mp4,train,0,100_0,pure_new_04,cycling,SVI_colored,43.12040991790549,44.09239793654316,98.61103561127136,119.97675837585976,145.74902928777456,98.61103561127136,1.8880538015973087,18.075299938977167,33.27466173739118,49.95627634790326,18.552043600850933,1,frame,550
extra_new_pure_jpg/vids_good/Img 5063.mp4#f00700,Img 5063.mp4,train,0,100_0,pure_new_04,cycling,SVI_colored,117.1682702149437,118.09769703172978,24.099705731832135,30.116658137154555,207.4840327533265,120.11299897645854,2.06833213945863,21.25998352778744,26.85576166122081,107.02809621289664,24.801873644821903,1,frame,700
extra_new_pure_jpg/vids_good/Img 5063.mp4#f00750,Img 5063.mp4,train,0,100_0,pure_new_04,cycling,SVI_colored,80.95574181626188,126.1073257655755,90.82723072861668,66.16430834213305,95.7441525871172,126.63150739176346,10.201079389953351,9.089575290107996,24.129535315652305,108.55083157338966,21.73220856756184,1,frame,750
extra_new_pure_jpg/vids_good/Img 5063.mp4#f00800,Img 5063.mp4,train,0,100_0,pure_new_04,cycling,SVI_colored,134.88919160702667,92.23060344827586,16.602567230535676,19.100981348948167,225.10930383864672,134.88919160702667,1.4857802508026303,14.998290482107269,19.351207185811237,96.31493981782694,18.89696842067352,1,frame,800
extra_new_pure_jpg/vids_good/Img 5063.mp4#f00850,Img 5063.mp4,train,0,100_0,pure_new_04,cycling,SVI_colored,78.57246304831533,105.46681301652892,82.06908574380165,63.11315956770503,77.57955538779403,106.64553202479338,14.459720180223677,12.048125627818871,23.65528631045838,94.67807334710744,19.506878116611823,1,frame,850
extra_new_pure_jpg/vids_good/Img 5063.mp4#f01050,Img 5063.mp4,train,0,100_0,pure_new_04,cycling,SVI_colored,149.21814689063618,118.48235346676198,24.67238875982845,22.57020639742673,214.80577644746248,149.21814689063618,1.410990422001947,24.13569352226349,18.227645606726423,116.97915363652608,20.134517800904703,1,frame,1050
extra_new_pure_jpg/vids_good/Img 5063.mp4#f01150,Img 5063.mp4,train,0,100_0,pure_new_04,cycling,SVI_colored,139.99038690831048,143.4978985334446,23.64254948134017,30.819095028019557,213.5326547037081,143.61492488374867,0.9384143166767912,7.983894391497616,19.428557917079,128.7260492428759,17.069250967481683,1,frame,1150
extra_new_pure_jpg/vids_good/Img 5063.mp4#f01250,Img 5063.mp4,train,0,100_0,pure_new_04,cycling,SVI_colored,95.74591980112407,124.46930393428448,21.214622514051012,38.36627891266753,213.1873311175962,124.46930393428448,1.0996998736825698,14.064370431110662,22.108582969334496,104.10794287721572,19.221119390966457,1,frame,1250
extra_new_pure_jpg/vids_good/Img 5063.mp4#f01350,Img 5063.mp4,train,0,100_0,pure_new_04,cycling,SVI_colored,118.4180559530624,114.22281649494371,20.782353081473,28.66593922915474,212.84407198053808,119.79496398588056,1.871016584089079,15.93758758246192,20.014617408383053,104.77359401831713,19.20932089680384,1,frame,1350
extra_new_pure_jpg/vids_good/Img 5063.mp4#f01450,Img 5063.mp4,train,0,100_0,pure_new_04,cycling,SVI_colored,130.99327426070246,76.63411444432583,13.8705895697662,16.011970214583112,229.01207697234972,130.99327426070246,0.9797462017290416,12.716930012185516,13.894973243702085,85.67238710366179,13.160721457989942,1,frame,1450
extra_new_pure_jpg/vids_good/Img 5063.mp4#f01500,Img 5063.mp4,train,0,100_0,pure_new_04,cycling,SVI_colored,124.56635846372689,67.28233760075865,31.951055002370797,20.135982693219532,195.5012446657184,124.56808914177336,35.40845782332194,35.81287073333439,16.876867648951574,80.28636794689426,17.15722691213797,1,frame,1500
extra_new_pure_jpg/vids_good/Img 5063.mp4#f01550,Img 5063.mp4,train,0,100_0,pure_new_04,cycling,SVI_colored,69.52140266729059,44.871355872718766,62.804041881141785,161.65086569957884,99.33180861020122,73.96012517547965,12.99341489201868,12.581275738534684,26.444548155058023,54.24098619560131,16.31994335354698,1,frame,1550
extra_new_pure_jpg/vids_good/Img 5063.mp4#f01600,Img 5063.mp4,train,0,100_0,pure_new_04,cycling,SVI_colored,132.28854458168485,112.9866532374795,21.32946540577053,24.700129064942583,215.8770023159317,132.32868739747178,1.7499553992021406,18.31170616983112,19.28759355730062,108.302156711377,20.934218589225495,1,frame,1600
extra_new_pure_jpg/vids_good/Img 5063.mp4#f01700,Img 5063.mp4,train,0,100_0,pure_new_04,cycling,SVI_colored,137.88673393124066,144.0649601395117,24.935818385650222,31.480069755854508,211.9582710513204,144.08127802690584,1.0318852359282242,11.036701697293056,24.6993775403924,128.61107374190334,21.639136976120227,1,frame,1700
extra_new_pure_jpg/vids_good/Img 5063.mp4#f01750,Img 5063.mp4,train,0,100_0,pure_new_04,cycling,SVI_colored,32.409423300648164,36.10206498254944,99.90620325743726,118.41536479973408,173.78832370782783,99.90620325743726,1.2552134606064616,10.573531405424683,31.02994350292661,42.24582433106199,16.29033179076276,1,frame,1750
extra_new_pure_jpg/vids_good/Img 5086.mp4#f00050,Img 5086.mp4,train,0,100_0,pure_new_05,ambient,ambient,156.22149892066918,125.52303696708042,45.7773093182227,21.24006116207951,185.00897193739883,156.22149892066918,2.849066032642399,53.203374522081766,23.106544708516168,125.62684385680878,28.22662392026124,1,frame,50
extra_new_pure_jpg/vids_good/Img 5086.mp4#f00100,Img 5086.mp4,train,0,100_0,pure_new_05,ambient,ambient,153.76397208121827,121.62782994923856,36.05621827411168,21.5406345177665,197.18345177664972,153.76397208121827,2.0234221410370554,36.71318765070804,19.79015840011794,121.50318527918782,22.16339793732243,1,frame,100
extra_new_pure_jpg/vids_good/Img 5086.mp4#f00150,Img 5086.mp4,train,0,100_0,pure_new_05,ambient,ambient,153.91950431034482,121.99375,35.91041217672414,21.628434806034484,198.237109375,153.91950431034482,1.922275326698381,40.966977930531634,19.83901228325093,121.76056034482758,22.95280769178389,1,frame,150
extra_new_pure_jpg/vids_good/Img 5086.mp4#f00300,Img 5086.mp4,train,0,100_0,pure_new_05,ambient,ambient,153.33752274795268,121.16297012435548,31.73337503791325,21.942068547164087,204.70859872611464,153.33752274795268,1.4581862971076751,39.85914324265201,15.502026029856353,120.64886639369124,19.329263580046323,1,frame,300
extra_new_pure_jpg/vids_good/Img 5086.mp4#f00400,Img 5086.mp4,train,0,100_0,pure_new_05,ambient,ambient,153.7032579982389,122.77861755209862,33.43792192544761,22.13285148224244,203.24427648958027,153.7032579982389,1.4502302983868682,47.82435930351567,15.666697313309038,121.90214998532431,21.101773763328985,1,frame,400
extra_new_pure_jpg/vids_good/Img 5086.mp4#f00550,Img 5086.mp4,train,0,100_0,pure_new_05,ambient,ambient,153.3309176260965,122.82091214364036,33.28123286732456,22.30235745614035,202.70836759868425,153.3309176260965,1.1544037210493026,42.38449010257433,14.24393634338289,121.7606051260965,19.13613006003023,1,frame,550
extra_new_pure_jpg/vids_good/Img 5086.mp4#f00700,Img 5086.mp4,train,0,100_0,pure_new_05,ambient,ambient,153.34065091210613,122.45491293532338,26.91504975124378,22.6264096185738,211.95319237147595,153.34065091210613,1.733792240640487,29.879431680839552,12.995666042751385,120.8393864013267,15.7239080553241,1,frame,700
extra_new_pure_jpg/vids_good/Img 5086.mp4#f00750,Img 5086.mp4,train,0,100_0,pure_new_05,ambient,ambient,152.32470940319223,121.43765180430256,24.67784958362249,22.68880117973629,214.96612595419847,152.32470940319223,1.113040729816475,24.676420450459204,12.951777860615792,119.66637751561416,14.788034765816503,1,frame,750
extra_new_pure_jpg/vids_good/Img 5086.mp4#f00850,Img 5086.mp4,train,0,100_0,pure_new_05,ambient,ambient,150.93166617122472,119.9931257431629,23.570451843043998,22.6875,215.93764863258025,150.93166617122472,1.0214857937403328,18.763558687036635,11.578050504992984,118.27580633174792,12.72879833513079,1,frame,850
extra_new_pure_jpg/vids_good/Img 5086.mp4#f01000,Img 5086.mp4,train,0,100_0,pure_new_05,ambient,ambient,149.82444877655283,118.8700255445012,24.205078650174777,22.548904275342835,214.9423232051627,149.82444877655283,1.1144785893841826,22.218449225167923,14.269123838966204,117.35281661737028,15.27945130862145,1,frame,1000
extra_new_pure_jpg/vids_good/Img 5086.mp4#f01050,Img 5086.mp4,train,0,100_0,pure_new_05,ambient,ambient,148.06007157464214,116.39050783912748,24.290686775732787,22.25495625994092,214.53519086571237,148.06007157464214,1.151842289248041,24.8957696546475,14.832434265603773,115.3914451261077,16.124721676666713,1,frame,1050
extra_new_pure_jpg/vids_good/Img 5086.mp4#f01150,Img 5086.mp4,train,0,100_0,pure_new_05,ambient,ambient,144.4772252243067,112.85885246737357,24.324059441272432,22.02452079934747,213.92089365823816,144.4772252243067,1.1746933387161762,29.190119228948568,16.27677447483678,112.22638407422512,17.747185797694424,1,frame,1150
extra_new_pure_jpg/vids_good/Img 5086.mp4#f01200,Img 5086.mp4,train,0,100_0,pure_new_05,ambient,ambient,130.7900486463621,98.0040926395939,21.870939086294417,20.92482021996616,214.87684010152284,130.79030245346868,0.9899054103732569,32.299609281342605,17.38850052114428,99.1163176818951,18.50154553549391,1,frame,1200
extra_new_pure_jpg/vids_good/Img 5086.mp4#f01300,Img 5086.mp4,train,0,100_0,pure_new_05,ambient,ambient,143.2153647645558,111.47725295755043,23.830549756437023,21.942574228717238,214.5163245186732,143.2153647645558,1.1196636661234587,30.37728564220591,15.532608076470954,110.98258814660171,17.338496604800337,1,frame,1300
extra_new_pure_jpg/vids_good/Img 5086.mp4#f01350,Img 5086.mp4,train,0,100_0,pure_new_05,ambient,ambient,138.30195580313418,107.9234053623898,23.73067152301665,21.85535014691479,213.0065346474045,138.30201701762977,1.3602616397309324,32.72342544712855,20.59486181905428,107.38367715475025,20.45362976856868,1,frame,1350
extra_new_pure_jpg/vids_good/Img 5086.mp4#f01450,Img 5086.mp4,train,0,100_0,pure_new_05,ambient,ambient,115.13961455553276,83.99647146376515,20.684972284951755,20.046923116403203,212.4933278587559,115.13961455553276,1.030866041125549,34.35163056255979,16.425753465191992,85.99520119072059,17.823213359970257,1,frame,1450
extra_new_pure_jpg/vids_good/Img 5086.mp4#f01600,Img 5086.mp4,train,0,100_0,pure_new_05,ambient,ambient,145.67796508847442,115.93280726924915,27.2109337637494,22.38357843137255,209.39096126255384,145.67796508847442,2.0016920896107764,29.43256820020655,15.12106156147088,114.68600549976088,17.045112281687405,1,frame,1600
extra_new_pure_jpg/vids_good/Img 5086.mp4#f01800,Img 5086.mp4,train,0,100_0,pure_new_05,ambient,ambient,145.63707022677397,116.225950987564,36.00883549743965,21.81968955742502,194.89711731894656,145.6372531089978,1.707467926924167,37.29725198196667,19.451434075407462,115.82014676298463,21.81332511841544,1,frame,1800
extra_new_pure_jpg/vids_good/Img 5088.mp4#f00000,Img 5088.mp4,train,0,100_0,pure_new_05,cycling,SVI_colored,55.69681314330958,92.7067498020586,89.58374901029295,86.94133016627079,106.64079572446556,95.78703483768804,6.853278111615997,9.954603529690717,21.872972684167404,81.28584718923199,16.39057267274045,1,frame,0
extra_new_pure_jpg/vids_good/Img 5088.mp4#f00050,Img 5088.mp4,train,0,100_0,pure_new_05,cycling,SVI_colored,103.12377139467888,55.47210218607016,13.44578249449246,13.890463480765971,223.8521119301813,103.12377139467888,1.3726791867984054,22.02885571762884,17.32041195050411,64.90162684290799,14.31915856040567,1,frame,50
extra_new_pure_jpg/vids_good/Img 5088.mp4#f00200,Img 5088.mp4,train,0,100_0,pure_new_05,cycling,SVI_colored,99.74520810514788,75.8541552573932,51.74647453450165,59.46549835706463,127.67284193592552,99.74520810514788,72.01084588961167,75.44255887042935,16.556449693781463,80.21727820372399,18.19265305567312,1,frame,200
extra_new_pure_jpg/vids_good/Img 5088.mp4#f00300,Img 5088.mp4,train,0,100_0,pure_new_05,cycling,SVI_colored,97.10379057257477,83.66793171043034,32.03242386943837,24.645901714077315,172.15393645149527,97.1593613238512,2.7952973296267096,62.31998983896567,14.514987542516732,81.68247401531728,15.966940228415838,1,frame,300
extra_new_pure_jpg/vids_good/Img 5088.mp4#f00450,Img 5088.mp4,train,0,100_0,pure_new_05,cycling,SVI_colored,27.331878920098173,19.315244068721025,85.87605672211618,123.63566948459231,198.7502897463867,85.87605672211618,0.7105221161274466,9.220829651722664,19.96568448109225,29.227092991546225,9.24562210112948,1,frame,450
extra_new_pure_jpg/vids_good/Img 5088.mp4#f00550,Img 5088.mp4,train,0,100_0,pure_new_05,cycling,SVI_colored,152.55644193857967,108.8685820537428,78.44079894433781,12.271113243761995,123.8814179462572,152.55644193857967,0.4931493338602323,2.233686907890234,3.543015148446068,118.57131717850288,3.5207705929673616,1,frame,550
extra_new_pure_jpg/vids_good/Img 5088.mp4#f00700,Img 5088.mp4,train,0,100_0,pure_new_05,cycling,SVI_colored,41.445797686945504,61.36682113434728,112.71076916983525,111.38648605830164,161.90729958808618,112.71076916983525,2.070320599823623,7.419085957842387,33.02569883562469,61.22233444233206,17.473121701712333,1,frame,700
extra_new_pure_jpg/vids_good/Img 5088.mp4#f00750,Img 5088.mp4,train,0,100_0,pure_new_05,cycling,SVI_colored,84.5048269450801,116.9643521167048,33.45702231121282,42.01077421815408,186.22500715102976,116.9643521167048,4.509379606432707,33.48069289806501,20.486392358064265,97.6405415713196,17.554904178856145,1,frame,750
extra_new_pure_jpg/vids_good/Img 5088.mp4#f00800,Img 5088.mp4,train,0,100_0,pure_new_05,cycling,SVI_colored,30.951729910714285,28.63067336309524,110.6137462797619,120.73279389880952,190.47444661458331,110.6137462797619,0.7703898059151701,8.97035709846038,22.81381965422248,38.63151041666666,11.92835774124692,1,frame,800
extra_new_pure_jpg/vids_good/Img 5088.mp4#f00850,Img 5088.mp4,train,0,100_0,pure_new_05,cycling,SVI_colored,117.31308229813664,126.63302277432712,35.25795807453416,33.46593555900621,188.50899327122156,126.63806935817806,3.723909106590766,37.652141553738616,21.196539224667077,113.40747929606626,19.28604553808228,1,frame,850
extra_new_pure_jpg/vids_good/Img 5088.mp4#f01050,Img 5088.mp4,train,0,100_0,pure_new_05,cycling,SVI_colored,39.0475844461901,66.26718381775333,60.0409465828751,82.40958366064415,107.48969952867245,67.84970542026709,7.573460248847941,10.65840893460824,16.337675914064487,57.42299685781618,10.59262448376396,1,frame,1050
extra_new_pure_jpg/vids_good/Img 5088.mp4#f01150,Img 5088.mp4,train,0,100_0,pure_new_05,cycling,SVI_colored,38.27810292633704,54.840817356205854,114.34606458123108,113.53309788092837,170.3132946518668,114.34606458123108,1.3883849990749892,6.715492190540658,19.16457725450688,56.65978809283552,12.30573146126103,1,frame,1150
extra_new_pure_jpg/vids_good/Img 5088.mp4#f01250,Img 5088.mp4,train,0,100_0,pure_new_05,cycling,SVI_colored,29.1904360753221,28.64008919722497,105.4705153617443,120.2294846382557,188.29500743310209,105.4705153617443,0.78918157855874,8.06219473803494,20.9518827392466,37.51560951437067,11.18956530897932,1,frame,1250
extra_new_pure_jpg/vids_good/Img 5088.mp4#f01350,Img 5088.mp4,train,0,100_0,pure_new_05,cycling,SVI_colored,36.53337390225277,51.57360872470409,109.78657168766703,113.87810232913326,170.77397145857196,109.78657168766703,1.162664411275982,5.815331145625533,20.12780536173892,53.73831853760977,12.004847436282052,1,frame,1350
extra_new_pure_jpg/vids_good/Img 5088.mp4#f01450,Img 5088.mp4,train,0,100_0,pure_new_05,cycling,SVI_colored,33.50737922443674,39.77655166811092,112.39678563691508,117.720212305026,179.89566182842287,112.39678563691508,0.925829782851933,6.728253018126964,20.38164730221592,46.06088875649913,12.426405528795971,1,frame,1450
extra_new_pure_jpg/vids_good/Img 5088.mp4#f01500,Img 5088.mp4,train,0,100_0,pure_new_05,cycling,SVI_colored,97.75585480093676,113.98994038748135,21.504830210772838,35.40001596763892,210.1992229082393,113.98994038748135,1.533871356003712,19.890615032063764,22.163065903559943,98.66373483074302,19.84700544729557,1,frame,1500
extra_new_pure_jpg/vids_good/Img 5088.mp4#f01550,Img 5088.mp4,train,0,100_0,pure_new_05,cycling,SVI_colored,30.601913765275537,29.567500576435325,108.7791099838598,120.29830528014756,187.8213771039889,108.7791099838598,0.6014388910253372,9.076031680556332,24.063477714860344,38.90119898547383,13.69190444576355,1,frame,1550
extra_new_pure_jpg/vids_good/Img 5088.mp4#f01600,Img 5088.mp4,train,0,100_0,pure_new_05,cycling,SVI_colored,87.97736585092052,110.33664964077234,21.091055792546022,37.48572911989224,209.72384373596768,110.33664964077234,1.9073507104465688,20.66088737517342,21.144408156152547,93.36722608890884,18.85469263611605,1,frame,1600
extra_new_pure_jpg/vids_good/Img 5088.mp4#f01700,Img 5088.mp4,train,0,100_0,pure_new_05,cycling,SVI_colored,78.6663650757747,103.31616150192264,17.94479472969916,38.6205750961321,212.66857045917212,103.31616150192264,1.3160056343478912,14.95809855067887,17.5621595203058,86.14653076227098,15.380679966348238,1,frame,1700
extra_new_pure_jpg/vids_good/Img 5088.mp4#f01750,Img 5088.mp4,train,0,100_0,pure_new_05,cycling,SVI_colored,28.57000331376633,27.928789528498392,102.35299895853058,120.2382124597614,187.66108454838096,102.35299895853058,0.6420281142834945,8.522024357255942,22.907764933201207,36.61838430221549,12.54745574361426,1,frame,1750
extra_new_pure_jpg/vids_good/Img 5248.mp4#f00050,Img 5248.mp4,train,0,100_0,pure_new_06,ambient,ambient,147.46006736118687,106.77235600523618,21.53488054979819,20.195108814224938,219.68919084760557,147.46006736118687,1.5947185724594803,26.259123945266555,19.152901691229232,109.1518149340024,20.61635532691561,1,frame,50
extra_new_pure_jpg/vids_good/Img 5248.mp4#f00100,Img 5248.mp4,train,0,100_0,pure_new_06,ambient,ambient,153.75357257546565,113.24092003853563,24.165462427745663,20.52674213230572,217.4437620423892,153.75357257546565,1.7028088028847623,32.23210471885871,19.709038991510518,115.143978805395,22.375515172252456,1,frame,100
extra_new_pure_jpg/vids_good/Img 5248.mp4#f00150,Img 5248.mp4,train,0,100_0,pure_new_06,ambient,ambient,153.281133643617,112.41095412234044,23.384200465425533,20.48681017287234,218.37046210106385,153.281133643617,1.5386344082627716,30.404827726120725,18.4422172953266,114.42794215425532,20.92280550929135,1,frame,150
extra_new_pure_jpg/vids_good/Img 5248.mp4#f00300,Img 5248.mp4,train,0,100_0,pure_new_06,ambient,ambient,152.96741686261336,112.5375377897212,23.516984380248573,20.5396897044004,218.26810757473967,152.96741686261336,1.5378576062996727,30.215009742563616,18.85686678382209,114.41421733288546,21.15313460327574,1,frame,300
extra_new_pure_jpg/vids_good/Img 5248.mp4#f00400,Img 5248.mp4,train,0,100_0,pure_new_06,ambient,ambient,154.00848726909635,114.35467631885506,24.68051048427359,20.732203777666832,217.0084560659012,154.00848726909635,1.535532341476877,33.84483804871692,19.54870392431508,115.91604260276252,22.34389279939158,1,frame,400
extra_new_pure_jpg/vids_good/Img 5248.mp4#f00550,Img 5248.mp4,train,0,100_0,pure_new_06,ambient,ambient,146.69804246683825,105.30173480498912,21.72253019204118,20.01811522470798,219.66616759057607,146.69804246683825,1.433641912828588,29.763228804123244,19.425275992521826,108.08941298752724,21.18476801698289,1,frame,550
extra_new_pure_jpg/vids_good/Img 5248.mp4#f00650,Img 5248.mp4,train,0,100_0,pure_new_06,ambient,ambient,142.7737555421201,99.71123035066503,21.650632305521967,19.31246221281741,219.058381197098,142.7737555421201,1.3786193702322718,31.47642925410484,19.367885178378256,103.65286174929464,21.38777174938287,1,frame,650
extra_new_pure_jpg/vids_good/Img 5248.mp4#f00700,Img 5248.mp4,train,0,100_0,pure_new_06,ambient,ambient,144.18833333333333,101.22598577235772,22.45412601626016,19.289939024390243,218.55694105691057,144.18833333333333,1.798514630001868,33.00565684443044,23.566588716364684,105.05819105691056,24.966126807829752,1,frame,700
extra_new_pure_jpg/vids_good/Img 5248.mp4#f00750,Img 5248.mp4,train,0,100_0,pure_new_06,ambient,ambient,146.98873707533235,103.53714918759232,23.26849150664697,19.34074963072378,217.91479874446085,146.98873707533235,1.7433904808246057,33.638312473701816,23.063325629649785,107.35221565731167,24.861979469781872,1,frame,750
extra_new_pure_jpg/vids_good/Img 5248.mp4#f00850,Img 5248.mp4,train,0,100_0,pure_new_06,ambient,ambient,147.5399166399487,104.27233621887358,21.708266538420435,19.60918296462541,219.61150074810303,147.5399166399487,1.566989612210471,29.49037596834388,20.11783734955809,107.77612349043495,21.586259473914502,1,frame,850
extra_new_pure_jpg/vids_good/Img 5248.mp4#f01000,Img 5248.mp4,train,0,100_0,pure_new_06,ambient,ambient,155.209213089722,112.77534619839932,22.486856307919123,20.2919650379107,219.6609427653749,155.209213089722,1.6765022979315398,25.2957832157933,20.201526657231533,115.1397693765796,21.208007076155543,1,frame,1000
extra_new_pure_jpg/vids_good/Img 5248.mp4#f01050,Img 5248.mp4,train,0,100_0,pure_new_06,ambient,ambient,150.59460329341317,109.03891467065868,22.47743263473054,20.179184131736527,219.0216541916168,150.59460329341317,1.4856688423768187,29.423157601652377,19.897050963477543,111.55176646706587,21.26890669708189,1,frame,1050
extra_new_pure_jpg/vids_good/Img 5248.mp4#f01150,Img 5248.mp4,train,0,100_0,pure_new_06,ambient,ambient,144.370304453196,101.42782490154498,22.315112844592548,19.434186610118147,217.9652188730688,144.370304453196,1.184605963097506,33.279312354315365,16.579236768284908,105.21069372917296,19.31024625489085,1,frame,1150
extra_new_pure_jpg/vids_good/Img 5248.mp4#f01200,Img 5248.mp4,train,0,100_0,pure_new_06,ambient,ambient,149.51200997549878,106.43570616030802,23.968290602030105,19.6529576478824,217.07996806090304,149.51200997549878,1.46778437527622,33.68572587570095,19.90771850327156,109.87798608680434,22.347362697146888,1,frame,1200
extra_new_pure_jpg/vids_good/Img 5248.mp4#f01300,Img 5248.mp4,train,0,100_0,pure_new_06,ambient,ambient,159.8151021953066,118.8863550340651,26.079792770628316,20.7631883989402,216.1385550719152,159.8151021953066,1.4460793128849585,34.9005920004927,18.437513288437785,120.515625,21.673884167659523,1,frame,1300
extra_new_pure_jpg/vids_good/Img 5248.mp4#f01350,Img 5248.mp4,train,0,100_0,pure_new_06,ambient,ambient,161.46336664735418,121.72147788721514,27.151977114716107,21.08065372730784,214.7692762649672,161.46336664735418,1.314486976512152,36.94590750085538,16.292417533405995,122.78531769022788,20.59375893947305,1,frame,1350
extra_new_pure_jpg/vids_good/Img 5248.mp4#f01450,Img 5248.mp4,train,0,100_0,pure_new_06,ambient,ambient,152.8373062410769,111.89992096675503,23.38806598001224,20.46019018967979,218.22664695084643,152.8373062410769,1.323018617718019,29.889038669508416,16.845324179445818,113.98217927799308,19.181710989658992,1,frame,1450
extra_new_pure_jpg/vids_good/Img 5248.mp4#f01600,Img 5248.mp4,train,0,100_0,pure_new_06,ambient,ambient,155.1568591193874,114.90886051166028,23.41076400974591,20.750522102332056,218.5981443612948,155.1568591193874,1.4318321499220747,27.56800605473699,17.52208744070367,116.44800730943264,19.463302694807822,1,frame,1600
extra_new_pure_jpg/vids_good/Img 5249.mp4#f00000,Img 5249.mp4,train,0,100_0,pure_new_06,cycling,SVI_colored,107.90685479719993,111.55972694049824,24.258653747169035,31.776836267243155,204.61282684784845,112.2183639592341,5.9225626670773535,32.68120989201038,21.62651040733386,100.48138640107062,20.734841223480952,1,frame,0
extra_new_pure_jpg/vids_good/Img 5249.mp4#f00050,Img 5249.mp4,train,0,100_0,pure_new_06,cycling,SVI_colored,156.61223970122228,92.96746265278406,15.754067168401992,16.386805398370303,230.2697204617474,156.61223970122228,1.3872238110828188,13.856014160606067,16.699014435005836,103.11288337483025,16.513428621930974,1,frame,50
extra_new_pure_jpg/vids_good/Img 5249.mp4#f00100,Img 5249.mp4,train,0,100_0,pure_new_06,cycling,SVI_colored,151.42192580994822,91.10122847163676,17.683623389136457,16.33272612308804,227.2388669757919,151.42192580994822,1.5652698018154825,24.61219799638597,18.64384159737916,100.69390581717452,19.59701287445696,1,frame,100
extra_new_pure_jpg/vids_good/Img 5249.mp4#f00250,Img 5249.mp4,train,0,100_0,pure_new_06,cycling,SVI_colored,93.54009684266384,76.8018041920934,23.574149310161847,24.30278256832051,195.1804275006633,93.82641284160256,12.83734659947275,35.46121403672087,18.743330771817515,75.69345317060228,17.46614489291402,1,frame,250
extra_new_pure_jpg/vids_good/Img 5249.mp4#f00350,Img 5249.mp4,train,0,100_0,pure_new_06,cycling,SVI_colored,142.4478141431846,84.1259522043953,16.425239315086962,15.998474787649991,227.37994640690303,142.4478141431846,3.412229278421211,24.33421496097862,17.991432056733068,93.76944013752193,17.705707681379824,1,frame,350
extra_new_pure_jpg/vids_good/Img 5249.mp4#f00500,Img 5249.mp4,train,0,100_0,pure_new_06,cycling,SVI_colored,81.24856427995701,58.99344270553466,34.48121809511016,24.83134907307899,158.9857771359484,82.90862607469103,33.03391158271835,33.3210962497741,24.62659043298252,62.806975416442775,19.71497950339072,1,frame,500
extra_new_pure_jpg/vids_good/Img 5249.mp4#f00600,Img 5249.mp4,train,0,100_0,pure_new_06,cycling,SVI_colored,95.49006973339498,93.38288834951456,22.19630335953152,30.077371320696564,202.46187779318848,96.7905012328556,7.2522438194182035,36.50994185764923,22.85077468459654,85.86761249807367,21.69314088454061,1,frame,600
extra_new_pure_jpg/vids_good/Img 5249.mp4#f00750,Img 5249.mp4,train,0,100_0,pure_new_06,cycling,SVI_colored,79.60491201491668,59.482752592937885,43.174462475235984,27.706772229343898,131.907011129239,81.75795361845938,40.84424315877626,30.514326546722923,28.179069801994324,63.60517422211864,22.583057875374408,1,frame,750
extra_new_pure_jpg/vids_good/Img 5249.mp4#f00800,Img 5249.mp4,train,0,100_0,pure_new_06,cycling,SVI_colored,119.83515091116172,111.64033314350796,19.684097380410023,27.5280965261959,215.5098875284738,120.41396640091116,1.76679441968623,18.59662483350289,23.959643336495706,103.57996156036448,22.43008496421579,1,frame,800
extra_new_pure_jpg/vids_good/Img 5249.mp4#f00850,Img 5249.mp4,train,0,100_0,pure_new_06,cycling,SVI_colored,96.53559335278185,99.6362914148781,33.492322619295685,32.574038862262974,174.09129506147113,100.32771150239633,8.409467782098469,33.52899963765165,23.79815059423509,91.1338625234424,22.34666693384866,1,frame,850
extra_new_pure_jpg/vids_good/Img 5249.mp4#f00900,Img 5249.mp4,train,0,100_0,pure_new_06,cycling,SVI_colored,137.0246876066189,83.86542029170931,15.36665174002047,16.678730595359944,228.02240596212897,137.0246876066189,1.7402364771071497,19.723381432689404,22.48723654625617,91.8874850733538,20.60532883510676,1,frame,900
extra_new_pure_jpg/vids_good/Img 5249.mp4#f01100,Img 5249.mp4,train,0,100_0,pure_new_06,cycling,SVI_colored,87.09501050420168,67.93015231092437,28.770425420168067,24.26986869747899,178.89235294117648,88.01219537815126,22.61800153340504,39.13108569913541,24.955688637871702,69.15505777310925,21.4230574594414,1,frame,1100
extra_new_pure_jpg/vids_good/Img 5249.mp4#f01200,Img 5249.mp4,train,0,100_0,pure_new_06,cycling,SVI_colored,115.83605462893551,85.76819598013493,20.70892873875562,21.67557041791604,213.28219288793105,115.88916088830584,13.196138638002797,38.85229065605208,20.252985882150643,87.27944035794603,19.9343353587578,1,frame,1200
extra_new_pure_jpg/vids_good/Img 5249.mp4#f01300,Img 5249.mp4,train,0,100_0,pure_new_06,cycling,SVI_colored,160.2772533495737,127.26126674786843,22.49669483353634,22.76452750710516,220.5285728786033,160.2773548518067,1.7695096949581,17.112441033283588,18.427641376307825,125.12847645148192,20.336249560245047,1,frame,1300
extra_new_pure_jpg/vids_good/Img 5249.mp4#f01400,Img 5249.mp4,train,0,100_0,pure_new_06,cycling,SVI_colored,125.84502590274928,118.18976328477636,20.85798368896184,27.85200810422651,214.89095199015185,126.55347891875256,1.7650302199697951,17.65817114258129,20.286248808573387,109.34858432498974,18.853065143146345,1,frame,1400
extra_new_pure_jpg/vids_good/Img 5249.mp4#f01500,Img 5249.mp4,train,0,100_0,pure_new_06,cycling,SVI_colored,141.3253010663725,84.83998667034382,16.281399384077954,16.367272246736533,226.98745173745172,141.3253010663725,1.1836739128058358,18.49201921137592,15.82982673214517,93.8383319544034,15.80467542707376,1,frame,1500
extra_new_pure_jpg/vids_good/Img 5249.mp4#f01550,Img 5249.mp4,train,0,100_0,pure_new_06,cycling,SVI_colored,137.6993239945334,79.00473447871926,13.02757711831316,15.7826410581804,231.62468274111677,137.6993239945334,1.300855309379238,12.792762063880046,14.867107467535694,88.96205095665755,13.205806584188212,1,frame,1550
extra_new_pure_jpg/vids_good/Img 5249.mp4#f01600,Img 5249.mp4,train,0,100_0,pure_new_06,cycling,SVI_colored,88.9529243855466,60.95255754768892,30.082131557226703,16.58154690939105,169.43196304108585,89.00542805392517,12.606017722639676,17.76485756113399,12.428014905697742,65.77648683969186,10.564416392329928,1,frame,1600
extra_new_pure_jpg/vids_good/Img 5249.mp4#f01650,Img 5249.mp4,train,0,100_0,pure_new_06,cycling,SVI_colored,157.8571366990827,129.62856921166977,21.24600834540313,23.683952341540795,221.1979360645562,157.87498275743155,1.545229340076483,8.289525128712624,15.643849999420825,125.7062038761294,16.82968485834761,1,frame,1650
extra_new_pure_jpg/vids_good/Img 5249.mp4#f01750,Img 5249.mp4,train,0,100_0,pure_new_06,cycling,SVI_colored,129.24676873857405,115.52260054844606,18.38035191956124,26.268505484460693,218.9697074954296,129.26669561243145,1.1595848310137855,6.326348380123379,13.404626631585495,108.46555758683728,12.307548931599747,1,frame,1750
extra_new_pure_jpg/vids_good/Img 5278.mp4#f00050,Img 5278.mp4,train,0,100_0,pure_new_07,ambient,ambient,157.7315129655523,121.78680723274438,29.302767891191053,21.43752383373586,211.24300082623617,157.7315129655523,1.8697299723769811,40.43003652980916,22.54419474291156,121.89676814541755,26.160796152811145,1,frame,50
extra_new_pure_jpg/vids_good/Img 5278.mp4#f00100,Img 5278.mp4,train,0,100_0,pure_new_07,ambient,ambient,158.1375253036437,122.38410931174089,29.007440852732792,21.55679877277328,211.8068462171053,158.1375253036437,1.81362961800757,41.13568083005907,21.69468230367656,122.33943256578948,25.68575939475225,1,frame,100
extra_new_pure_jpg/vids_good/Img 5278.mp4#f00150,Img 5278.mp4,train,0,100_0,pure_new_07,ambient,ambient,158.08721853847217,122.35559124188424,29.96003418980522,21.48610823318138,210.5751225998066,158.08721853847217,1.7554299950032963,42.45135461871753,21.86391617611204,122.40943155131924,25.907666686311224,1,frame,150
extra_new_pure_jpg/vids_good/Img 5278.mp4#f00300,Img 5278.mp4,train,0,100_0,pure_new_07,ambient,ambient,163.46276135419552,128.72314628911658,30.053491068955967,22.09411347272224,211.1970108695652,163.46276135419552,1.681883148794526,41.15755588459139,18.283436307750367,127.7751055801717,22.98304121990081,1,frame,300
extra_new_pure_jpg/vids_good/Img 5278.mp4#f00400,Img 5278.mp4,train,0,100_0,pure_new_07,ambient,ambient,162.76436065821255,128.42846089975845,29.58470146437198,22.175045289855078,211.51987092391303,162.76436065821255,1.5529374041738329,40.45604010816357,17.119850161184917,127.34361790458937,21.581684764053275,1,frame,400
extra_new_pure_jpg/vids_good/Img 5278.mp4#f00550,Img 5278.mp4,train,0,100_0,pure_new_07,ambient,ambient,162.77012466607303,127.65164737310776,27.088178984861976,22.18251335707925,214.55428539626,162.77012466607303,1.351017592819694,33.522293795677435,14.43084678690512,126.59782947462156,18.20345226251553,1,frame,550
extra_new_pure_jpg/vids_good/Img 5278.mp4#f00650,Img 5278.mp4,train,0,100_0,pure_new_07,ambient,ambient,156.97772988505747,120.39590895341804,24.72088626739262,21.624710123008672,216.8597373462392,156.97772988505747,1.4431485977671568,30.283125753393165,16.34329349289285,120.32060395240975,19.02450516284456,1,frame,650
extra_new_pure_jpg/vids_good/Img 5278.mp4#f00700,Img 5278.mp4,train,0,100_0,pure_new_07,ambient,ambient,153.3920841333566,115.79416128469192,24.562652731715836,21.17632876592773,216.48505411066503,153.3920841333566,1.4305769552842276,32.29325217471814,17.296327596797504,116.53053543375808,20.166520329253203,1,frame,700
extra_new_pure_jpg/vids_good/Img 5278.mp4#f00750,Img 5278.mp4,train,0,100_0,pure_new_07,ambient,ambient,154.5203657989228,116.94110188509876,26.45911131059246,21.099932675044883,214.18221499102333,154.5203657989228,1.574560722118935,35.74089349477383,18.988818120159085,117.76438509874326,22.1783098987053,1,frame,750
extra_new_pure_jpg/vids_good/Img 5278.mp4#f00850,Img 5278.mp4,train,0,100_0,pure_new_07,ambient,ambient,145.7386405109489,106.55314781021896,25.192734945255477,20.13209397810219,214.580200729927,145.7386405109489,1.6028533221071772,37.19632026424903,21.705418980413462,108.91244297445256,24.317586985106605,1,frame,850
extra_new_pure_jpg/vids_good/Img 5278.mp4#f01000,Img 5278.mp4,train,0,100_0,pure_new_07,ambient,ambient,146.55014052120592,107.71110117526828,26.253904253960144,20.201504215636177,213.16196665815025,146.55014052120592,1.653472495628305,39.3242989535277,22.39497737166625,109.96070196729688,25.24172683019721,1,frame,1000
extra_new_pure_jpg/vids_good/Img 5278.mp4#f01050,Img 5278.mp4,train,0,100_0,pure_new_07,ambient,ambient,143.74554364726788,104.0410511994669,24.555662760995112,19.88437777654376,214.8238560639716,143.74554364726788,1.5242766540129855,35.839207604569,21.972146592107084,106.78006996890272,23.9954138882256,1,frame,1050
extra_new_pure_jpg/vids_good/Img 5278.mp4#f01150,Img 5278.mp4,train,0,100_0,pure_new_07,ambient,ambient,143.05995734908137,102.55909928326268,21.62650792449021,19.871561427417728,218.69883782556028,143.05995734908137,1.530464033997574,28.7355191397022,20.601827269798942,105.3756624772865,21.488281989813952,1,frame,1150
extra_new_pure_jpg/vids_good/Img 5278.mp4#f01200,Img 5278.mp4,train,0,100_0,pure_new_07,ambient,ambient,143.96606218300929,104.21859810862216,22.928353497464077,19.980102229501263,216.81298209002537,143.96606218300929,1.688121242244719,30.24291500007237,22.11370911497636,106.7655457523246,22.92614381203127,1,frame,1200
extra_new_pure_jpg/vids_good/Img 5278.mp4#f01300,Img 5278.mp4,train,0,100_0,pure_new_07,ambient,ambient,145.9919867854948,106.94770282728948,26.77035955746773,20.08290565457898,212.2534188690842,145.9919867854948,1.4460285275434792,41.42289472719074,21.292263124860952,109.407721266134,24.55633890203131,1,frame,1300
extra_new_pure_jpg/vids_good/Img 5278.mp4#f01350,Img 5278.mp4,train,0,100_0,pure_new_07,ambient,ambient,148.40237358440874,108.8920364761654,27.624942388727945,20.091322096391888,211.57288648933368,148.40237358440874,1.6732351826866685,41.49741410712369,20.70305666965548,111.36500032920726,24.28041556075872,1,frame,1350
extra_new_pure_jpg/vids_good/Img 5278.mp4#f01450,Img 5278.mp4,train,0,100_0,pure_new_07,ambient,ambient,142.4072101536246,103.1557699231877,22.13223115698512,20.117633821411427,217.85745469275085,142.4072101536246,1.3036761214057038,30.948443023301483,18.06358168523979,105.56148733797409,19.804428908122546,1,frame,1450
extra_new_pure_jpg/vids_good/Img 5278.mp4#f01600,Img 5278.mp4,train,0,100_0,pure_new_07,ambient,ambient,156.93866350275567,121.4864589712186,26.976385486834047,21.733067973055725,213.91771279853032,156.93866350275567,1.3313473667891234,34.863637937676835,17.04566188296093,121.20695039804042,20.300420677347308,1,frame,1600
extra_new_pure_jpg/vids_good/Img 5278.mp4#f01800,Img 5278.mp4,train,0,100_0,pure_new_07,ambient,ambient,160.9760294117647,125.59059688581316,30.662292387543253,21.71863321799308,210.06896193771627,160.9760294117647,1.6078480321649504,42.24268494192051,19.37940185011754,125.24314878892734,23.672501964403303,1,frame,1800
extra_new_pure_jpg/vids_good/Img 5279.mp4#f00000,Img 5279.mp4,train,0,100_0,pure_new_07,cycling,SVI_colored,66.99014669494521,57.50213561918228,69.8923206079887,153.58816425120773,47.18399463885943,72.35982973960175,14.936333528640263,21.29205510294542,29.219196245607165,61.53589313067044,15.751080059529857,1,frame,0
extra_new_pure_jpg/vids_good/Img 5279.mp4#f00050,Img 5279.mp4,train,0,100_0,pure_new_07,cycling,SVI_colored,163.0302127905632,157.14681392390423,28.385133572337228,28.628924771597084,212.33868682780155,163.9518040939054,1.6532625962333003,17.23945756419104,20.81684285612504,144.14969787209438,21.324360470617275,1,frame,50
extra_new_pure_jpg/vids_good/Img 5279.mp4#f00200,Img 5279.mp4,train,0,100_0,pure_new_07,cycling,SVI_colored,41.77156374501992,49.19522908366534,74.84174302788844,112.91478087649402,109.98069721115536,74.84174302788844,2.7437049739098045,18.182708882417412,27.041456747328365,49.93100597609562,13.669215084264517,1,frame,200
extra_new_pure_jpg/vids_good/Img 5279.mp4#f00300,Img 5279.mp4,train,0,100_0,pure_new_07,cycling,SVI_colored,58.73868462226196,90.45892005662346,70.79031627179258,69.80975264491134,92.12121889435257,92.94163500223512,10.361620894250091,12.561232905646085,24.71238240710169,78.67785166145134,15.92516900185034,1,frame,300
extra_new_pure_jpg/vids_good/Img 5279.mp4#f00450,Img 5279.mp4,train,0,100_0,pure_new_07,cycling,SVI_colored,116.28494779582368,117.58377405486556,21.322028115190392,30.28596287703016,211.9185376006551,119.06493960693328,1.9810144071484383,20.19016704358256,20.77595176523821,106.15176743551248,19.326918662545054,1,frame,450
extra_new_pure_jpg/vids_good/Img 5279.mp4#f00550,Img 5279.mp4,train,0,100_0,pure_new_07,cycling,SVI_colored,137.9590704858186,83.99027660769447,17.136215248525694,16.490311710193765,225.5176039033979,137.9590704858186,1.2481708890933734,24.54134392177877,17.380241503705566,92.42901397079471,17.925258301130814,1,frame,550
extra_new_pure_jpg/vids_good/Img 5279.mp4#f00700,Img 5279.mp4,train,0,100_0,pure_new_07,cycling,SVI_colored,146.0092213114754,116.42751569584932,22.58344959888385,22.78026900941751,217.79290198814093,146.01292727589816,1.8423294342128105,24.10217411396102,19.4860080858196,114.55818364143704,21.352000171305296,1,frame,700
extra_new_pure_jpg/vids_good/Img 5279.mp4#f00750,Img 5279.mp4,train,0,100_0,pure_new_07,cycling,SVI_colored,40.18975326264274,42.73041394779772,63.48657218597064,116.78094412724306,91.4013764274062,63.48710236541599,4.167409023206001,33.93440078187895,29.08782506358937,44.27015701468189,16.600463055899652,1,frame,750
extra_new_pure_jpg/vids_good/Img 5279.mp4#f00800,Img 5279.mp4,train,0,100_0,pure_new_07,cycling,SVI_colored,146.70335183603757,144.20454739538854,27.70409906063194,29.314026473099915,210.3589560204953,148.25108881298036,1.778998992942654,22.90854827276523,25.77614661045144,131.6780636208369,25.166782213731462,1,frame,800
extra_new_pure_jpg/vids_good/Img 5279.mp4#f00850,Img 5279.mp4,train,0,100_0,pure_new_07,cycling,SVI_colored,39.78026748971193,45.78028806584362,71.3969547325103,113.8552572016461,111.2882304526749,71.3969547325103,3.171245250040578,31.946044555035662,31.807129655144703,46.89656378600823,18.295611038010232,1,frame,850
extra_new_pure_jpg/vids_good/Img 5279.mp4#f01050,Img 5279.mp4,train,0,100_0,pure_new_07,cycling,SVI_colored,78.12236788479827,121.4030362722456,62.44664447765249,53.25733595978807,131.81685572612415,121.87029615541368,9.703471294513742,18.94513291634586,23.84014517804711,101.69233120499932,20.738794232323155,1,frame,1050
extra_new_pure_jpg/vids_good/Img 5279.mp4#f01150,Img 5279.mp4,train,0,100_0,pure_new_07,cycling,SVI_colored,122.76348417323734,90.47100331390698,43.88042080905039,22.97936664381213,168.91655953605303,123.18834990286824,26.178395189304887,33.68717358224432,21.290954142329504,94.76364844017829,20.137084372434863,1,frame,1150
extra_new_pure_jpg/vids_good/Img 5279.mp4#f01250,Img 5279.mp4,train,0,100_0,pure_new_07,cycling,SVI_colored,148.68931574923548,99.72403000764524,25.893641293960243,20.200467077599388,214.0372407779052,148.68931574923548,19.61485930327092,41.37244337869489,20.185444410405296,105.90518683103976,21.54813527520129,1,frame,1250
extra_new_pure_jpg/vids_good/Img 5279.mp4#f01350,Img 5279.mp4,train,0,100_0,pure_new_07,cycling,SVI_colored,155.76588848815675,138.15301198947265,24.41382566526952,25.90191539136368,216.6197911589824,155.8745979140267,1.5038591991092976,17.05516337458972,20.679927491043998,130.47460156935375,21.27137293117155,1,frame,1350
extra_new_pure_jpg/vids_good/Img 5279.mp4#f01450,Img 5279.mp4,train,0,100_0,pure_new_07,cycling,SVI_colored,118.7981701096659,132.96509181331294,22.66315990818669,33.79941872821559,212.6916177845788,132.96509181331294,1.0120702525865235,12.173935123025242,20.678254572762228,116.07842387146135,18.2278599963294,1,frame,1450
extra_new_pure_jpg/vids_good/Img 5279.mp4#f01500,Img 5279.mp4,train,0,100_0,pure_new_07,cycling,SVI_colored,51.03413071923012,59.73455702346784,69.43097353537058,97.88390595981764,64.81299594799933,70.27189030052338,15.279802396485389,34.68704250826381,29.448699954166035,58.23008293938882,16.945940022834794,1,frame,1500
extra_new_pure_jpg/vids_good/Img 5279.mp4#f01550,Img 5279.mp4,train,0,100_0,pure_new_07,cycling,SVI_colored,102.39856919396394,131.7327981229297,22.159113912403384,38.05764170040486,213.6693733897681,131.7327981229297,1.269708101758611,14.806782576322716,20.305944611312714,110.45999263894,17.968550268415246,1,frame,1550
extra_new_pure_jpg/vids_good/Img 5279.mp4#f01600,Img 5279.mp4,train,0,100_0,pure_new_07,cycling,SVI_colored,69.46005735759493,96.28855814873418,65.21508109177215,56.47316060126583,96.8807011471519,97.96824564873418,12.812475361921292,12.67892643003353,24.04513203483333,84.6686016613924,17.73907460113011,1,frame,1600
extra_new_pure_jpg/vids_good/Img 5279.mp4#f01700,Img 5279.mp4,train,0,100_0,pure_new_07,cycling,SVI_colored,50.59009092686743,54.69671978881502,72.87788912788425,113.47334767305436,74.96738854125928,72.89969202190066,12.9969451848961,36.58674750673556,26.295856159042664,55.51107254595229,15.203893372535692,1,frame,1700
extra_new_pure_jpg/vids_good/Img 5279.mp4#f01750,Img 5279.mp4,train,0,100_0,pure_new_07,cycling,SVI_colored,150.56095222441377,148.5123730732705,26.0413425012784,29.50798999196435,212.673985499306,151.71456096135583,1.3504239990932367,16.042698320407318,18.3482211633176,135.18384743224487,17.76344060677636,1,frame,1750
extra_new_pure_jpg/vids_good/Img 5300.mp4#f00050,Img 5300.mp4,train,0,100_0,pure_new_08,ambient,ambient,162.0255376344086,125.28061529271208,31.547431302270013,21.416591995221022,209.50749701314217,162.0255376344086,2.128159911781804,42.85102284483484,23.788489007060235,125.50639187574671,28.441945331595686,1,frame,50
extra_new_pure_jpg/vids_good/Img 5300.mp4#f00100,Img 5300.mp4,train,0,100_0,pure_new_08,ambient,ambient,162.8515912677538,126.41826670173592,32.370462914255654,21.52179773803261,208.48420239347712,162.8515912677538,2.0095572222442697,44.45677118856508,22.383822514392413,126.5220443187796,27.68265117484232,1,frame,100
extra_new_pure_jpg/vids_good/Img 5300.mp4#f00150,Img 5300.mp4,train,0,100_0,pure_new_08,ambient,ambient,164.57015243902438,130.4698475609756,43.12088414634146,21.377728658536583,195.6878963414634,164.57015243902438,2.1843863260640872,61.25514239110957,26.328759071499267,130.63515243902438,33.87770323533094,1,frame,150
extra_new_pure_jpg/vids_good/Img 5300.mp4#f00300,Img 5300.mp4,train,0,100_0,pure_new_08,ambient,ambient,160.5144720101781,125.2152070964094,32.75337503534068,21.634630336443312,206.9320928753181,160.5144720101781,1.8345196806708568,42.97518409659381,21.57993673657128,125.146858213175,26.26041416714188,1,frame,300
extra_new_pure_jpg/vids_good/Img 5300.mp4#f00400,Img 5300.mp4,train,0,100_0,pure_new_08,ambient,ambient,158.7703293966989,122.30775113830391,29.40299516220831,21.44304923164485,211.16921599317016,158.7703293966989,1.808546060359673,39.53150334442744,20.34608225597664,122.53791974957312,24.44197184799665,1,frame,400
extra_new_pure_jpg/vids_good/Img 5300.mp4#f00550,Img 5300.mp4,train,0,100_0,pure_new_08,ambient,ambient,161.2007068452381,125.79356398809524,30.833314732142856,21.783872767857144,209.39285714285717,161.2007068452381,1.5799726494777355,39.16626239116873,18.454203679079225,125.46015625,22.7702644959096,1,frame,550
extra_new_pure_jpg/vids_good/Img 5300.mp4#f00650,Img 5300.mp4,train,0,100_0,pure_new_08,ambient,ambient,162.54516062602966,127.83140444810545,32.0795510708402,21.95080313014827,208.06812191103788,162.54516062602966,1.5173724137360405,40.694785177272365,18.559006349904102,127.20831960461284,23.164914744079866,1,frame,650
extra_new_pure_jpg/vids_good/Img 5300.mp4#f00700,Img 5300.mp4,train,0,100_0,pure_new_08,ambient,ambient,162.76673040152963,128.18323773103887,31.76563495857234,22.037085723390696,208.43805768005095,162.76673040152963,1.5002983715294425,40.03702958559067,18.040278271313102,127.44725940089228,22.66628604517844,1,frame,700
extra_new_pure_jpg/vids_good/Img 5300.mp4#f00750,Img 5300.mp4,train,0,100_0,pure_new_08,ambient,ambient,160.47646103896105,125.12241032776748,29.62600494743352,21.834782776747065,210.71903988868277,160.47646103896105,1.404013470635827,36.395143021638326,17.192052275394172,124.7041589363018,21.14471501623033,1,frame,750
extra_new_pure_jpg/vids_good/Img 5300.mp4#f00850,Img 5300.mp4,train,0,100_0,pure_new_08,ambient,ambient,159.1842672413793,124.08375,29.50782327586207,21.837047413793105,210.52810344827583,159.1842672413793,1.424575825372132,35.64276639660692,17.57243783445608,123.7015301724138,21.332190692180163,1,frame,850
extra_new_pure_jpg/vids_good/Img 5300.mp4#f01000,Img 5300.mp4,train,0,100_0,pure_new_08,ambient,ambient,155.6254026610644,118.022181372549,29.28686974789916,20.995098039215687,210.5778711484594,155.6254026610644,1.5783939658389206,39.44095941050994,20.12127783694777,119.06449579831931,24.083509152968777,1,frame,1000
extra_new_pure_jpg/vids_good/Img 5300.mp4#f01050,Img 5300.mp4,train,0,100_0,pure_new_08,ambient,ambient,151.6005797832115,111.94170657927906,26.252410511721703,20.429291656163347,214.06840811696495,151.6005797832115,1.684828751758217,36.06895017969197,20.480573706225808,113.96365326443156,23.748993699271185,1,frame,1050
extra_new_pure_jpg/vids_good/Img 5300.mp4#f01150,Img 5300.mp4,train,0,100_0,pure_new_08,ambient,ambient,148.2093281430219,107.7465830449827,27.24567474048443,19.84310841983852,212.5288783160323,148.2093281430219,1.7957510477834562,41.03237429685646,23.82577868971853,110.62081891580162,26.969974958677785,1,frame,1150
extra_new_pure_jpg/vids_good/Img 5300.mp4#f01200,Img 5300.mp4,train,0,100_0,pure_new_08,ambient,ambient,146.1360294117647,106.36313725490196,28.86686274509804,19.7465931372549,210.0039950980392,146.1360294117647,1.777197800116019,45.99188929689685,24.47980962614841,109.3683455882353,28.55938035622533,1,frame,1200
extra_new_pure_jpg/vids_good/Img 5300.mp4#f01300,Img 5300.mp4,train,0,100_0,pure_new_08,ambient,ambient,140.30227031657964,100.99760321475196,26.61300587467363,19.513381201044385,211.90335345953,140.30227031657964,1.838844299717138,42.74908221284067,26.471147553687757,104.2170365535248,28.961451281154304,1,frame,1300
extra_new_pure_jpg/vids_good/Img 5300.mp4#f01350,Img 5300.mp4,train,0,100_0,pure_new_08,ambient,ambient,139.24442726452776,99.5198428037624,24.980865867800546,19.46897145986342,213.50464663058884,139.24442726452776,1.7339152732864451,39.0383018342982,24.45182363542544,102.8472249065842,26.60866687886983,1,frame,1350
extra_new_pure_jpg/vids_good/Img 5300.mp4#f01450,Img 5300.mp4,train,0,100_0,pure_new_08,ambient,ambient,138.24472693856117,97.33732277262384,21.320267372658847,19.383390950463856,218.2520020129529,138.24472693856117,1.5685063154976515,29.27013926467424,22.39650562544369,100.84901759145808,22.78462958842153,1,frame,1450
extra_new_pure_jpg/vids_good/Img 5300.mp4#f01600,Img 5300.mp4,train,0,100_0,pure_new_08,ambient,ambient,148.69675530400113,108.15129752242632,26.310702335184395,20.00027587925388,213.508294176278,148.69675530400113,1.5298043774342966,37.48285718918477,21.411492574028667,110.8912857753097,24.365760870898445,1,frame,1600
extra_new_pure_jpg/vids_good/Img 5300.mp4#f01800,Img 5300.mp4,train,0,100_0,pure_new_08,ambient,ambient,160.42562029242356,125.82689041500517,28.220582262590455,22.07854268202629,212.7610766504209,160.42562029242356,1.4398626593908097,34.59724539363693,17.528534095441138,124.96266245753952,20.909976720136456,1,frame,1800
extra_new_pure_jpg/vids_good/Img 5301.mp4#f00000,Img 5301.mp4,train,0,100_0,pure_new_08,cycling,SVI_colored,94.39024981529369,131.49765653860362,58.65932074251939,47.37246028814185,150.94705855190247,131.77490072035462,11.767942574943463,32.611637142391764,27.171946764142373,112.05851727004064,24.93530564818215,1,frame,0
extra_new_pure_jpg/vids_good/Img 5301.mp4#f00050,Img 5301.mp4,train,0,100_0,pure_new_08,cycling,SVI_colored,133.83786525974023,106.0603258348794,17.39678513450835,22.69293541280149,222.43903641001856,133.83844503710574,1.4258996765292016,9.080982917132548,18.00494486535168,104.16909206864564,17.186708057285056,1,frame,50
extra_new_pure_jpg/vids_good/Img 5301.mp4#f00200,Img 5301.mp4,train,0,100_0,pure_new_08,cycling,SVI_colored,74.94123493203385,121.4520710438574,70.59396640164145,58.010643754808925,119.56025583482943,122.17430751474735,10.557346644269447,14.66969157468328,23.926575141747044,101.7013657348038,20.20937883134393,1,frame,200
extra_new_pure_jpg/vids_good/Img 5301.mp4#f00300,Img 5301.mp4,train,0,100_0,pure_new_08,cycling,SVI_colored,72.83931091251176,101.96395813734712,60.86627861398558,52.46582000627156,117.97193477579178,103.25511523988712,13.694787370486017,19.616088249370648,25.32695040547782,88.53929523361555,20.07167953023962,1,frame,300
extra_new_pure_jpg/vids_good/Img 5301.mp4#f00450,Img 5301.mp4,train,0,100_0,pure_new_08,cycling,SVI_colored,125.72108763693272,110.18071205007824,23.21719483568075,25.41443661971831,211.6803990610329,125.99197965571204,2.276795520856455,27.660079805818068,21.38948866123135,104.79825899843506,23.50471452602933,1,frame,450
extra_new_pure_jpg/vids_good/Img 5301.mp4#f00550,Img 5301.mp4,train,0,100_0,pure_new_08,cycling,SVI_colored,99.5258232306684,122.58602965268676,22.880733944954127,36.80172837483617,210.63487057667103,122.58602965268676,1.7515108515359188,20.947212440086563,26.39872157136893,104.2783625491481,23.007247854514656,1,frame,550
extra_new_pure_jpg/vids_good/Img 5301.mp4#f00700,Img 5301.mp4,train,0,100_0,pure_new_08,cycling,SVI_colored,59.62883297258297,83.21865981240981,70.27565836940838,69.41450216450217,77.88979076479076,86.57796717171718,13.657044931730706,17.206132198655393,30.061251650152798,74.59005230880231,19.765193807617347,1,frame,700
extra_new_pure_jpg/vids_good/Img 5301.mp4#f00750,Img 5301.mp4,train,0,100_0,pure_new_08,cycling,SVI_colored,118.34382992327366,112.43486253196932,22.324248721227622,28.077205882352946,211.8403932225064,119.8102621483376,2.376722674433735,25.3444962757088,25.541695360985248,103.92950767263429,25.25331988279724,1,frame,750
extra_new_pure_jpg/vids_good/Img 5301.mp4#f00800,Img 5301.mp4,train,0,100_0,pure_new_08,cycling,SVI_colored,76.94233886346301,121.62511918382914,62.56562261632342,53.872234935164,136.01024980930586,122.31657608695652,11.072789792996067,20.14667776380329,25.60267862489339,101.50231216628528,22.45230440099093,1,frame,800
extra_new_pure_jpg/vids_good/Img 5301.mp4#f00850,Img 5301.mp4,train,0,100_0,pure_new_08,cycling,SVI_colored,138.54285834454913,96.50189266487214,21.683988055181697,19.15233849259758,218.87485279273216,138.54285834454913,1.8503167808770031,29.959165039077664,23.52912034076532,100.51106157469718,25.118322863117907,1,frame,850
extra_new_pure_jpg/vids_good/Img 5301.mp4#f01050,Img 5301.mp4,train,0,100_0,pure_new_08,cycling,SVI_colored,96.07591442374051,126.07427536231884,24.94327984817115,38.909269323671495,208.9116847826087,126.07427536231884,2.0430964067120514,24.654592544071065,28.43281395371415,105.56454882677708,25.17874455039929,1,frame,1050
extra_new_pure_jpg/vids_good/Img 5301.mp4#f01150,Img 5301.mp4,train,0,100_0,pure_new_08,cycling,SVI_colored,96.67516035669588,122.94792318523156,22.22009934292866,37.82229740300375,211.67916927409263,122.94792318523156,1.3185684735960683,19.2825874812802,27.094713875849003,103.57165206508137,23.59113898818882,1,frame,1150
extra_new_pure_jpg/vids_good/Img 5301.mp4#f01250,Img 5301.mp4,train,0,100_0,pure_new_08,cycling,SVI_colored,132.7789917166524,131.74393030562698,23.09018851756641,29.58829620108541,212.9718651813768,134.12389317337903,1.3566492271890056,17.24846240985689,25.40708346924216,119.55867966295344,23.804073397433665,1,frame,1250
extra_new_pure_jpg/vids_good/Img 5301.mp4#f01350,Img 5301.mp4,train,0,100_0,pure_new_08,cycling,SVI_colored,138.92103149100257,129.38876928020565,21.395485218509,27.497814910025703,216.61807519280205,139.04860218508998,1.1411874736696277,11.525341103618468,20.26839035216431,119.8662114395887,19.470867988754357,1,frame,1350
extra_new_pure_jpg/vids_good/Img 5301.mp4#f01450,Img 5301.mp4,train,0,100_0,pure_new_08,cycling,SVI_colored,138.53289397450754,127.20763325608344,20.776376013904983,27.042424681344148,217.2789397450753,138.56470162224798,1.0148287712423396,8.728227487592441,18.573415670458505,118.34012166859792,17.78216296090122,1,frame,1450
extra_new_pure_jpg/vids_good/Img 5301.mp4#f01500,Img 5301.mp4,train,0,100_0,pure_new_08,cycling,SVI_colored,51.96540951260039,54.61567952090834,82.5885402243146,117.96669897535308,87.20767273608419,82.58860945721406,3.090529012897085,33.41927993804998,43.750006797460365,56.92020042924398,23.657172430268197,1,frame,1500
extra_new_pure_jpg/vids_good/Img 5301.mp4#f01550,Img 5301.mp4,train,0,100_0,pure_new_08,cycling,SVI_colored,130.9787368179734,136.61223826990678,22.77867568393703,31.409492969585816,213.3986321259361,136.6695514290081,1.0232773678685667,10.931877431536334,21.600676422249794,121.9508635182638,19.032074641024924,1,frame,1550
extra_new_pure_jpg/vids_good/Img 5301.mp4#f01600,Img 5301.mp4,train,0,100_0,pure_new_08,cycling,SVI_colored,47.26785592874626,53.86695165896111,86.48896008974708,114.27845390263802,109.5531683437585,86.48896008974708,2.565885850136462,29.768023855220573,41.77418444715366,55.57282601305412,20.95056026142646,1,frame,1600
extra_new_pure_jpg/vids_good/Img 5301.mp4#f01700,Img 5301.mp4,train,0,100_0,pure_new_08,cycling,SVI_colored,59.0566856226305,83.5326990376203,71.31233595800525,72.26822688830563,79.3581765820939,86.33978565179352,12.84669457414358,14.879729797637742,26.63559976615919,74.72809128025663,17.909748438332674,1,frame,1700
extra_new_pure_jpg/vids_good/Img 5301.mp4#f01750,Img 5301.mp4,train,0,100_0,pure_new_08,cycling,SVI_colored,87.62068070591725,119.78711256117457,19.432550422660537,39.65192607148153,214.46008823965596,119.78711256117457,0.930913723788073,10.381093058834097,19.737334285221337,98.67795306243512,16.688968386144584,1,frame,1750
extra_new_pure_jpg/vids_good/Img 5327.mp4#f00050,Img 5327.mp4,train,0,100_0,pure_new_09,ambient,ambient,161.74602466331334,129.98292227811132,34.38737222132079,22.178241116339446,205.4327032289469,161.74602466331334,2.9755501356965897,52.41739785480202,23.582346859841085,128.54841392179134,28.62948622773623,1,frame,50
extra_new_pure_jpg/vids_good/Img 5327.mp4#f00100,Img 5327.mp4,train,0,100_0,pure_new_09,ambient,ambient,163.1314299545378,131.85381587809397,35.98660338440815,22.291263259808048,203.65414000673516,163.1314299545378,2.441640148061802,54.63498481585638,23.350751005517044,130.2406444687658,28.93524098411437,1,frame,100
extra_new_pure_jpg/vids_good/Img 5327.mp4#f00150,Img 5327.mp4,train,0,100_0,pure_new_09,ambient,ambient,163.86736199382605,132.18264254585074,34.556405483929545,22.32009260940621,205.65413337570365,163.86745278736154,2.445929039731024,51.60653746764725,22.167650890827595,130.4854503359361,27.445356375242056,1,frame,150
extra_new_pure_jpg/vids_good/Img 5327.mp4#f00300,Img 5327.mp4,train,0,100_0,pure_new_09,ambient,ambient,161.15714673913044,128.564375,30.97851902173913,22.252527173913045,209.6711956521739,161.15720108695652,1.9299362526982515,46.18180091255577,20.48214598431052,127.14508152173912,25.1197157593455,1,frame,300
extra_new_pure_jpg/vids_good/Img 5327.mp4#f00400,Img 5327.mp4,train,0,100_0,pure_new_09,ambient,ambient,159.781146179402,126.85257475083056,29.232308970099663,22.18579734219269,211.57548449612403,159.781146179402,1.9520562605679723,42.088536905637135,20.12709682475964,125.53893964562567,23.90520988325032,1,frame,400
extra_new_pure_jpg/vids_good/Img 5327.mp4#f00550,Img 5327.mp4,train,0,100_0,pure_new_09,ambient,ambient,162.93783097969992,130.71850176522506,32.49324249779347,22.32252592674316,208.04140004413065,162.93799646954986,2.5161933794490503,48.00177463280559,18.85060360839126,129.1156498234775,24.08770570652056,1,frame,550
extra_new_pure_jpg/vids_good/Img 5327.mp4#f00650,Img 5327.mp4,train,0,100_0,pure_new_09,ambient,ambient,164.95593586536276,132.5929042528997,30.43936206504435,22.62465885831249,210.9466966113259,164.9561064362065,3.305516246169855,42.21894622699794,17.137065693747278,130.57810723220376,21.604802588629777,1,frame,650
extra_new_pure_jpg/vids_good/Img 5327.mp4#f00700,Img 5327.mp4,train,0,100_0,pure_new_09,ambient,ambient,164.22364124418863,131.55893015275626,28.966377020146115,22.604494133274297,212.6144841709099,164.22364124418863,2.2606684457932564,38.94088539463861,16.002759426307836,129.58888642904583,20.178310113777155,1,frame,700
extra_new_pure_jpg/vids_good/Img 5327.mp4#f00750,Img 5327.mp4,train,0,100_0,pure_new_09,ambient,ambient,163.8768557500554,131.1687347662309,29.235389430534013,22.595418790161755,212.2270247064037,163.8768557500554,3.467079844897495,39.76522047002007,16.418129193886323,129.28174163527586,20.65265437760599,1,frame,750
extra_new_pure_jpg/vids_good/Img 5327.mp4#f00850,Img 5327.mp4,train,0,100_0,pure_new_09,ambient,ambient,163.363222328447,130.92504514552795,28.366355959209688,22.66199277671553,213.15872636498835,163.363222328447,1.5429104508658973,38.523913940667526,15.54892113781862,128.89405406840876,19.8133638432029,1,frame,850
extra_new_pure_jpg/vids_good/Img 5327.mp4#f01000,Img 5327.mp4,train,0,100_0,pure_new_09,ambient,ambient,157.22860990263104,122.43220426766108,26.127576652164905,21.894629169256262,215.03372954215868,157.22860990263104,1.5364270876998665,35.30031952707032,17.115507302325618,121.7806220219598,20.26852190214821,1,frame,1000
extra_new_pure_jpg/vids_good/Img 5327.mp4#f01050,Img 5327.mp4,train,0,100_0,pure_new_09,ambient,ambient,156.19886363636363,120.93693181818182,25.402660123966943,21.81621900826446,215.72279183884297,156.19886363636363,1.4096059768199836,34.108461423172535,16.31689722564661,120.50348657024792,19.441269318639176,1,frame,1050
extra_new_pure_jpg/vids_good/Img 5327.mp4#f01150,Img 5327.mp4,train,0,100_0,pure_new_09,ambient,ambient,153.6145082511381,118.0875260811836,23.23438685508346,21.73991132397572,218.1727048558422,153.6145082511381,1.3621055037572154,28.68896958682659,16.205115570009244,117.80890790971168,18.268490664772266,1,frame,1150
extra_new_pure_jpg/vids_good/Img 5327.mp4#f01200,Img 5327.mp4,train,0,100_0,pure_new_09,ambient,ambient,153.02583433424846,117.37805636582016,23.795748970487303,21.619519989704877,217.2314794955388,153.02583433424846,1.4287137099473872,30.064587538317983,17.175699141869583,117.27436513383664,19.08028494370865,1,frame,1200
extra_new_pure_jpg/vids_good/Img 5327.mp4#f01300,Img 5327.mp4,train,0,100_0,pure_new_09,ambient,ambient,147.03540857430585,109.52307221982448,24.40034707236369,20.6873561358078,215.6457164436772,147.03540857430585,1.3818241683662518,36.94030659391773,19.4983216415438,110.9193101711984,21.874060369789177,1,frame,1300
extra_new_pure_jpg/vids_good/Img 5327.mp4#f01350,Img 5327.mp4,train,0,100_0,pure_new_09,ambient,ambient,147.1454440811424,109.26332076604832,23.592511343920997,20.701179434138528,216.48070699319365,147.1454440811424,1.3335945859912748,34.417294464774784,18.037636301118244,110.70954557587082,20.27357718073653,1,frame,1350
extra_new_pure_jpg/vids_good/Img 5327.mp4#f01450,Img 5327.mp4,train,0,100_0,pure_new_09,ambient,ambient,151.59124557760344,114.31774919243192,26.33816912782649,20.9330006922012,213.69144170127672,151.59124557760344,1.506925514441742,39.268357020290686,19.350298408414357,115.31126942008922,22.277374372167877,1,frame,1450
extra_new_pure_jpg/vids_good/Img 5327.mp4#f01600,Img 5327.mp4,train,0,100_0,pure_new_09,ambient,ambient,141.99243928070996,102.6240755877316,21.785740697493384,20.06477697337693,218.1390802584462,141.99243928070996,1.108716419463449,31.81509619174461,15.951881049079477,105.09843531060253,18.011225737654982,1,frame,1600
extra_new_pure_jpg/vids_good/Img 5327.mp4#f01800,Img 5327.mp4,train,0,100_0,pure_new_09,ambient,ambient,161.4914011654306,127.66572385348871,23.99563909489935,22.53704404419555,218.29269146359923,161.49143900408657,1.4825715957175578,24.73915739155096,12.346613869314124,125.91772930225518,14.527978014317052,1,frame,1800
extra_new_pure_jpg/vids_good/Img 5328.mp4#f00000,Img 5328.mp4,train,0,100_0,pure_new_09,cycling,SVI_colored,152.9494515860834,97.58177443080072,15.943423829623944,17.78005883857764,229.0642347787158,152.9494515860834,1.1736499062529089,12.038430986582451,16.943094253271635,104.74652244819649,15.417910451043472,1,frame,0
extra_new_pure_jpg/vids_good/Img 5328.mp4#f00050,Img 5328.mp4,train,0,100_0,pure_new_09,cycling,SVI_colored,137.01275629077352,84.41962621488483,20.775762215417387,19.623660298229264,218.65067900412728,137.0250715617095,21.509977289361554,29.30569661718957,15.95719331631833,92.79222972972973,14.988207426849632,1,frame,50
extra_new_pure_jpg/vids_good/Img 5328.mp4#f00200,Img 5328.mp4,train,0,100_0,pure_new_09,cycling,SVI_colored,53.576633339476594,52.6515043309989,55.85289577957981,65.43015112421674,26.37612882417988,58.56202773682271,60.65866129163537,27.59713808729593,27.99637468892027,53.254480740877256,14.230146167706495,1,frame,200
extra_new_pure_jpg/vids_good/Img 5328.mp4#f00300,Img 5328.mp4,train,0,100_0,pure_new_09,cycling,SVI_colored,83.17600040217172,121.91659963804544,50.58631610697768,46.777674441986726,151.15709833098734,122.02161673034384,5.986431324671767,18.476816534014567,18.31646792988212,102.1407852402976,15.350628725854657,1,frame,300
extra_new_pure_jpg/vids_good/Img 5328.mp4#f00450,Img 5328.mp4,train,0,100_0,pure_new_09,cycling,SVI_colored,57.41703121624541,53.72607474616548,55.26332631237848,52.170744221214086,35.519739684597106,60.82473266364226,62.460423932244254,20.98075400253964,24.22674309950856,54.91520846835169,13.550169369353966,1,frame,450
extra_new_pure_jpg/vids_good/Img 5328.mp4#f00550,Img 5328.mp4,train,0,100_0,pure_new_09,cycling,SVI_colored,76.23018455301899,105.42940580328568,57.07891508427566,49.10970503520375,124.00693407296778,106.23471836995948,10.214389279614142,16.72899728777713,21.22489496058208,91.12602677618946,16.7026168569348,1,frame,550
extra_new_pure_jpg/vids_good/Img 5328.mp4#f00700,Img 5328.mp4,train,0,100_0,pure_new_09,cycling,SVI_colored,105.75309244791669,66.4809069511218,24.577298677884617,20.336062700320515,200.40231870993588,105.88159805689102,25.383708354024208,30.024471249804137,14.849090331875384,73.47071564503206,14.11464224838701,1,frame,700
extra_new_pure_jpg/vids_good/Img 5328.mp4#f00750,Img 5328.mp4,train,0,100_0,pure_new_09,cycling,SVI_colored,153.25924085850556,115.6712539745628,25.284938891096974,21.17814735691574,215.8680072535771,153.25924085850556,1.1979828310209937,35.415631371790994,18.14870206339468,116.47688543322737,21.053065814370395,1,frame,750
extra_new_pure_jpg/vids_good/Img 5328.mp4#f00800,Img 5328.mp4,train,0,100_0,pure_new_09,cycling,SVI_colored,59.13953606158833,53.53028768233387,57.25916734197731,74.08827998379255,39.68611983387358,62.81371555915721,72.25660715500057,21.29952941283181,23.761857107819843,55.54077188006483,13.71916422047105,1,frame,800
extra_new_pure_jpg/vids_good/Img 5328.mp4#f00850,Img 5328.mp4,train,0,100_0,pure_new_09,cycling,SVI_colored,146.4084521431166,149.2048560661097,28.37066382128587,30.58108200145296,209.5196490192517,150.09869914638577,1.7438622558495676,22.065921668027425,23.6047287303049,134.50857019614966,22.17569216980451,1,frame,850
extra_new_pure_jpg/vids_good/Img 5328.mp4#f01050,Img 5328.mp4,train,0,100_0,pure_new_09,cycling,SVI_colored,156.03177927098673,97.51383008100149,24.365150957290133,16.578297588365242,218.95605900220917,156.03177927098673,1.2541774126899063,36.93716010769184,19.81552156520754,106.60260953608248,23.66684655635981,1,frame,1050
extra_new_pure_jpg/vids_good/Img 5328.mp4#f01150,Img 5328.mp4,train,0,100_0,pure_new_09,cycling,SVI_colored,68.49145579588408,51.62265067198656,43.046369697606046,24.807066358672827,116.27088145737083,71.54374475010499,38.40203365763063,17.187912217805547,26.626608366127005,55.65115760184796,17.514936745881982,1,frame,1150
extra_new_pure_jpg/vids_good/Img 5328.mp4#f01250,Img 5328.mp4,train,0,100_0,pure_new_09,cycling,SVI_colored,47.21679350947731,52.05889814282979,52.11823903886656,66.96325148382157,50.84237985831897,57.55012684281065,30.719341475083336,31.96375407576224,31.659878529670507,50.58408721041547,18.75284173984308,1,frame,1250
extra_new_pure_jpg/vids_good/Img 5328.mp4#f01350,Img 5328.mp4,train,0,100_0,pure_new_09,cycling,SVI_colored,83.24626266069342,108.40021182313986,30.515667608102845,41.74492354888975,194.57156943903388,108.87333219711726,11.69890859020556,36.79438917732776,25.742611728386244,91.95540757693806,23.50877787234909,1,frame,1350
extra_new_pure_jpg/vids_good/Img 5328.mp4#f01450,Img 5328.mp4,train,0,100_0,pure_new_09,cycling,SVI_colored,146.83013676551852,108.5551321606189,19.02921808804568,20.923869497144963,223.2518534720943,146.83013676551852,1.4894929984517142,17.29234387192502,19.10798000666858,109.66202339289003,18.80758538561048,1,frame,1450
extra_new_pure_jpg/vids_good/Img 5328.mp4#f01500,Img 5328.mp4,train,0,100_0,pure_new_09,cycling,SVI_colored,50.09659740365774,49.43061112018289,58.75780739712606,99.24689745264531,40.61038536903985,59.62076461463096,51.99366449976612,36.947848017671134,30.73131813701172,50.73686520248204,17.559805140364112,1,frame,1500
extra_new_pure_jpg/vids_good/Img 5328.mp4#f01550,Img 5328.mp4,train,0,100_0,pure_new_09,cycling,SVI_colored,115.31553167957024,127.32923842629168,21.586625059251062,33.37975983567704,213.17831608468956,127.33010744193396,1.0686831245169484,14.83612328276,22.910562479519637,111.5827144888608,20.26658306561537,1,frame,1550
extra_new_pure_jpg/vids_good/Img 5328.mp4#f01600,Img 5328.mp4,train,0,100_0,pure_new_09,cycling,SVI_colored,88.78375906283566,122.51600261815253,50.82564950322234,45.5593783566058,154.38957606068743,122.89106975026851,9.447266154730006,23.780968159249127,23.711122883981595,104.20816830021482,21.009239216588966,1,frame,1600
extra_new_pure_jpg/vids_good/Img 5328.mp4#f01700,Img 5328.mp4,train,0,100_0,pure_new_09,cycling,SVI_colored,144.76615561063068,86.12947558531955,19.37721472263236,17.193722315967097,221.9483890529424,144.76615561063068,14.360916085408878,21.829730538949903,17.070891761716002,95.97118224003374,15.34285151983357,1,frame,1700
extra_new_pure_jpg/vids_good/Img 5328.mp4#f01750,Img 5328.mp4,train,0,100_0,pure_new_09,cycling,SVI_colored,64.73274864529239,53.44154295552043,54.57969490855724,62.53211785956198,62.133805599458114,67.07548967035449,72.6037593115031,15.43373361921558,22.271845247062103,56.87620653646421,14.195213474912777,1,frame,1750
extra_new_pure_jpg/vids_good/Img 5349.mp4#f00050,Img 5349.mp4,train,0,100_0,pure_new_10,ambient,ambient,157.05887107202898,121.84081210397,26.977765744213112,21.687322190611663,214.17566759343077,157.05890340100868,1.9808471939424448,34.45444003880907,23.788359806126262,121.47247187378768,26.105641998520884,1,frame,50
extra_new_pure_jpg/vids_good/Img 5349.mp4#f00100,Img 5349.mp4,train,0,100_0,pure_new_10,ambient,ambient,156.21211754453913,121.42364607539376,28.634932545830107,21.64510715207849,212.08772269558483,156.21211754453913,1.929927227024133,39.94433096477702,24.52567338126866,121.16900658404336,27.54302873683087,1,frame,100
extra_new_pure_jpg/vids_good/Img 5349.mp4#f00150,Img 5349.mp4,train,0,100_0,pure_new_10,ambient,ambient,157.11695724366956,122.13252386882525,29.086870416493703,21.63532586135326,211.63799813200495,157.11695724366956,1.797213004204531,40.63025039927365,22.974123464321625,121.89368859831188,26.47648169414509,1,frame,150
extra_new_pure_jpg/vids_good/Img 5349.mp4#f00300,Img 5349.mp4,train,0,100_0,pure_new_10,ambient,ambient,154.7623656830974,119.57163568139178,26.62953053044517,21.644976974245267,214.390595684803,154.7623656830974,1.7393235431734786,36.83820452973398,21.703643163172387,119.4167981408835,24.661771082811608,1,frame,300
extra_new_pure_jpg/vids_good/Img 5349.mp4#f00400,Img 5349.mp4,train,0,100_0,pure_new_10,ambient,ambient,155.0676066350711,119.86462085308057,26.43931279620853,21.6717654028436,214.60261848341236,155.0676066350711,1.641652433597528,36.76852327154417,20.078233904809935,119.6452251184834,23.18753494797452,1,frame,400
extra_new_pure_jpg/vids_good/Img 5349.mp4#f00550,Img 5349.mp4,train,0,100_0,pure_new_10,ambient,ambient,151.3345863710004,116.09957219522072,25.98819106925881,21.45644744835966,214.5545261239368,151.3345863710004,1.5353277711277291,36.60134635294644,20.12650296308121,116.27517466585662,23.04388281038169,1,frame,550
extra_new_pure_jpg/vids_good/Img 5349.mp4#f00650,Img 5349.mp4,train,0,100_0,pure_new_10,ambient,ambient,153.29397600086097,118.27971642272922,26.52705284115368,21.603825871717607,214.0774725570383,153.29397600086097,2.142109628921492,36.75131791857181,19.459392337670327,118.19854444683598,22.49073226004313,1,frame,650
extra_new_pure_jpg/vids_good/Img 5349.mp4#f00700,Img 5349.mp4,train,0,100_0,pure_new_10,ambient,ambient,150.21025339602926,115.22953239289446,25.00522466039708,21.54597701149425,215.5308908045977,150.21025339602926,1.4443714890659525,35.01337051361535,19.027081752305996,115.33486154649948,21.729973471107154,1,frame,700
extra_new_pure_jpg/vids_good/Img 5349.mp4#f00750,Img 5349.mp4,train,0,100_0,pure_new_10,ambient,ambient,152.41295644634843,117.00801968584253,24.70702009383925,21.603873419012647,216.16483068135452,152.41300744594042,1.3623226046432952,32.00325963804486,17.899162094773235,116.97725418196654,20.366883478924358,1,frame,750
extra_new_pure_jpg/vids_good/Img 5349.mp4#f00850,Img 5349.mp4,train,0,100_0,pure_new_10,ambient,ambient,155.3158531861321,120.71712182839434,25.91598876622119,21.897830718574472,215.10218138679065,155.3158531861321,1.475047851382295,33.74013447658142,17.91646163731927,120.17730728258763,20.99564103402636,1,frame,850
extra_new_pure_jpg/vids_good/Img 5349.mp4#f01000,Img 5349.mp4,train,0,100_0,pure_new_10,ambient,ambient,147.75653580290677,111.64788638780574,23.941388248847925,21.175104129741225,216.3104506380716,147.75653580290677,1.391467998566896,31.491284499581447,18.8648952706298,112.36619328252392,20.88601615281794,1,frame,1000
extra_new_pure_jpg/vids_good/Img 5349.mp4#f01050,Img 5349.mp4,train,0,100_0,pure_new_10,ambient,ambient,142.74326873606586,106.10024009603842,23.92246184187961,20.66759560967244,215.54523237866576,142.74326873606586,1.4717494720210962,34.97236075776672,20.193140257152088,107.6238209569542,22.51951116253032,1,frame,1050
extra_new_pure_jpg/vids_good/Img 5349.mp4#f01150,Img 5349.mp4,train,0,100_0,pure_new_10,ambient,ambient,134.97862488660417,97.86711899002115,21.99032355609313,20.052587314786816,216.78400929845785,134.97862488660417,1.420515105583664,34.115668227509914,22.105744686719365,100.25435628968854,23.213669198722886,1,frame,1150
extra_new_pure_jpg/vids_good/Img 5349.mp4#f01200,Img 5349.mp4,train,0,100_0,pure_new_10,ambient,ambient,135.89658151401628,98.15578575119494,21.54774899883736,20.038520539981917,217.3750403694613,135.89658151401628,1.24064519952629,31.02982311404634,20.65382021100835,100.63853991732334,21.417450042775048,1,frame,1200
extra_new_pure_jpg/vids_good/Img 5349.mp4#f01300,Img 5349.mp4,train,0,100_0,pure_new_10,ambient,ambient,138.96447274881515,101.2020556872038,21.866332938388627,20.184567535545025,217.37428317535543,138.96447274881515,1.493074054720565,29.360666833220524,22.17226448649242,103.37984597156398,22.16654553002269,1,frame,1300
extra_new_pure_jpg/vids_good/Img 5349.mp4#f01350,Img 5349.mp4,train,0,100_0,pure_new_10,ambient,ambient,138.07748803717678,100.15478627956196,21.937747308364774,20.061873102052083,216.91176267599155,138.07748803717678,1.428880493179946,29.012932738261743,22.03667080977027,102.50238106193062,21.94856705747573,1,frame,1350
extra_new_pure_jpg/vids_good/Img 5349.mp4#f01450,Img 5349.mp4,train,0,100_0,pure_new_10,ambient,ambient,144.6462729748128,106.85885685111349,23.86405961295342,20.448598414859475,215.1125218807741,144.6462729748128,1.5017156401327547,28.835887557475967,21.76794807446783,108.60746499076146,21.92454741585614,1,frame,1450
extra_new_pure_jpg/vids_good/Img 5349.mp4#f01600,Img 5349.mp4,train,0,100_0,pure_new_10,ambient,ambient,146.43247335271317,108.36795461886304,22.431221737726094,20.68678671403962,217.716159291559,146.43247335271317,1.5175082992719442,25.078546172191,17.863756373966435,109.86456987510766,19.2458894423058,1,frame,1600
extra_new_pure_jpg/vids_good/Img 5349.mp4#f01800,Img 5349.mp4,train,0,100_0,pure_new_10,ambient,ambient,159.00990277277637,124.97884407634136,24.503510983075262,22.33611661265154,217.37112141399592,159.00990277277637,2.0258131337327447,25.08764405296637,17.594892282369603,123.64520315688392,19.053028550807536,1,frame,1800
extra_new_pure_jpg/vids_good/Img 5350.mp4#f00000,Img 5350.mp4,train,0,100_0,pure_new_10,cycling,SVI_colored,51.97906361818565,54.86122000631446,55.4270942959377,81.06913676068196,37.88814854767418,58.92306882761524,34.391188262951744,25.25638593622821,19.24577558174507,53.99507340559882,15.975537702058764,1,frame,0
extra_new_pure_jpg/vids_good/Img 5350.mp4#f00050,Img 5350.mp4,train,0,100_0,pure_new_10,cycling,SVI_colored,148.5674725892606,138.35535563677257,23.26613895136351,27.39872083216193,216.23954526286195,148.59101771155468,1.3237999673699776,14.844184319619366,22.919593476227156,128.1706933511386,22.554553199634626,1,frame,50
extra_new_pure_jpg/vids_good/Img 5350.mp4#f00200,Img 5350.mp4,train,0,100_0,pure_new_10,cycling,SVI_colored,82.99026377798141,101.57704706113364,26.342371383688963,38.14912783086791,193.82818431731903,101.670089344155,6.444054991704663,30.372584871189723,23.14323247569104,87.38280534101322,21.48550347863724,1,frame,200
extra_new_pure_jpg/vids_good/Img 5350.mp4#f00300,Img 5350.mp4,train,0,100_0,pure_new_10,cycling,SVI_colored,94.95160049809552,112.01803765016116,23.098914078523293,36.29426091415177,207.37522890418987,112.02671769704072,5.6358374152495605,31.26701027581076,23.424834288954685,96.7446802666276,22.20842990367797,1,frame,300
extra_new_pure_jpg/vids_good/Img 5350.mp4#f00450,Img 5350.mp4,train,0,100_0,pure_new_10,cycling,SVI_colored,137.34807392851846,79.16164911760345,16.0134769390479,15.493928889218449,227.5805557615305,137.34807392851846,3.659409290488969,25.1295287294728,20.509003698878715,89.29133916654308,19.91069632506094,1,frame,450
extra_new_pure_jpg/vids_good/Img 5350.mp4#f00550,Img 5350.mp4,train,0,100_0,pure_new_10,cycling,SVI_colored,67.25269364632702,61.75490595379147,33.87884145438389,27.203106486966824,131.5924633441943,67.87579606042654,16.375226518102583,33.92791392500418,21.147676576774323,60.20318053909953,18.47449602456476,1,frame,550
extra_new_pure_jpg/vids_good/Img 5350.mp4#f00700,Img 5350.mp4,train,0,100_0,pure_new_10,cycling,SVI_colored,160.8728322259136,115.30220099667774,22.80794850498339,20.036926910299,221.0629734219269,160.8728322259136,2.079203749164159,24.253243872415126,22.08919399045451,118.33703488372092,24.09475592258371,1,frame,700
extra_new_pure_jpg/vids_good/Img 5350.mp4#f00750,Img 5350.mp4,train,0,100_0,pure_new_10,cycling,SVI_colored,115.07050583657588,108.09528210116731,23.880184824902724,28.181682879377437,207.11645914396888,115.31287937743193,5.9360008522011976,36.70527265095067,21.975750817774244,100.5468579766537,22.69559734751157,1,frame,750
extra_new_pure_jpg/vids_good/Img 5350.mp4#f00800,Img 5350.mp4,train,0,100_0,pure_new_10,cycling,SVI_colored,156.49150616975157,96.29811780890444,19.864526013006504,16.688114890778724,224.7118976154744,156.49150616975157,1.5441859462485958,27.61852399117752,19.561995818366437,105.50365807903952,19.815480604675702,1,frame,800
extra_new_pure_jpg/vids_good/Img 5350.mp4#f00850,Img 5350.mp4,train,0,100_0,pure_new_10,cycling,SVI_colored,165.018497085048,105.64276834705076,22.67455418381344,17.592539008916322,222.20929783950615,165.018497085048,7.159831806990577,30.30153573170344,20.86972954349464,113.84904406721536,21.106634219795684,1,frame,850
extra_new_pure_jpg/vids_good/Img 5350.mp4#f01050,Img 5350.mp4,train,0,100_0,pure_new_10,cycling,SVI_colored,122.15068971803598,120.35997508507536,19.336199562469616,29.374012518230437,216.0778743315508,122.7532662858532,1.1661418249074889,15.51253022790652,20.689639687849787,109.27143595041322,19.75991704008388,1,frame,1050
extra_new_pure_jpg/vids_good/Img 5350.mp4#f01150,Img 5350.mp4,train,0,100_0,pure_new_10,cycling,SVI_colored,160.34983840304182,99.11067490494295,16.249325095057035,17.185085551330797,230.0297148288973,160.34983840304182,1.3217801081412626,13.468381897811383,21.100266224973584,107.88992395437262,18.14985762846036,1,frame,1150
extra_new_pure_jpg/vids_good/Img 5350.mp4#f01250,Img 5350.mp4,train,0,100_0,pure_new_10,cycling,SVI_colored,95.14955381810144,74.43693363907614,36.86597275942093,20.899470936015028,159.08650127085866,95.35504613769476,15.300119004732233,23.5919644572506,15.515027760197004,76.27471267543375,14.29786002775963,1,frame,1250
extra_new_pure_jpg/vids_good/Img 5350.mp4#f01350,Img 5350.mp4,train,0,100_0,pure_new_10,cycling,SVI_colored,79.47251707455891,72.34516932270917,45.49881900967559,26.576977803073422,114.68906516789984,80.35319436539557,17.48764811266264,24.26744858551511,18.66399162997604,71.43956317586796,15.29240760735733,1,frame,1350
extra_new_pure_jpg/vids_good/Img 5350.mp4#f01450,Img 5350.mp4,train,0,100_0,pure_new_10,cycling,SVI_colored,111.0359160958904,131.00773605675147,29.10515533268102,36.30317392367906,202.3426797945205,131.0167135518591,5.373117902367738,32.61899607516721,25.181082844678656,113.38738992172212,23.242858202559383,1,frame,1450
extra_new_pure_jpg/vids_good/Img 5350.mp4#f01500,Img 5350.mp4,train,0,100_0,pure_new_10,cycling,SVI_colored,171.05210496711666,104.32365221529942,19.71389862409138,16.725288811007267,227.08734099169263,171.05210496711666,1.3837917787143497,21.65759212305184,20.69673207152156,114.54634497230876,20.39673604803438,1,frame,1500
extra_new_pure_jpg/vids_good/Img 5350.mp4#f01550,Img 5350.mp4,train,0,100_0,pure_new_10,cycling,SVI_colored,163.47097243957572,99.2664427925578,20.437000086941403,16.84390758129021,225.17317097026603,163.47097243957572,8.676876086906052,27.98262517406972,20.422619368813454,109.3828029907842,20.22917222964934,1,frame,1550
extra_new_pure_jpg/vids_good/Img 5350.mp4#f01600,Img 5350.mp4,train,0,100_0,pure_new_10,cycling,SVI_colored,84.74200587819323,67.68557190842394,35.08631110227172,22.301506010784053,153.84815588261293,85.10735989569521,18.947354848465693,28.374249548830424,17.408267276628436,69.07762640325289,15.730108509054224,1,frame,1600
extra_new_pure_jpg/vids_good/Img 5350.mp4#f01700,Img 5350.mp4,train,0,100_0,pure_new_10,cycling,SVI_colored,68.32684573702481,62.90005609177885,28.68074252815172,27.816294132588265,152.76316569299806,68.8748835831005,13.814841889123706,34.87431867520015,19.882761607615837,60.59676890187114,16.993708025440394,1,frame,1700
extra_new_pure_jpg/vids_good/Img 5350.mp4#f01750,Img 5350.mp4,train,0,100_0,pure_new_10,cycling,SVI_colored,122.20207023776987,126.10516306823358,21.306020542953448,31.08164799125444,213.79376765054204,126.41180422702011,1.1966576082329203,17.1762954891703,19.839083999446046,112.95634622392276,18.338663069912723,1,frame,1750
extra_new_pure_jpg/vids_good/Img 5371.mp4#f00050,Img 5371.mp4,train,0,100_0,pure_new_11,ambient,ambient,149.87497768255668,115.04816104267096,22.83514104624174,21.593554722371007,218.0020643635065,149.87497768255668,1.8327194111989025,26.83810966271566,22.516330751937737,114.90651222995892,23.05215368260866,1,frame,50
extra_new_pure_jpg/vids_good/Img 5371.mp4#f00100,Img 5371.mp4,train,0,100_0,pure_new_11,ambient,ambient,153.08785238841034,118.50107674236492,24.34242854346124,21.78102975724354,216.6704556577917,153.08785238841034,1.749480109791749,31.864036912379085,21.54879220797978,118.05926977290524,23.10216652386457,1,frame,100
extra_new_pure_jpg/vids_good/Img 5371.mp4#f00150,Img 5371.mp4,train,0,100_0,pure_new_11,ambient,ambient,156.3272374062165,123.46969899964272,35.20030591282601,21.6072592890318,203.8204939264023,156.32737138263664,1.9607891491153937,54.17077030186326,25.99109823709922,123.1832685780636,30.99103932830104,1,frame,150
extra_new_pure_jpg/vids_good/Img 5371.mp4#f00300,Img 5371.mp4,train,0,100_0,pure_new_11,ambient,ambient,156.59914445074682,124.40742578937416,36.15843023255814,21.75103989411987,202.66283796558892,156.59914445074682,1.8164916861536813,56.030023124748304,25.64438817282792,123.93633011911514,31.022658770454427,1,frame,300
extra_new_pure_jpg/vids_good/Img 5371.mp4#f00400,Img 5371.mp4,train,0,100_0,pure_new_11,ambient,ambient,157.03754940711462,124.45568961930518,33.528838152693986,21.925850322446436,205.808690451425,157.03754940711462,1.670063247028604,51.17174942123946,22.441112163866592,123.78548210942375,27.637977625460305,1,frame,400
extra_new_pure_jpg/vids_good/Img 5371.mp4#f00550,Img 5371.mp4,train,0,100_0,pure_new_11,ambient,ambient,159.21956839242546,126.72420175261884,32.2967868654311,22.17497230056406,207.585163174859,159.21956839242546,1.867397998901044,47.13882096783581,19.644684457957467,125.61039484286866,24.607004272604577,1,frame,550
extra_new_pure_jpg/vids_good/Img 5371.mp4#f00650,Img 5371.mp4,train,0,100_0,pure_new_11,ambient,ambient,160.26788415820187,128.2133671925654,32.2472714501837,22.33835368489302,207.8003430948779,160.26788415820187,1.5876674907564283,46.45635058426146,18.975574984381304,126.80850172898208,23.83750759928968,1,frame,650
extra_new_pure_jpg/vids_good/Img 5371.mp4#f00700,Img 5371.mp4,train,0,100_0,pure_new_11,ambient,ambient,159.68576614651062,127.1875,29.60679453836151,22.420500108365843,211.06472149978327,159.6858745123537,1.4594254771828388,41.03658469710341,18.109766302682804,125.73382639791936,22.19944886764263,1,frame,700
extra_new_pure_jpg/vids_good/Img 5371.mp4#f00750,Img 5371.mp4,train,0,100_0,pure_new_11,ambient,ambient,159.07696566998894,126.57475083056478,28.73767995570321,22.43307032115172,212.00521871539317,159.07696566998894,2.167943214761482,38.81980495595213,17.408177101451468,125.115573089701,21.06694166250873,1,frame,750
extra_new_pure_jpg/vids_good/Img 5371.mp4#f00850,Img 5371.mp4,train,0,100_0,pure_new_11,ambient,ambient,153.70222286374133,120.005404798563,27.364880035925072,21.92284128817039,212.47773928663077,153.70222286374133,1.3285602441204196,37.61730798606991,16.972849689144596,119.46397870156532,20.466915939272283,1,frame,850
extra_new_pure_jpg/vids_good/Img 5371.mp4#f01000,Img 5371.mp4,train,0,100_0,pure_new_11,ambient,ambient,138.4244126659857,101.99891470888662,23.18708503575077,20.412362742594485,215.24265832482124,138.4244126659857,1.2842522644061465,35.686890852736774,19.450254613563924,103.86606230847804,21.11966352975372,1,frame,1000
extra_new_pure_jpg/vids_good/Img 5371.mp4#f01050,Img 5371.mp4,train,0,100_0,pure_new_11,ambient,ambient,132.83405952919873,96.6786724762336,22.75940753734721,20.06955918967859,214.88344556360343,132.83405952919873,1.2313052998358205,37.567587483102606,20.430713797986453,99.01629696695338,22.16157998308896,1,frame,1050
extra_new_pure_jpg/vids_good/Img 5371.mp4#f01150,Img 5371.mp4,train,0,100_0,pure_new_11,ambient,ambient,130.01730829339445,95.44161544071682,22.165008335069807,20.24312356740988,214.98951604500937,130.01730829339445,1.4418260586339149,37.59397729123473,23.47528771106525,97.3645030214628,24.03643997288404,1,frame,1150
extra_new_pure_jpg/vids_good/Img 5371.mp4#f01200,Img 5371.mp4,train,0,100_0,pure_new_11,ambient,ambient,130.63027875759357,96.49398638056046,22.78637566137566,20.321991965510485,214.3009749167157,130.63027875759357,1.6013617901417048,39.70553815243515,24.909768633985355,98.24604399372916,25.441587040592758,1,frame,1200
extra_new_pure_jpg/vids_good/Img 5371.mp4#f01300,Img 5371.mp4,train,0,100_0,pure_new_11,ambient,ambient,119.15693737502272,85.35235638974731,17.84588029449191,19.725049990910744,219.4839233775677,119.15693737502272,1.6135947685032357,29.94241414041641,26.170295677374323,87.69431694237412,24.09162012429444,1,frame,1300
extra_new_pure_jpg/vids_good/Img 5371.mp4#f01350,Img 5371.mp4,train,0,100_0,pure_new_11,ambient,ambient,128.34726331360946,92.1858031674208,21.90559737208493,19.72474329968674,215.2746802123216,128.34726331360946,1.225651983551482,38.0220482052105,21.547987265984677,94.9309193351897,22.572601634539616,1,frame,1350
extra_new_pure_jpg/vids_good/Img 5371.mp4#f01450,Img 5371.mp4,train,0,100_0,pure_new_11,ambient,ambient,145.35368131426736,109.39356723971724,31.14199068123393,20.44828486503856,205.39570613753213,145.35368131426736,1.288106758649947,49.93072772085038,20.01651842116089,111.1547236503856,24.889823502107188,1,frame,1450
extra_new_pure_jpg/vids_good/Img 5371.mp4#f01600,Img 5371.mp4,train,0,100_0,pure_new_11,ambient,ambient,155.65445588712294,120.42505270840093,25.310655205968214,21.741779516704508,215.5501439344794,155.65445588712294,1.7029994467154028,32.40427466996471,17.678536591837837,120.0428458481998,20.728246721741613,1,frame,1600
extra_new_pure_jpg/vids_good/Img 5371.mp4#f01800,Img 5371.mp4,train,0,100_0,pure_new_11,ambient,ambient,162.92778716216216,130.5284145752896,30.04802123552124,22.539967422779924,211.02085344272845,162.92778716216216,1.767656405759585,40.4456302471941,19.583323758023955,128.72350587194336,23.281188362700007,1,frame,1800
extra_new_pure_jpg/vids_good/Img 5372.mp4#f00000,Img 5372.mp4,train,0,100_0,pure_new_11,cycling,SVI_colored,82.60378872154715,133.14114110901934,64.11268825945577,52.944292315591305,133.74347509840834,133.264836128701,6.156028856328248,16.097457718550938,20.42570950929873,110.09570212219752,16.939340044852703,1,frame,0
extra_new_pure_jpg/vids_good/Img 5372.mp4#f00050,Img 5372.mp4,train,0,100_0,pure_new_11,cycling,SVI_colored,50.591441388953626,43.68279538569098,33.54346306222326,18.757865299463997,83.89100005826148,50.59665579119086,15.726064899803962,27.125467711842813,16.512551718411924,44.57148683290608,14.45553312713673,1,frame,50
extra_new_pure_jpg/vids_good/Img 5372.mp4#f00200,Img 5372.mp4,train,0,100_0,pure_new_11,cycling,SVI_colored,139.1841,136.58518571428573,25.670614285714286,29.334942857142856,210.32251428571428,140.45204285714286,1.835456073223953,20.952890328232492,22.15105060645187,124.7192,21.303097895175448,1,frame,200
extra_new_pure_jpg/vids_good/Img 5372.mp4#f00300,Img 5372.mp4,train,0,100_0,pure_new_11,cycling,SVI_colored,84.65058055152394,127.15177275554636,26.256803338171263,42.686566970765085,206.25651824590503,127.15177275554636,2.6620942396440626,24.376498508227005,27.686299111270458,102.91479628861704,24.00606629524221,1,frame,300
extra_new_pure_jpg/vids_good/Img 5372.mp4#f00450,Img 5372.mp4,train,0,100_0,pure_new_11,cycling,SVI_colored,64.32315219709898,95.71873666808874,63.13869187286689,58.27554394197952,112.37210697525596,99.34117694112628,15.26669074948711,15.6134296419171,29.37309737613744,82.62909289675768,19.6122148610525,1,frame,450
extra_new_pure_jpg/vids_good/Img 5372.mp4#f00550,Img 5372.mp4,train,0,100_0,pure_new_11,cycling,SVI_colored,122.22650460644904,79.62105697977168,26.420175746044464,26.4942419387142,207.6555427598638,122.48832114960943,35.27128869519592,46.0050928846,20.812716680945453,86.25856198678149,20.1917186489365,1,frame,550
extra_new_pure_jpg/vids_good/Img 5372.mp4#f00700,Img 5372.mp4,train,0,100_0,pure_new_11,cycling,SVI_colored,24.217948383733056,31.862747653806046,73.1561652763295,114.84035453597495,172.65780761209592,73.1561652763295,2.5818525814426656,11.82996023299259,31.51979118734863,34.214767987486965,15.478357972838252,1,frame,700
extra_new_pure_jpg/vids_good/Img 5372.mp4#f00750,Img 5372.mp4,train,0,100_0,pure_new_11,cycling,SVI_colored,84.0251546025953,127.17560066909977,24.64345093268451,42.70444292376318,208.7327909570154,127.17560066909977,2.432064906397037,22.46492141128254,25.496860469970123,102.5599401865369,22.078217651888835,1,frame,750
extra_new_pure_jpg/vids_good/Img 5372.mp4#f00800,Img 5372.mp4,train,0,100_0,pure_new_11,cycling,SVI_colored,65.28634424717546,123.03259741756976,75.85586234724464,65.42270002305742,123.83072976712012,125.19613211897624,10.493010016551708,9.17342434432894,25.0876899499024,100.345717085543,19.21042980856386,1,frame,800
extra_new_pure_jpg/vids_good/Img 5372.mp4#f00850,Img 5372.mp4,train,0,100_0,pure_new_11,cycling,SVI_colored,126.83010907594156,78.97983124099609,20.490854599711877,16.29352747478905,217.11757820539205,126.83010907594156,1.663082397889415,33.83767267280998,23.763135057983096,86.54143084996913,23.13240379780065,1,frame,850
extra_new_pure_jpg/vids_good/Img 5372.mp4#f01050,Img 5372.mp4,train,0,100_0,pure_new_11,cycling,SVI_colored,26.8710091615769,34.74472515269295,78.97435452526375,114.75824194891727,171.48971057745698,78.97435452526375,2.9017390086996064,13.54078241288937,40.6922794437669,37.36283661854525,20.07511389424669,1,frame,1050
extra_new_pure_jpg/vids_good/Img 5372.mp4#f01150,Img 5372.mp4,train,0,100_0,pure_new_11,cycling,SVI_colored,62.873249356085,114.36061252414682,72.10509900193175,65.66128058596266,118.27167176432712,115.37240421764326,8.873075796165836,11.244249048340038,25.74050398611639,94.10562218287184,20.70326187101951,1,frame,1150
extra_new_pure_jpg/vids_good/Img 5372.mp4#f01250,Img 5372.mp4,train,0,100_0,pure_new_11,cycling,SVI_colored,115.28129540831154,78.60176910781749,46.98298096483581,23.697453501888987,160.4487794245859,116.41810156931125,34.142374680432496,29.035163408274204,23.8522027858769,85.94914269107818,20.32109543040679,1,frame,1250
extra_new_pure_jpg/vids_good/Img 5372.mp4#f01350,Img 5372.mp4,train,0,100_0,pure_new_11,cycling,SVI_colored,144.08042201501576,122.74093303463307,20.700336037781547,24.70525550980867,219.11797650762892,144.0849630661177,1.2485080420961543,13.51996725507428,19.17017427130599,117.46609348510536,18.58309138874868,1,frame,1350
extra_new_pure_jpg/vids_good/Img 5372.mp4#f01450,Img 5372.mp4,train,0,100_0,pure_new_11,cycling,SVI_colored,97.7193698792583,120.9682918283743,20.7489758516602,36.96141925398879,212.96556974989215,120.9682918283743,1.044055325030726,15.86513554143316,23.517546294278624,102.53261103924105,20.453109360958575,1,frame,1450
extra_new_pure_jpg/vids_good/Img 5372.mp4#f01500,Img 5372.mp4,train,0,100_0,pure_new_11,cycling,SVI_colored,52.658039077212806,94.27503531073448,72.3929731638418,73.76591337099812,115.89869350282486,96.2869467984934,8.458289488853001,9.820413718374247,25.393251584540646,79.30055320150659,17.77857252247508,1,frame,1500
extra_new_pure_jpg/vids_good/Img 5372.mp4#f01550,Img 5372.mp4,train,0,100_0,pure_new_11,cycling,SVI_colored,123.01854967239242,94.49304940676464,17.661590224898177,21.877932973260137,219.90199442181688,123.01868248627588,1.55204100087455,20.49039875252148,19.03400442883009,94.21093058261025,18.44673137463564,1,frame,1550
extra_new_pure_jpg/vids_good/Img 5372.mp4#f01600,Img 5372.mp4,train,0,100_0,pure_new_11,cycling,SVI_colored,69.6168137336902,94.90926104048177,60.91938148210104,53.30018400802944,105.49083096353296,96.76569295751088,13.372930967794094,15.692019686359714,23.06701483130341,83.34456549013048,16.21488445178083,1,frame,1600
extra_new_pure_jpg/vids_good/Img 5372.mp4#f01700,Img 5372.mp4,train,0,100_0,pure_new_11,cycling,SVI_colored,136.0191535257364,104.72247842903896,24.85039794703957,21.541449717346023,211.5901796340375,136.0191535257364,1.168796561442045,39.935563819073856,19.97425926094481,104.97956337399584,21.56861380652532,1,frame,1700
extra_new_pure_jpg/vids_good/Img 5372.mp4#f01750,Img 5372.mp4,train,0,100_0,pure_new_11,cycling,SVI_colored,30.264583651059937,35.23842839713284,72.60647018453561,116.2915109806314,149.06782827512583,72.60647018453561,1.663075498241224,15.31665515126658,30.525035341488444,37.97814358700625,15.97513213590478,1,frame,1750
extra_new_pure_jpg/vids_good/Img 5393.mp4#f00050,Img 5393.mp4,train,0,100_0,pure_new_12,ambient,ambient,145.1405857322367,111.38961474754396,22.78914639022161,21.41982950651131,216.91792323509253,145.1405857322367,2.149750806327395,28.234709353853766,26.65089618289948,111.3626913411012,26.71584203133891,1,frame,50
extra_new_pure_jpg/vids_good/Img 5393.mp4#f00100,Img 5393.mp4,train,0,100_0,pure_new_12,ambient,ambient,147.04666914234048,113.74710184706794,24.347826788943426,21.561377873934383,215.28837025316452,147.04666914234048,2.1526849377991324,32.89969212685246,26.780734498775747,113.49503519762337,27.418588682081257,1,frame,100
extra_new_pure_jpg/vids_good/Img 5393.mp4#f00150,Img 5393.mp4,train,0,100_0,pure_new_12,ambient,ambient,149.0297800081103,115.63224013246824,24.726268924033523,21.693219451203028,214.78842254663425,149.0297800081103,2.011551020029117,32.165516713538445,23.96641838357974,115.23686300351446,24.992472182395268,1,frame,150
extra_new_pure_jpg/vids_good/Img 5393.mp4#f00300,Img 5393.mp4,train,0,100_0,pure_new_12,ambient,ambient,153.263118226225,120.38184055869333,26.577526331857733,22.027705693787208,213.27915585406808,153.263118226225,1.7439942704473024,38.42166665554495,21.337101711914283,119.50891085330484,23.533167417093587,1,frame,300
extra_new_pure_jpg/vids_good/Img 5393.mp4#f00400,Img 5393.mp4,train,0,100_0,pure_new_12,ambient,ambient,156.54851123987714,124.61493821558224,29.340364074280927,22.304593688913712,210.03069149678865,156.54858105277856,1.629649230277494,43.40245519902277,19.210831277520303,123.29450572465792,22.5887887541731,1,frame,400
extra_new_pure_jpg/vids_good/Img 5393.mp4#f00550,Img 5393.mp4,train,0,100_0,pure_new_12,ambient,ambient,159.82973873399965,128.49504646677187,30.854561195861827,22.51275644397685,208.78649395055237,159.82973873399965,1.6375675738581137,45.131435712967125,19.147193950441466,126.73678327196212,22.63244138198179,1,frame,550
extra_new_pure_jpg/vids_good/Img 5393.mp4#f00650,Img 5393.mp4,train,0,100_0,pure_new_12,ambient,ambient,160.40346967677442,129.52892785738086,31.532687020993,22.6285613128957,207.6775658113962,160.4035113295568,1.8388135398705705,46.3173865548744,17.811709547395722,127.6072975674775,21.50137943920098,1,frame,650
extra_new_pure_jpg/vids_good/Img 5393.mp4#f00700,Img 5393.mp4,train,0,100_0,pure_new_12,ambient,ambient,158.28888658940397,127.47502069536424,30.588741721854305,22.59572640728477,208.4174565397351,158.2890107615894,1.5772415032531042,45.66256703761391,17.537078720940205,125.6701572847682,20.993794892345782,1,frame,700
extra_new_pure_jpg/vids_good/Img 5393.mp4#f00750,Img 5393.mp4,train,0,100_0,pure_new_12,ambient,ambient,154.76697026629637,122.78461444208465,27.18665250776017,22.34538882535533,212.5489707564124,154.76697026629637,1.5114768071238789,38.38520445554381,18.101689725603084,121.47699518052606,20.57573101222521,1,frame,750
extra_new_pure_jpg/vids_good/Img 5393.mp4#f00850,Img 5393.mp4,train,0,100_0,pure_new_12,ambient,ambient,145.02326325411337,111.4347349177331,26.149702925045705,21.436460237659965,212.12391453382085,145.02326325411337,1.3948384193049854,42.4897561515814,19.562779407918317,111.76668190127972,22.15732853940244,1,frame,850
extra_new_pure_jpg/vids_good/Img 5393.mp4#f01000,Img 5393.mp4,train,0,100_0,pure_new_12,ambient,ambient,125.73498717350746,90.95470887748756,21.377283504353237,19.896260883084576,215.45471859452732,125.73498717350746,1.3259369091005575,37.84596333265816,22.223360084687016,93.40213969216418,22.92565442721582,1,frame,1000
extra_new_pure_jpg/vids_good/Img 5393.mp4#f01050,Img 5393.mp4,train,0,100_0,pure_new_12,ambient,ambient,127.83723021582732,92.72492805755395,21.00719424460432,20.019505395683453,216.26128597122303,127.83723021582732,1.387303336236699,34.2024008024062,22.03466282268895,95.02586330935252,22.37958819504677,1,frame,1050
extra_new_pure_jpg/vids_good/Img 5393.mp4#f01150,Img 5393.mp4,train,0,100_0,pure_new_12,ambient,ambient,122.88267764672035,87.39181170886076,17.206936852704256,19.75000899021864,220.9136399597238,122.88267764672035,1.407495692324588,21.862475541955785,22.35766354608357,89.97211234177215,20.21178981528941,1,frame,1150
extra_new_pure_jpg/vids_good/Img 5393.mp4#f01200,Img 5393.mp4,train,0,100_0,pure_new_12,ambient,ambient,121.7524199843872,86.18606557377049,16.93839773614364,19.675985558157688,221.21313427010148,121.7524199843872,1.2942861446772629,22.533629720852595,21.39899399019467,88.89158860265418,19.42866451845023,1,frame,1200
extra_new_pure_jpg/vids_good/Img 5393.mp4#f01300,Img 5393.mp4,train,0,100_0,pure_new_12,ambient,ambient,153.47561334229542,118.78157032431524,24.44743530499076,21.780667114770623,215.9016656864393,153.47561334229542,1.5854751439090256,26.87284482255549,18.31805102240232,118.3644765585616,19.3507578012296,1,frame,1300
extra_new_pure_jpg/vids_good/Img 5393.mp4#f01350,Img 5393.mp4,train,0,100_0,pure_new_12,ambient,ambient,146.22434777308192,111.77469725292588,23.788544375812744,21.380445383615086,215.1280477893368,146.22434777308192,1.6572739133106715,29.56591463027813,19.80302484048561,112.04818554941482,20.51240556993039,1,frame,1350
extra_new_pure_jpg/vids_good/Img 5393.mp4#f01450,Img 5393.mp4,train,0,100_0,pure_new_12,ambient,ambient,134.9405739187039,99.19556451612904,27.230100896860986,19.92779907420801,208.49455735570663,134.9405739187039,1.2663561876726137,47.15154481907751,20.858334233003717,101.63847099667294,24.216153987283697,1,frame,1450
extra_new_pure_jpg/vids_good/Img 5393.mp4#f01600,Img 5393.mp4,train,0,100_0,pure_new_12,ambient,ambient,148.61421387993244,115.07744127130354,24.606939966221404,21.75281168432366,215.20195186549975,148.61421387993244,1.7539564961255634,32.82569898022183,18.67639517421727,114.83056962997082,20.770628620589164,1,frame,1600
extra_new_pure_jpg/vids_good/Img 5393.mp4#f01800,Img 5393.mp4,train,0,100_0,pure_new_12,ambient,ambient,153.05131476935006,121.45204483783436,31.00578240082698,21.99976579661455,207.4801411681096,153.05150859284146,2.715304027677583,46.19769239811317,22.92226823088375,120.61154541930482,26.0091399875396,1,frame,1800
extra_new_pure_jpg/vids_good/Img 5394.mp4#f00000,Img 5394.mp4,train,0,100_0,pure_new_12,cycling,SVI_colored,150.49727730819245,124.8111589726918,20.076506285218898,23.880607932379714,221.88935847420893,150.49727730819245,1.55001537352372,12.326576710097514,23.4593776890957,120.44765929778934,22.544880633207764,1,frame,0
extra_new_pure_jpg/vids_good/Img 5394.mp4#f00050,Img 5394.mp4,train,0,100_0,pure_new_12,cycling,SVI_colored,25.276093421973407,34.553525192442265,76.94516270118964,114.57498250524844,173.1247200839748,76.94516270118964,2.6847436716787425,11.143075867649197,23.50244936555903,36.54747200839748,12.987473229773103,1,frame,50
extra_new_pure_jpg/vids_good/Img 5394.mp4#f00200,Img 5394.mp4,train,0,100_0,pure_new_12,cycling,SVI_colored,129.27977460871816,77.91546210063382,20.6391475876342,15.650271633682577,219.2524010477299,129.27977460871816,1.2934304582088618,35.76690546948882,25.123181335108573,86.69338539645582,24.899853096460014,1,frame,200
extra_new_pure_jpg/vids_good/Img 5394.mp4#f00300,Img 5394.mp4,train,0,100_0,pure_new_12,cycling,SVI_colored,37.137916377515616,33.81910999306037,60.215640180430256,124.32772380291463,109.87611901457322,60.215640180430256,1.7681314967053805,23.66170314734685,26.330588993242127,37.8286172796669,13.022670469031665,1,frame,300
extra_new_pure_jpg/vids_good/Img 5394.mp4#f00450,Img 5394.mp4,train,0,100_0,pure_new_12,cycling,SVI_colored,85.59197428452924,119.06791787639985,21.232277409097197,40.30054092354487,212.11006843633348,119.06791787639985,1.8516452671725876,20.10405453329612,24.375208075962554,97.8357095949122,20.92549998744585,1,frame,450
extra_new_pure_jpg/vids_good/Img 5394.mp4#f00550,Img 5394.mp4,train,0,100_0,pure_new_12,cycling,SVI_colored,130.20745083207262,81.42430546004677,18.44302709393481,16.69053431439967,221.70751959840464,130.20745083207262,2.0097680772692343,30.37342715042746,21.421772190932028,88.78536308623298,20.745234177098112,1,frame,550
extra_new_pure_jpg/vids_good/Img 5394.mp4#f00700,Img 5394.mp4,train,0,100_0,pure_new_12,cycling,SVI_colored,137.37210177657332,148.2581677205661,27.336654998494428,32.68873268593797,210.0406692261367,148.26084010840108,1.8042693681329511,19.429440162299297,25.823014139446222,131.21554125263475,22.79848990808072,1,frame,700
extra_new_pure_jpg/vids_good/Img 5394.mp4#f00750,Img 5394.mp4,train,0,100_0,pure_new_12,cycling,SVI_colored,34.91108289646134,61.05387860419397,75.51419151376147,99.1438503440367,136.77620208060287,75.52467644167758,5.682037568954298,15.733578655405177,29.014289066558906,54.79823681192661,15.833487578123169,1,frame,750
extra_new_pure_jpg/vids_good/Img 5394.mp4#f00800,Img 5394.mp4,train,0,100_0,pure_new_12,cycling,SVI_colored,122.03112020269148,104.2817432297724,20.75478692473833,24.705920834025587,214.302905382954,122.31675735171956,2.384345891957234,25.922288426128635,22.846004978571475,100.021442515368,22.92335842253982,1,frame,800
extra_new_pure_jpg/vids_good/Img 5394.mp4#f00850,Img 5394.mp4,train,0,100_0,pure_new_12,cycling,SVI_colored,94.3012409308087,86.73196115731729,55.9202685365422,31.721664307202264,120.24787648203858,97.67166209520438,27.27612160664352,28.125228836105677,27.91808397534015,85.46177667669438,20.87138079155757,1,frame,850
extra_new_pure_jpg/vids_good/Img 5394.mp4#f01050,Img 5394.mp4,train,0,100_0,pure_new_12,cycling,SVI_colored,75.86145257826888,116.1106238489871,19.262327348066297,42.52587476979742,214.44754834254144,116.1106238489871,1.1755050319252864,16.517110867276358,24.727678373465785,92.9972605893186,20.742898379817728,1,frame,1050
extra_new_pure_jpg/vids_good/Img 5394.mp4#f01150,Img 5394.mp4,train,0,100_0,pure_new_12,cycling,SVI_colored,117.12855659194231,66.94342765323718,12.293639285154413,15.42610518890108,229.93888148612635,117.12855659194231,2.140234380443461,19.96310005775357,22.52098231926221,75.66544521084809,18.093800696635547,1,frame,1150
extra_new_pure_jpg/vids_good/Img 5394.mp4#f01250,Img 5394.mp4,train,0,100_0,pure_new_12,cycling,SVI_colored,34.8490093427835,39.27500805412371,77.38725032216495,116.81765463917526,141.49947648195877,77.38725032216495,2.14264148669807,18.594765894445345,26.158971650648397,42.23428640463918,14.982532742947296,1,frame,1250
extra_new_pure_jpg/vids_good/Img 5394.mp4#f01350,Img 5394.mp4,train,0,100_0,pure_new_12,cycling,SVI_colored,47.478581614743305,84.1486671785871,84.24226634488811,89.59919372531812,119.24755923650724,88.74829969284774,7.366087694553811,13.920155909053678,22.232011560989346,73.14005594559018,16.881326706591143,1,frame,1350
extra_new_pure_jpg/vids_good/Img 5394.mp4#f01450,Img 5394.mp4,train,0,100_0,pure_new_12,cycling,SVI_colored,75.1606599133388,91.358194753484,63.254201311629,49.52418315962056,88.50116377795995,93.17995374165594,15.431509507331072,20.77015157489126,24.69024991982414,83.26813736971542,17.855904252145038,1,frame,1450
extra_new_pure_jpg/vids_good/Img 5394.mp4#f01500,Img 5394.mp4,train,0,100_0,pure_new_12,cycling,SVI_colored,70.25783392585069,42.29530218384967,42.33561452513967,45.01990858303707,120.06708354494668,71.77063230066024,70.41578114617039,13.308138099146351,20.457674558852226,50.58565261554089,13.996372411222698,1,frame,1500
extra_new_pure_jpg/vids_good/Img 5394.mp4#f01550,Img 5394.mp4,train,0,100_0,pure_new_12,cycling,SVI_colored,140.0832112755679,132.62111342378455,24.181538441772023,28.0523370850036,213.05551058690517,140.66456598828245,1.5886751381823685,18.74678739274925,22.876972506486368,122.44992419570356,22.258884934919948,1,frame,1550
extra_new_pure_jpg/vids_good/Img 5394.mp4#f01600,Img 5394.mp4,train,0,100_0,pure_new_12,cycling,SVI_colored,22.90227019639603,31.001025005061752,70.83074762097591,114.66969528244584,174.22774726665318,70.83074762097591,2.620695513980861,11.099218808622416,24.51799263943325,33.048833265843285,12.378859523199182,1,frame,1600
extra_new_pure_jpg/vids_good/Img 5394.mp4#f01700,Img 5394.mp4,train,0,100_0,pure_new_12,cycling,SVI_colored,64.29934210526316,122.92655092152764,71.44001757552726,63.8928842865286,124.0615024700741,123.74443045791374,7.679455598497166,7.9647754638217565,21.24780976068405,99.4590656469694,16.825051746577152,1,frame,1700
extra_new_pure_jpg/vids_good/Img 5394.mp4#f01750,Img 5394.mp4,train,0,100_0,pure_new_12,cycling,SVI_colored,125.93844687276078,72.86012514075135,11.2920462688095,15.97833068891391,232.70911173098577,125.93844687276078,1.31159191527202,11.993382110478771,15.802145996072598,81.64425094687276,12.985895453992422,1,frame,1750
extra_new_pure_jpg/vids_good/Img 5416.mp4#f00050,Img 5416.mp4,train,0,100_0,pure_new_13,ambient,ambient,138.78776041666666,105.30750544154228,25.546039334577117,20.880150031094526,213.3250544154229,138.78776041666666,2.703782120907936,42.32501499163865,28.924356095419643,106.19686722636816,30.344955164401057,1,frame,50
extra_new_pure_jpg/vids_good/Img 5416.mp4#f00100,Img 5416.mp4,train,0,100_0,pure_new_13,ambient,ambient,141.49956727874775,110.35680689343768,36.32666691751957,20.83492624924744,199.88809452137264,141.5000188139675,2.54760382997684,61.19498942418099,33.54021865326009,111.20475240818784,38.09590958427674,1,frame,100
extra_new_pure_jpg/vids_good/Img 5416.mp4#f00150,Img 5416.mp4,train,0,100_0,pure_new_13,ambient,ambient,144.39041940789474,113.89263980263158,37.702549342105264,21.145415296052636,197.76114309210527,144.39058388157895,2.087717042820806,60.46940915940949,31.389874359792454,114.31628289473684,36.183784892457766,1,frame,150
extra_new_pure_jpg/vids_good/Img 5416.mp4#f00300,Img 5416.mp4,train,0,100_0,pure_new_13,ambient,ambient,147.71611355457816,116.2438024790084,34.13089764094362,21.570546781287486,202.7643192722911,147.71611355457816,2.1655011897363474,54.45399996447985,25.334468459643023,116.2984806077569,30.254303735711897,1,frame,300
extra_new_pure_jpg/vids_good/Img 5416.mp4#f00400,Img 5416.mp4,train,0,100_0,pure_new_13,ambient,ambient,150.05165947390054,118.40626284422524,33.34011508425812,21.71971331689273,204.3569410193177,150.0519677353062,1.8017122627372304,50.9119665912047,25.962617113726125,118.17709617755855,30.15409505687294,1,frame,400
extra_new_pure_jpg/vids_good/Img 5416.mp4#f00550,Img 5416.mp4,train,0,100_0,pure_new_13,ambient,ambient,154.65736952675806,123.03717934542236,31.52573529411765,22.178488500663423,207.53529964617425,154.65736952675806,1.5983227656454306,45.64321828907028,21.35557139100252,122.07289363113668,25.50721792304209,1,frame,550
extra_new_pure_jpg/vids_good/Img 5416.mp4#f00650,Img 5416.mp4,train,0,100_0,pure_new_13,ambient,ambient,154.86537971457696,122.4547018348624,25.937627420998982,22.418004587155963,214.52121559633028,154.86537971457696,1.2508017791411672,31.41186716071373,15.412633878971285,121.17552242609582,18.242289288448475,1,frame,650
extra_new_pure_jpg/vids_good/Img 5416.mp4#f00700,Img 5416.mp4,train,0,100_0,pure_new_13,ambient,ambient,154.62241709183672,122.2327487244898,25.11591198979592,22.47844387755102,215.4717474489796,154.62241709183672,1.0465173667412726,29.2094559010992,13.735966912263946,120.90204081632652,16.569147269646436,1,frame,700
extra_new_pure_jpg/vids_good/Img 5416.mp4#f00750,Img 5416.mp4,train,0,100_0,pure_new_13,ambient,ambient,153.4629247876062,121.05025612193904,25.02373813093453,22.386587956021987,215.4069215392304,153.4629247876062,1.1308975694016814,30.634449110962887,13.899297356623332,119.85835207396302,16.911300542535514,1,frame,750
extra_new_pure_jpg/vids_good/Img 5416.mp4#f00850,Img 5416.mp4,train,0,100_0,pure_new_13,ambient,ambient,147.85552103250478,113.95638145315488,21.758514579349903,21.86708293499044,219.0157743785851,147.85552103250478,1.1045606068184632,22.84666658856677,14.56364733590803,113.66828991395792,15.761638715143029,1,frame,850
extra_new_pure_jpg/vids_good/Img 5416.mp4#f01000,Img 5416.mp4,train,0,100_0,pure_new_13,ambient,ambient,194.37068817130267,182.43361849352797,153.48392316166343,22.105601074084277,72.56435899201323,194.3841830762875,9.591299763076014,98.73702589015238,38.17928139241168,182.61442267970256,52.690345123932026,1,frame,1000
extra_new_pure_jpg/vids_good/Img 5416.mp4#f01050,Img 5416.mp4,train,0,100_0,pure_new_13,ambient,ambient,135.3846923461731,99.81903451725864,20.06606428214107,20.67937093546773,219.58529264632315,135.3846923461731,1.2467936483943578,27.1182005708897,18.313484516892785,101.37356178089044,19.302143540101483,1,frame,1050
extra_new_pure_jpg/vids_good/Img 5416.mp4#f01150,Img 5416.mp4,train,0,100_0,pure_new_13,ambient,ambient,130.48888370646767,93.95592350746269,15.38720460199005,20.390314054726367,225.61730410447765,130.48888370646767,1.1456857593079663,9.859945023501687,17.076973114588437,95.91472325870647,15.237142476120429,1,frame,1150
extra_new_pure_jpg/vids_good/Img 5416.mp4#f01200,Img 5416.mp4,train,0,100_0,pure_new_13,ambient,ambient,130.93597870182555,94.60180020283975,15.47134888438134,20.48015973630832,225.4768635902637,130.93597870182555,1.080312888922999,8.789506420976915,16.71149061319065,96.4714756592292,14.864544674842252,1,frame,1200
extra_new_pure_jpg/vids_good/Img 5416.mp4#f01300,Img 5416.mp4,train,0,100_0,pure_new_13,ambient,ambient,124.1606002017485,88.58864324142569,14.88647444519166,20.15236213853396,225.4300605245461,124.1606002017485,1.19853164843439,13.346079529183683,17.212013800681838,90.82225117686616,15.378787853624742,1,frame,1300
extra_new_pure_jpg/vids_good/Img 5416.mp4#f01350,Img 5416.mp4,train,0,100_0,pure_new_13,ambient,ambient,122.41671841731724,90.01536994322214,23.532159332860186,20.145759403832507,211.6066802696948,122.41671841731724,1.116545882261496,44.96240663857315,20.30814519167558,92.07680535841024,23.422969305945244,1,frame,1350
extra_new_pure_jpg/vids_good/Img 5416.mp4#f01450,Img 5416.mp4,train,0,100_0,pure_new_13,ambient,ambient,121.87344074844074,87.44137956637957,18.602706415206416,20.00959682209682,218.2817419067419,121.87344074844074,0.935950367060578,25.99585798712934,15.214992976267627,89.87097193347194,15.71432611988951,1,frame,1450
extra_new_pure_jpg/vids_good/Img 5416.mp4#f01600,Img 5416.mp4,train,0,100_0,pure_new_13,ambient,ambient,155.45313520574788,123.69480731548008,25.178988406270413,22.573216035271063,215.65886267145655,155.45313520574788,1.4542568968970562,29.971655988899485,18.61527057191801,121.9844260287394,20.309514673885744,1,frame,1600
extra_new_pure_jpg/vids_good/Img 5416.mp4#f01800,Img 5416.mp4,train,0,100_0,pure_new_13,ambient,ambient,155.6720120614035,123.5517896303258,29.913455513784463,22.14107534461153,209.7407973057644,155.6720120614035,2.275864945388677,42.13659236451883,22.24401551849559,122.47376253132832,25.29940189202078,1,frame,1800
extra_new_pure_jpg/vids_good/Img 5417.mp4#f00000,Img 5417.mp4,train,0,100_0,pure_new_13,cycling,SVI_colored,52.80740932642487,57.27502590673575,27.900103626943004,34.95129533678757,130.46809585492227,57.27502590673575,3.760609982605693,17.573269053717215,19.994911480248064,52.62715025906736,18.358879165422454,1,frame,0
extra_new_pure_jpg/vids_good/Img 5417.mp4#f00050,Img 5417.mp4,train,0,100_0,pure_new_13,cycling,SVI_colored,33.826439950980394,45.25609681372549,93.57092524509804,113.60526960784314,166.99745710784313,93.57092524509804,2.4080027269905577,11.795267398176431,50.46544021292311,47.26835171568627,27.18712305763164,1,frame,50
extra_new_pure_jpg/vids_good/Img 5417.mp4#f00200,Img 5417.mp4,train,0,100_0,pure_new_13,cycling,SVI_colored,132.0938888888889,78.67233333333333,12.780111111111111,16.427888888888887,231.21311111111112,132.0938888888889,1.3532758562872085,12.848360262387525,16.891476035394923,87.0655,14.489467008639222,1,frame,200
extra_new_pure_jpg/vids_good/Img 5417.mp4#f00300,Img 5417.mp4,train,0,100_0,pure_new_13,cycling,SVI_colored,83.2913056930693,50.140717821782175,46.65628094059406,26.97704207920792,139.13456064356436,86.23066212871286,49.56751351642727,19.71820805319903,28.079417635251144,59.706899752475245,19.557276934846712,1,frame,300
extra_new_pure_jpg/vids_good/Img 5417.mp4#f00450,Img 5417.mp4,train,0,100_0,pure_new_13,cycling,SVI_colored,115.60804341963322,140.21160329018338,26.55683656957929,36.4052049622438,209.5935814455232,140.21160329018338,1.7649369886644564,21.634224075727623,24.374516816876877,119.82032092772384,21.702621640922157,1,frame,450
extra_new_pure_jpg/vids_good/Img 5417.mp4#f00550,Img 5417.mp4,train,0,100_0,pure_new_13,cycling,SVI_colored,102.07039650537637,121.00319220430109,24.648689516129032,35.865423387096776,207.5831317204301,121.00332661290322,2.7238370598859034,27.01283069048405,25.06237559341212,104.3483870967742,22.147542524435107,1,frame,550
extra_new_pure_jpg/vids_good/Img 5417.mp4#f00700,Img 5417.mp4,train,0,100_0,pure_new_13,cycling,SVI_colored,129.86623171542553,83.25968251329788,27.01238364361702,25.84549534574468,210.6287815824468,130.1665974069149,34.02012147069676,44.8435606813948,17.540261805351875,90.76038896276596,18.446531779419495,1,frame,700
extra_new_pure_jpg/vids_good/Img 5417.mp4#f00750,Img 5417.mp4,train,0,100_0,pure_new_13,cycling,SVI_colored,42.08814841498559,41.55284582132565,81.37863832853026,121.33659942363111,120.3414985590778,81.37863832853026,2.19139013905691,25.00690725448543,56.63842964160366,46.11995677233429,27.49173739111432,1,frame,750
extra_new_pure_jpg/vids_good/Img 5417.mp4#f00800,Img 5417.mp4,train,0,100_0,pure_new_13,cycling,SVI_colored,143.32531601123594,143.19919241573032,34.6872191011236,30.155617977528088,200.5946278089888,147.0645014044944,3.161457566368157,36.01208295296835,28.144343854019983,130.85962078651684,27.40553025614068,1,frame,800
extra_new_pure_jpg/vids_good/Img 5417.mp4#f00850,Img 5417.mp4,train,0,100_0,pure_new_13,cycling,SVI_colored,25.53243172268908,32.82952556022409,75.07672443977592,114.92419467787114,172.70028011204482,75.07672443977592,2.58917214118072,14.516754058015897,43.62769845400918,35.39325105042017,22.17712986965629,1,frame,850
extra_new_pure_jpg/vids_good/Img 5417.mp4#f01050,Img 5417.mp4,train,0,100_0,pure_new_13,cycling,SVI_colored,114.18917636639677,75.37376644736842,43.84393977732793,27.939461032388664,175.04194078947367,116.04798203441295,39.55797651657668,37.4458061450514,26.10984138999332,83.38249620445345,22.55047018378672,1,frame,1050
extra_new_pure_jpg/vids_good/Img 5417.mp4#f01150,Img 5417.mp4,train,0,100_0,pure_new_13,cycling,SVI_colored,129.57996651785714,97.36969866071428,17.20357142857143,21.37134486607143,222.13571428571427,129.57996651785714,0.883169312807714,16.981117965167627,15.662044315533528,97.8322265625,14.45676298646705,1,frame,1150
extra_new_pure_jpg/vids_good/Img 5417.mp4#f01250,Img 5417.mp4,train,0,100_0,pure_new_13,cycling,SVI_colored,126.58343111540586,135.15714729431252,23.119892324682496,32.19759456101601,212.3597632523468,135.15769947542793,0.8998391694159876,12.060887638505514,20.186717190945963,119.78130176697957,17.846577105256717,1,frame,1250
extra_new_pure_jpg/vids_good/Img 5417.mp4#f01350,Img 5417.mp4,train,0,100_0,pure_new_13,cycling,SVI_colored,81.56777727065267,108.48973071656778,17.786227749885896,38.91634812870835,214.05408489274305,108.48973071656778,0.9054955272752512,9.48307130947649,15.75484076415676,90.07664879050662,13.24915716502884,1,frame,1350
extra_new_pure_jpg/vids_good/Img 5417.mp4#f01450,Img 5417.mp4,train,0,100_0,pure_new_13,cycling,SVI_colored,134.49523829859925,85.22311667236077,24.419862487188247,16.523947300990777,214.4120686709942,134.49523829859925,0.9973502550341404,41.450852722009074,20.75818038340858,92.96755423641956,24.36168460108615,1,frame,1450
extra_new_pure_jpg/vids_good/Img 5417.mp4#f01500,Img 5417.mp4,train,0,100_0,pure_new_13,cycling,SVI_colored,123.88190914866584,73.87698538754765,21.54377117746717,20.45343604404913,214.8626773612876,123.93130559085134,26.424681035767588,31.96642401597684,11.545463255376273,82.85478875476493,11.854523456451554,1,frame,1500
extra_new_pure_jpg/vids_good/Img 5417.mp4#f01550,Img 5417.mp4,train,0,100_0,pure_new_13,cycling,SVI_colored,32.27722162740899,27.440551391862957,48.96314239828694,127.95663811563168,107.21599304068522,48.96314239828694,2.361187739553248,19.932756701617105,27.84371401688023,31.34708244111349,12.965157126070473,1,frame,1550
extra_new_pure_jpg/vids_good/Img 5417.mp4#f01600,Img 5417.mp4,train,0,100_0,pure_new_13,cycling,SVI_colored,134.34441305350555,137.6195514298893,23.563177467712176,30.88255304428044,212.16253459409597,137.73469211254613,1.068884404142364,9.91045388025862,17.16689965684473,123.6082795202952,15.12615623927655,1,frame,1600
extra_new_pure_jpg/vids_good/Img 5417.mp4#f01700,Img 5417.mp4,train,0,100_0,pure_new_13,cycling,SVI_colored,72.49957256838906,117.90433447315095,18.780790906788248,43.74905015197568,214.82852077001013,117.90433447315095,0.6399051344311947,6.972679870742844,15.312180611612984,92.970507218845,12.333665383077982,1,frame,1700
extra_new_pure_jpg/vids_good/Img 5417.mp4#f01750,Img 5417.mp4,train,0,100_0,pure_new_13,cycling,SVI_colored,56.39304347826087,108.15391304347824,69.24554347826087,67.37179347826087,123.42044836956522,109.14657608695651,7.639313226072382,4.670539934228762,20.112022799880336,88.20413043478261,15.117179591745073,1,frame,1750
extra_new_pure_jpg/vids_good/Img 5439.mp4#f00050,Img 5439.mp4,train,0,100_0,pure_new_14,ambient,ambient,162.78194732349712,133.26746738202658,38.63076911352274,22.826347396658942,199.6950067064992,162.78194732349712,1.5857331702993878,50.12704185391696,21.59857350168749,131.30867424704303,27.05345044436491,1,frame,50
extra_new_pure_jpg/vids_good/Img 5439.mp4#f00100,Img 5439.mp4,train,0,100_0,pure_new_14,ambient,ambient,162.48953161745493,133.2635386725895,38.661108570682,22.932273974392476,199.3904249412072,162.48953161745493,1.4555020056711134,50.51625203947737,20.35370826632977,131.23578357721453,26.337757352322477,1,frame,100
extra_new_pure_jpg/vids_good/Img 5439.mp4#f00150,Img 5439.mp4,train,0,100_0,pure_new_14,ambient,ambient,161.78148148148148,132.1491769547325,37.47473422496571,22.856944444444444,200.84370713305896,161.78148148148148,1.3990461152438385,48.91964860593003,19.9943031152494,130.2295696159122,25.710938952334168,1,frame,150
extra_new_pure_jpg/vids_good/Img 5439.mp4#f00300,Img 5439.mp4,train,0,100_0,pure_new_14,ambient,ambient,162.3848776839141,132.77004135867654,37.6453053502288,22.93922694473777,200.3311334037311,162.3848776839141,1.2037978008925685,48.51732957778628,17.170234601939402,130.80844112988385,23.57526707467132,1,frame,300
extra_new_pure_jpg/vids_good/Img 5439.mp4#f00400,Img 5439.mp4,train,0,100_0,pure_new_14,ambient,ambient,165.2183681748759,136.35000238640703,37.95057751050019,23.203083237877053,200.9041499618175,165.2183681748759,1.3047549546696755,47.983099900461774,18.74538909960538,133.77922155402825,24.31045473527845,1,frame,400
extra_new_pure_jpg/vids_good/Img 5439.mp4#f00550,Img 5439.mp4,train,0,100_0,pure_new_14,ambient,ambient,170.18792686397268,142.84548709922217,40.97289413773478,23.65946926579397,197.8911734016316,170.18792686397268,1.1366053725721126,50.46630985087408,16.913419974154316,139.40888825649782,23.180828497371404,1,frame,550
extra_new_pure_jpg/vids_good/Img 5439.mp4#f00650,Img 5439.mp4,train,0,100_0,pure_new_14,ambient,ambient,167.01365825688077,138.94558486238532,36.12514908256881,23.59631880733945,203.46933486238527,167.01379587155964,1.11054690602062,43.95809592400488,16.07290814344714,135.62665137614678,21.603730793535693,1,frame,650
extra_new_pure_jpg/vids_good/Img 5439.mp4#f00700,Img 5439.mp4,train,0,100_0,pure_new_14,ambient,ambient,167.37873817175503,139.37789010890913,35.92867345116943,23.623158810926626,203.8783141403321,167.37873817175503,1.122559525374432,42.81562073840169,16.612220112793004,135.97015041956794,21.7304801909912,1,frame,700
extra_new_pure_jpg/vids_good/Img 5439.mp4#f00750,Img 5439.mp4,train,0,100_0,pure_new_14,ambient,ambient,168.43786282771535,140.98074672284645,36.451860955056176,23.77487125468165,203.3284761235955,168.43786282771535,1.140917606298094,43.67412579567853,16.058187336833946,137.28436329588015,21.448837061685364,1,frame,750
extra_new_pure_jpg/vids_good/Img 5439.mp4#f00850,Img 5439.mp4,train,0,100_0,pure_new_14,ambient,ambient,158.606754272655,128.77497764308427,31.23867249602544,22.96108654610493,208.0172645071542,158.606754272655,1.4262606868180003,38.58825737118408,17.774934919568743,126.6090644872814,22.221809721856648,1,frame,850
extra_new_pure_jpg/vids_good/Img 5439.mp4#f01000,Img 5439.mp4,train,0,100_0,pure_new_14,ambient,ambient,156.74246140763998,125.86366758241758,30.49192176870748,22.646356619570906,208.4800824175824,156.74246140763998,1.3406928398884608,37.64383711833369,16.574850947948377,124.28380102040816,20.9412332591367,1,frame,1000
extra_new_pure_jpg/vids_good/Img 5439.mp4#f01050,Img 5439.mp4,train,0,100_0,pure_new_14,ambient,ambient,151.31036280233528,118.93532805115376,27.91388657214345,22.14036002224076,210.95134834584377,151.31036280233528,1.1626049157365783,34.243895112925024,16.04710771555498,118.29458576591604,19.901506150421525,1,frame,1050
extra_new_pure_jpg/vids_good/Img 5439.mp4#f01150,Img 5439.mp4,train,0,100_0,pure_new_14,ambient,ambient,143.538520827624,111.07709303918882,28.66768292682927,21.54542340367224,208.19299808166625,143.538520827624,1.2391868362071714,41.09880491168581,18.681952141638277,111.43248150178133,22.66244903719339,1,frame,1150
extra_new_pure_jpg/vids_good/Img 5439.mp4#f01200,Img 5439.mp4,train,0,100_0,pure_new_14,ambient,ambient,137.50651636225265,105.53156709791983,28.522957889396245,21.263429096905124,207.28559424150177,137.50651636225265,1.3154366687234582,43.46692880255494,20.41999760118015,106.31590880263823,24.50540511991436,1,frame,1200
extra_new_pure_jpg/vids_good/Img 5439.mp4#f01300,Img 5439.mp4,train,0,100_0,pure_new_14,ambient,ambient,133.39709555269096,99.35109168546568,17.723372542700613,21.088321785369,222.0364767966484,133.39709555269096,1.144841139422461,14.176734341107506,18.10750931949542,100.23102642603932,16.96730693571042,1,frame,1300
extra_new_pure_jpg/vids_good/Img 5439.mp4#f01350,Img 5439.mp4,train,0,100_0,pure_new_14,ambient,ambient,137.4567232375979,103.51736292428198,19.61230417754569,21.271948433420366,219.86075391644908,137.4567232375979,1.2409790636853544,19.4245480796856,18.931808382618826,104.10791449086162,18.411760028164736,1,frame,1350
extra_new_pure_jpg/vids_good/Img 5439.mp4#f01450,Img 5439.mp4,train,0,100_0,pure_new_14,ambient,ambient,141.95865643964936,108.79041638570466,21.483381096875704,21.66024668464824,217.8229517869184,141.95865643964936,1.3873873249403603,24.329108816679124,19.325368596803216,108.75689761744212,19.66239490626894,1,frame,1450
extra_new_pure_jpg/vids_good/Img 5439.mp4#f01600,Img 5439.mp4,train,0,100_0,pure_new_14,ambient,ambient,149.49920760697304,115.53625198098256,21.68434033280507,21.997315768621235,218.9046255942948,149.49920760697304,0.7983135985050027,17.970845115533006,9.992449574577844,115.07558438985735,11.42375252647149,1,frame,1600
extra_new_pure_jpg/vids_good/Img 5439.mp4#f01800,Img 5439.mp4,train,0,100_0,pure_new_14,ambient,ambient,153.46759766632286,121.54569849149046,27.92370422898401,22.31238718411552,211.09267824909747,153.46759766632286,1.4256941389675046,33.682425846188245,18.34571441724687,120.4618118231047,21.351735019353544,1,frame,1800
extra_new_pure_jpg/vids_good/Img 5440.mp4#f00000,Img 5440.mp4,train,0,100_0,pure_new_14,cycling,SVI_colored,126.69252562081198,154.43414958612536,25.459031336223887,36.33117363027198,213.54343220338984,154.43414958612536,0.4758928523356538,11.262700785192656,13.120757081941711,131.33208513992906,11.855124896450873,1,frame,0
extra_new_pure_jpg/vids_good/Img 5440.mp4#f00050,Img 5440.mp4,train,0,100_0,pure_new_14,cycling,SVI_colored,60.48578011543474,108.47265406814374,88.49899925525973,76.53621299571775,115.65049571774344,110.92433904300876,7.790542588353647,7.049781789441944,21.426749422558064,91.78595699124932,14.13482079050722,1,frame,50
extra_new_pure_jpg/vids_good/Img 5440.mp4#f00200,Img 5440.mp4,train,0,100_0,pure_new_14,cycling,SVI_colored,139.49070447609358,83.96939216683622,15.580925737538148,16.498397761953203,227.78448626653105,139.49070447609358,1.0584026412678702,16.6645695212981,12.91147336747332,92.69593082400814,13.637371933349948,1,frame,200
extra_new_pure_jpg/vids_good/Img 5440.mp4#f00300,Img 5440.mp4,train,0,100_0,pure_new_14,cycling,SVI_colored,41.74400631731566,47.04879090720795,77.14018485915493,114.7804473902237,111.1875,77.14018485915493,1.9199101915635688,17.620414465300072,36.07407295220519,48.90763514913007,16.64458863692844,1,frame,300
extra_new_pure_jpg/vids_good/Img 5440.mp4#f00450,Img 5440.mp4,train,0,100_0,pure_new_14,cycling,SVI_colored,97.9581679548778,142.3266137455609,24.67014831836223,41.35327449341968,212.28419417171503,142.3266137455609,1.1816054722382268,14.601826065236596,18.977147342181865,115.65888082306246,16.387684443549414,1,frame,450
extra_new_pure_jpg/vids_good/Img 5440.mp4#f00550,Img 5440.mp4,train,0,100_0,pure_new_14,cycling,SVI_colored,176.44500348999534,134.56406403495166,71.14579132413009,17.972529212553642,156.86994596970166,176.44500348999534,1.3294759995354657,50.84418230561119,18.065596514111284,139.7477961325681,25.277614061897296,1,frame,550
extra_new_pure_jpg/vids_good/Img 5440.mp4#f00700,Img 5440.mp4,train,0,100_0,pure_new_14,cycling,SVI_colored,170.57104322339603,171.01979998711673,38.29114596753414,30.132705810358157,201.6035412909044,175.35792160525637,2.440337212887219,25.34718449216442,21.72582357398288,155.6894002834321,21.703686197906844,1,frame,700
extra_new_pure_jpg/vids_good/Img 5440.mp4#f00750,Img 5440.mp4,train,0,100_0,pure_new_14,cycling,SVI_colored,30.418696466809426,43.70469753747324,85.660755710207,112.0651766595289,165.22332262669522,85.660755710207,2.1421404999864517,8.863576750643139,34.08081891498057,44.427886331192006,16.293978303500943,1,frame,750
extra_new_pure_jpg/vids_good/Img 5440.mp4#f00850,Img 5440.mp4,train,0,100_0,pure_new_14,cycling,SVI_colored,46.6327976316346,87.55249524212307,81.23340029604567,83.04001903150773,125.66846849228166,92.82078663565235,8.424840627947805,8.756730586721245,28.705906147015007,74.63026009727216,15.656507208505657,1,frame,850
extra_new_pure_jpg/vids_good/Img 5440.mp4#f00900,Img 5440.mp4,train,0,100_0,pure_new_14,cycling,SVI_colored,153.38914989641907,182.57566957679788,81.33711074939988,38.78481676038275,146.15122611883857,182.58041292624375,3.3214665796421365,35.23948152901553,27.19116250449433,162.24885526618658,24.991852683406822,1,frame,900
extra_new_pure_jpg/vids_good/Img 5440.mp4#f01000,Img 5440.mp4,train,0,100_0,pure_new_14,cycling,SVI_colored,58.50818014705882,39.395680147058826,24.800245098039216,12.52578125,153.36236213235293,58.50818014705882,8.872207350390596,21.92813411171391,23.32540797820909,43.52981004901961,19.05398917596628,1,frame,1000
extra_new_pure_jpg/vids_good/Img 5440.mp4#f01100,Img 5440.mp4,train,0,100_0,pure_new_14,cycling,SVI_colored,118.7837293243622,76.74048570227082,20.09516049901878,18.021867115222875,214.57812938043173,118.7841498458088,12.696558535466322,32.285594997275304,12.738649761624789,82.8266750770956,12.492394286813772,1,frame,1100
extra_new_pure_jpg/vids_good/Img 5440.mp4#f01150,Img 5440.mp4,train,0,100_0,pure_new_14,cycling,SVI_colored,153.50670811518324,107.1512107329843,20.64392997382199,19.523543848167535,221.7680137434555,153.50670811518324,1.5822255951065645,21.65490648596852,11.30210392664702,111.15726439790576,12.079999191829293,1,frame,1150
extra_new_pure_jpg/vids_good/Img 5440.mp4#f01400,Img 5440.mp4,train,0,100_0,pure_new_14,cycling,SVI_colored,59.91167014250956,112.15919360444909,81.12495655196385,71.87404414320473,119.714372610358,112.71941258255129,5.790942304363701,5.475953395215297,13.783414334196047,93.04110184219674,11.056229356332397,1,frame,1400
extra_new_pure_jpg/vids_good/Img 5440.mp4#f01500,Img 5440.mp4,train,0,100_0,pure_new_14,cycling,SVI_colored,52.8261404293381,102.06133224011133,43.18012075134168,55.5928493341284,161.17532548201152,102.34045169946332,9.27688524408924,19.702893644891777,16.500351950936473,80.60198022261976,15.034186695095675,1,frame,1500
extra_new_pure_jpg/vids_good/Img 5440.mp4#f01550,Img 5440.mp4,train,0,100_0,pure_new_14,cycling,SVI_colored,157.63238928595285,106.67146483200855,35.69708102331174,17.567338521140872,202.623267483802,157.63238928595285,1.6395160205386086,43.87625233358719,21.69266224740717,113.78917156502573,28.21538913360366,1,frame,1550
extra_new_pure_jpg/vids_good/Img 5440.mp4#f01650,Img 5440.mp4,train,0,100_0,pure_new_14,cycling,SVI_colored,56.7547311670212,43.19590332281963,58.91515073718184,155.0019071370938,72.11341047458373,62.79622973666838,14.337789607969553,21.45424638915577,26.77397498573879,49.02162033301548,12.123629269538585,1,frame,1650
extra_new_pure_jpg/vids_good/Img 5440.mp4#f01700,Img 5440.mp4,train,0,100_0,pure_new_14,cycling,SVI_colored,156.01991673029204,148.2578199560985,23.885372924222175,28.151221607176943,216.06338876694025,156.06360350257685,0.5628464120425425,3.654289648850241,8.209014841905692,136.3167290990647,8.374937858755013,1,frame,1700
extra_new_pure_jpg/vids_good/Img 5440.mp4#f01750,Img 5440.mp4,train,0,100_0,pure_new_14,cycling,SVI_colored,28.822383961873182,38.33355263157895,68.52596871114795,112.27428512225444,146.05015540820554,68.52596871114795,1.76719125635157,10.409064515853563,23.3042267886004,38.89745648570244,9.854226867108247,1,frame,1750
extra_new_pure_jpg/vids_good/Img 5440.mp4#f01800,Img 5440.mp4,train,0,100_0,pure_new_14,cycling,SVI_colored,148.7009461105511,159.7450699344758,26.059103032594088,32.48294690860215,213.6477234543011,159.7450699344758,0.7009640911826654,5.535260705764502,14.364624672691477,141.1977749075941,12.439097902714057,1,frame,1800
extra_new_pure_jpg/vids_good/Img 5461.mp4#f00050,Img 5461.mp4,train,0,100_0,pure_new_15,ambient,ambient,144.99182062417194,111.22091675253938,21.466196820256148,21.518658913587515,218.6620050051524,144.99182062417194,2.0015224950900885,22.004602647733734,26.18757670843869,111.07366958633888,25.36197050968857,1,frame,50
extra_new_pure_jpg/vids_good/Img 5461.mp4#f00100,Img 5461.mp4,train,0,100_0,pure_new_15,ambient,ambient,145.9700019872814,112.39551868044516,21.87985890302067,21.604024244833067,218.25571343402223,145.9700019872814,2.037279180785361,23.055759080463726,26.008682289031118,112.10508744038157,25.42442637759747,1,frame,100
extra_new_pure_jpg/vids_good/Img 5461.mp4#f00150,Img 5461.mp4,train,0,100_0,pure_new_15,ambient,ambient,145.73636655260907,112.14650342172796,22.133917878528656,21.585981608212148,217.97504277159965,145.73636655260907,1.9451377765396525,23.933324868081183,25.810772364103965,111.9181993156544,25.218998073345503,1,frame,150
extra_new_pure_jpg/vids_good/Img 5461.mp4#f00300,Img 5461.mp4,train,0,100_0,pure_new_15,ambient,ambient,151.94615531752103,120.04150726855394,30.764668611323643,21.91246652639633,208.1885998469778,151.94615531752103,1.710950402682773,47.24602735988808,25.41615364394045,119.39835979342004,28.8053922021338,1,frame,300
extra_new_pure_jpg/vids_good/Img 5461.mp4#f00400,Img 5461.mp4,train,0,100_0,pure_new_15,ambient,ambient,150.3757683863886,117.84069703622392,25.477483534577388,22.029912184412733,214.80978320526893,150.3757683863886,1.729580538659255,34.37501542252416,23.625645382600226,117.0409165751921,25.13742961295523,1,frame,400
extra_new_pure_jpg/vids_good/Img 5461.mp4#f00550,Img 5461.mp4,train,0,100_0,pure_new_15,ambient,ambient,154.1781845042679,122.28017618734953,26.33408568614577,22.4302910921427,214.30317082512585,154.17829393740425,1.3938451387095308,34.65811308792221,18.618310842912173,120.90932096738892,21.305178219468065,1,frame,550
extra_new_pure_jpg/vids_good/Img 5461.mp4#f00650,Img 5461.mp4,train,0,100_0,pure_new_15,ambient,ambient,152.74513920198376,120.98290971596032,24.0009158025248,22.540154418394952,216.7964100541028,152.74513920198376,1.1902394124428228,26.53932404718421,15.619668081705566,119.4643823264202,17.69192545192517,1,frame,650
extra_new_pure_jpg/vids_good/Img 5461.mp4#f00700,Img 5461.mp4,train,0,100_0,pure_new_15,ambient,ambient,145.87871374675785,112.78345319500116,21.31286842725772,21.96837420419712,219.2946975949069,145.87871374675785,1.157590635236626,22.794512647325647,15.727290761458889,112.29487443999056,17.03571849639204,1,frame,700
extra_new_pure_jpg/vids_good/Img 5461.mp4#f00750,Img 5461.mp4,train,0,100_0,pure_new_15,ambient,ambient,140.2630263780459,105.74812219067896,19.957727111426543,21.34641885497989,220.16472971374495,140.2630263780459,0.9391747531942284,21.431557420120075,13.867634013111722,106.34434882895673,14.887772868802672,1,frame,750
extra_new_pure_jpg/vids_good/Img 5461.mp4#f00850,Img 5461.mp4,train,0,100_0,pure_new_15,ambient,ambient,124.12910315040652,89.74714176829268,17.7958587398374,20.28313008130081,220.5507494918699,124.12910315040652,0.9887810510010254,23.73800597223481,16.52645272873929,91.8102769308943,16.660791705638573,1,frame,850
extra_new_pure_jpg/vids_good/Img 5461.mp4#f01000,Img 5461.mp4,train,0,100_0,pure_new_15,ambient,ambient,115.2880575307046,83.64217032967034,16.863404977375566,20.245273109243698,220.30827811893988,115.2880575307046,1.2346659165180438,26.683593987663546,21.09318555751414,85.4315004848093,20.056032992596744,1,frame,1000
extra_new_pure_jpg/vids_good/Img 5461.mp4#f01050,Img 5461.mp4,train,0,100_0,pure_new_15,ambient,ambient,109.7309326171875,78.7945068359375,16.441845703125,20.00135498046875,220.0748046875,109.7309326171875,1.068885051757989,27.561746995116085,18.71777609135248,80.8487548828125,18.711020704733464,1,frame,1050
extra_new_pure_jpg/vids_good/Img 5461.mp4#f01150,Img 5461.mp4,train,0,100_0,pure_new_15,ambient,ambient,146.10715020576131,114.23559670781891,34.354153806584364,21.400218621399176,201.7508101851852,146.10720164609054,1.437204953991149,55.81813208037658,22.021626566029585,114.68878600823044,28.228567341685693,1,frame,1150
extra_new_pure_jpg/vids_good/Img 5461.mp4#f01200,Img 5461.mp4,train,0,100_0,pure_new_15,ambient,ambient,135.68461338254778,104.52220565966309,36.01731970471323,20.5689120764717,196.849375354912,135.68461338254778,1.3990435537388697,62.75640366612144,24.34702886490701,106.02428780995646,30.99547647648953,1,frame,1200
extra_new_pure_jpg/vids_good/Img 5461.mp4#f01300,Img 5461.mp4,train,0,100_0,pure_new_15,ambient,ambient,214.9022630834512,212.90417256011315,210.5002121640736,16.813201320132013,5.402663837812352,214.9022630834512,10.779050314290178,0.8566391984498336,1.9482416469589992,212.90931164545023,1.9452163419945936,1,frame,1300
extra_new_pure_jpg/vids_good/Img 5461.mp4#f01350,Img 5461.mp4,train,0,100_0,pure_new_15,ambient,ambient,161.6456832102324,131.53736939290218,30.41915871014232,23.023588092235634,210.19551657359037,161.64572824716268,1.953682457762943,40.623445725668375,17.623727449743818,129.03166096198882,21.46544644367102,1,frame,1350
extra_new_pure_jpg/vids_good/Img 5461.mp4#f01450,Img 5461.mp4,train,0,100_0,pure_new_15,ambient,ambient,154.80011290047716,122.967120398773,24.66205478868439,22.560423057259715,216.28411511588277,154.80011290047716,1.383418410284528,28.360190459855232,18.64477738290297,121.30234960804364,19.951673518196,1,frame,1450
extra_new_pure_jpg/vids_good/Img 5461.mp4#f01600,Img 5461.mp4,train,0,100_0,pure_new_15,ambient,ambient,159.45345392010609,128.03082007293222,30.70899635338969,22.488293552129957,209.3414138902702,159.4534953588596,2.0424965966782573,42.98936029123424,22.04384072096816,126.3272107575004,25.358632700664494,1,frame,1600
extra_new_pure_jpg/vids_good/Img 5461.mp4#f01800,Img 5461.mp4,train,0,100_0,pure_new_15,ambient,ambient,154.9780869295891,123.80691203799296,30.239559673755934,22.28918026016932,209.43186041709683,154.9780869295891,1.91355095975513,43.49568680437017,25.171283667489305,122.46543981003512,27.934423539386763,1,frame,1800
extra_new_pure_jpg/vids_good/Img 5462.mp4#f00000,Img 5462.mp4,train,0,100_0,pure_new_15,cycling,SVI_colored,34.9188825311343,42.26876472568159,85.67090205318075,115.5981992595086,151.65396751935376,85.67090205318075,1.251737313872692,10.494778709875591,22.63881669538812,44.98434870414002,12.564036876084415,1,frame,0
extra_new_pure_jpg/vids_good/Img 5462.mp4#f00050,Img 5462.mp4,train,0,100_0,pure_new_15,cycling,SVI_colored,119.01587648705387,137.6411389083275,22.628761371588524,34.911301609517146,213.32745801259625,137.6411389083275,0.3272202826390771,6.409764606182471,18.107889651536127,119.02759797060882,15.71584345661594,1,frame,50
extra_new_pure_jpg/vids_good/Img 5462.mp4#f00200,Img 5462.mp4,train,0,100_0,pure_new_15,cycling,SVI_colored,58.3949357912179,106.93601560342448,62.33038180060757,62.28783485225076,120.53293289146644,107.72992612537972,7.861858855809265,7.412842978596164,19.071869640382403,87.26451601767468,14.56400638209723,1,frame,200
extra_new_pure_jpg/vids_good/Img 5462.mp4#f00300,Img 5462.mp4,train,0,100_0,pure_new_15,cycling,SVI_colored,135.6392505943376,95.09202777177435,18.17965204236006,19.873162956559327,222.56730873135945,135.6392505943376,7.1741220606927465,26.2945066110822,14.73017273434155,98.35644045818024,15.010554895897869,1,frame,300
extra_new_pure_jpg/vids_good/Img 5462.mp4#f00450,Img 5462.mp4,train,0,100_0,pure_new_15,cycling,SVI_colored,54.14099560061209,107.33767693190512,74.4294902448355,71.22671193573068,127.72243209640398,108.25380164498851,6.163724177016028,6.007685467302903,17.980998944915694,87.72592291507269,13.254318613074338,1,frame,450
extra_new_pure_jpg/vids_good/Img 5462.mp4#f00550,Img 5462.mp4,train,0,100_0,pure_new_15,cycling,SVI_colored,106.2040597128562,87.3609011311725,41.735710789645424,24.20943006308462,158.86779421361757,106.77600881009354,19.153959993313237,26.281943291275688,15.064733580850554,87.76801446595606,13.142031834746652,1,frame,550
extra_new_pure_jpg/vids_good/Img 5462.mp4#f00700,Img 5462.mp4,train,0,100_0,pure_new_15,cycling,SVI_colored,24.4875,33.82721193415638,75.65982510288066,114.44336419753088,173.49799382716049,75.65982510288066,1.9356898683769344,8.742250894808546,19.61563388646324,35.73677983539095,10.28051415629504,1,frame,700
extra_new_pure_jpg/vids_good/Img 5462.mp4#f00750,Img 5462.mp4,train,0,100_0,pure_new_15,cycling,SVI_colored,90.41395566239316,130.39264155982906,20.875040064102564,40.98970352564103,214.8821314102564,130.39264155982906,0.5915296588647349,11.559194602514474,18.5540605888917,105.94764957264957,15.697587286339369,1,frame,750
extra_new_pure_jpg/vids_good/Img 5462.mp4#f00800,Img 5462.mp4,train,0,100_0,pure_new_15,cycling,SVI_colored,48.05603486319506,92.02099514563106,78.23282215357457,80.60834068843778,124.006299646955,93.24689982347748,5.812611542115642,9.632457566929762,19.67436684677262,77.26380185348631,14.488572982319674,1,frame,800
extra_new_pure_jpg/vids_good/Img 5462.mp4#f00850,Img 5462.mp4,train,0,100_0,pure_new_15,cycling,SVI_colored,111.4545535459983,103.19266234690971,17.026986613500426,27.283786670464256,217.6113464824836,111.45526559384793,1.259469068472601,17.068573021363495,18.74208538094825,95.82827185986898,17.94112234571141,1,frame,850
extra_new_pure_jpg/vids_good/Img 5462.mp4#f01050,Img 5462.mp4,train,0,100_0,pure_new_15,cycling,SVI_colored,27.010651210244863,32.49549676329862,59.54025647340276,114.66865149169716,140.72794117647058,59.54025647340276,1.9282991375140877,21.181028836892654,21.69183340945955,33.85981916690121,12.496058271658471,1,frame,1050
extra_new_pure_jpg/vids_good/Img 5462.mp4#f01150,Img 5462.mp4,train,0,100_0,pure_new_15,cycling,SVI_colored,26.0629806011884,41.81732057555633,70.16600401957358,109.06664336479086,160.79758679948736,70.16600401957358,2.521465114027146,9.231150170126469,19.62687757688767,40.29949464056857,10.534403051586192,1,frame,1150
extra_new_pure_jpg/vids_good/Img 5462.mp4#f01250,Img 5462.mp4,train,0,100_0,pure_new_15,cycling,SVI_colored,65.37727797001153,96.67762399077276,52.724538638985,51.90037485582468,122.62693194925028,97.23950403690888,8.68940344730836,13.846011386033677,17.044262869223004,82.26539792387543,13.344910750922107,1,frame,1250
extra_new_pure_jpg/vids_good/Img 5462.mp4#f01350,Img 5462.mp4,train,0,100_0,pure_new_15,cycling,SVI_colored,129.9654959988289,102.20907948667904,18.265949790182493,22.52413511271592,220.5181211574119,129.9654959988289,0.957341623857351,20.370665846867965,13.788262370286889,100.83169464233434,14.245872131238492,1,frame,1350
extra_new_pure_jpg/vids_good/Img 5462.mp4#f01450,Img 5462.mp4,train,0,100_0,pure_new_15,cycling,SVI_colored,143.40356943280247,151.1086197261805,25.168474084939927,31.826583892148644,213.12636211232189,151.120180217938,0.826280485581367,9.54935785623974,17.630974630197336,134.4750279407656,15.44306656295626,1,frame,1450
extra_new_pure_jpg/vids_good/Img 5462.mp4#f01500,Img 5462.mp4,train,0,100_0,pure_new_15,cycling,SVI_colored,30.99038966725044,55.5829465849387,70.66324430823117,100.8679509632224,143.12580998248686,70.66355078809107,3.463417398272,9.692746906907836,17.885716762250112,49.92248248686515,10.164621897573047,1,frame,1500
extra_new_pure_jpg/vids_good/Img 5462.mp4#f01550,Img 5462.mp4,train,0,100_0,pure_new_15,cycling,SVI_colored,95.64417219136357,118.84597294391686,19.35504389894284,36.94280818849669,214.6830429134564,118.84597294391686,0.9763882915116674,14.396209672473969,18.065723297661755,100.53272263035298,15.554334968907073,1,frame,1550
extra_new_pure_jpg/vids_good/Img 5462.mp4#f01600,Img 5462.mp4,train,0,100_0,pure_new_15,cycling,SVI_colored,69.09981377180233,131.62247910610466,63.593908975290695,57.967387354651166,139.3703102289244,132.0582985101744,7.30350826158164,11.910250623579506,18.420730048130427,105.09613462936046,15.501884191110689,1,frame,1600
extra_new_pure_jpg/vids_good/Img 5462.mp4#f01700,Img 5462.mp4,train,0,100_0,pure_new_15,cycling,SVI_colored,138.20808494783904,85.22928051001821,24.89749958602417,20.220359331015068,212.7832319092565,138.31907186620302,24.27725525750924,32.3370647887587,15.338266169094451,94.10177595628416,15.066386988339612,1,frame,1700
extra_new_pure_jpg/vids_good/Img 5462.mp4#f01750,Img 5462.mp4,train,0,100_0,pure_new_15,cycling,SVI_colored,56.92447202413604,45.251999908575606,53.4328830682026,123.6730663741086,62.5519633388188,61.17918038032547,70.57917470296125,20.221908916617416,28.859748754559117,49.674929146096176,16.079528121954045,1,frame,1750
